ISO-10303-21;
HEADER;
FILE_DESCRIPTION (( 'STEP AP214' ),
    '1' );
FILE_NAME ('MP-3014-1100-22-80.STEP',
    '2022-06-03T18:17:52',
    ( '' ),
    ( '' ),
    'SwSTEP 2.0',
    'SolidWorks 2017',
    '' );
FILE_SCHEMA (( 'AUTOMOTIVE_DESIGN' ));
ENDSEC;

DATA;
#1 = EDGE_CURVE ( 'NONE', #2056, #5239, #5421, .T. ) ;
#2 = FILL_AREA_STYLE_COLOUR ( '', #5684 ) ;
#3 = PLANE ( 'NONE',  #6376 ) ;
#4 = ORIENTED_EDGE ( 'NONE', *, *, #4785, .F. ) ;
#5 = DIRECTION ( 'NONE',  ( 1.000000000000000000, 0.0000000000000000000, 3.421742056351799900E-012 ) ) ;
#6 =( BOUNDED_CURVE ( )  B_SPLINE_CURVE ( 3, ( #5870, #382, #5363, #6346 ),
 .UNSPECIFIED., .F., .F. ) 
 B_SPLINE_CURVE_WITH_KNOTS ( ( 4, 4 ),
 ( 2.359992588466062600, 3.923192718714437500 ),
 .UNSPECIFIED. ) 
 CURVE ( )  GEOMETRIC_REPRESENTATION_ITEM ( )  RATIONAL_B_SPLINE_CURVE ( ( 1.000000000000000000, 0.8065248903853383700, 0.8065248903853383700, 1.000000000000000000 ) ) 
 REPRESENTATION_ITEM ( '' )  );
#7 = PRESENTATION_LAYER_ASSIGNMENT (  '', '', ( #121 ) ) ;
#8 = DIRECTION ( 'NONE',  ( 0.0000000000000000000, 0.0000000000000000000, -1.000000000000000000 ) ) ;
#9 = CARTESIAN_POINT ( 'NONE',  ( -1.616339720411100300, 0.09999999999999982500, 3.200000000000071700 ) ) ;
#10 = DIRECTION ( 'NONE',  ( -0.0000000000000000000, -1.000000000000000000, -0.0000000000000000000 ) ) ;
#11 = DIRECTION ( 'NONE',  ( 0.0000000000000000000, 1.000000000000000000, -0.0000000000000000000 ) ) ;
#12 = CARTESIAN_POINT ( 'NONE',  ( -1.099673053744499600, 0.1999999999999996500, 3.200000000000195100 ) ) ;
#13 = SURFACE_STYLE_FILL_AREA ( #4965 ) ;
#14 = ADVANCED_FACE ( 'NONE', ( #3714, #1040 ), #3672, .F. ) ;
#15 = AXIS2_PLACEMENT_3D ( 'NONE', #4774, #3280, #1749 ) ;
#16 = VECTOR ( 'NONE', #4136, 1000.000000000000100 ) ;
#17 = EDGE_LOOP ( 'NONE', ( #605, #4303, #4120, #4344 ) ) ;
#18 = EDGE_CURVE ( 'NONE', #711, #4141, #5118, .T. ) ;
#19 =( NAMED_UNIT ( * ) PLANE_ANGLE_UNIT ( ) SI_UNIT ( $, .RADIAN. ) );
#20 = LINE ( 'NONE', #2674, #4328 ) ;
#21 = CARTESIAN_POINT ( 'NONE',  ( 0.6836602795889643600, 0.1999999999999996500, 2.000000000000023100 ) ) ;
#22 = DIRECTION ( 'NONE',  ( 0.0000000000000000000, 0.0000000000000000000, -1.000000000000000000 ) ) ;
#23 = DIRECTION ( 'NONE',  ( 1.000000000000000000, 0.0000000000000000000, 0.0000000000000000000 ) ) ;
#24 = ORIENTED_EDGE ( 'NONE', *, *, #477, .F. ) ;
#25 = LINE ( 'NONE', #694, #5193 ) ;
#26 = CARTESIAN_POINT ( 'NONE',  ( -1.408647412718748300, 0.1999999999999996500, 1.981538461538457700 ) ) ;
#27 = EDGE_CURVE ( 'NONE', #5323, #3840, #2883, .T. ) ;
#28 = CARTESIAN_POINT ( 'NONE',  ( -1.916339720410885800, 0.09999999999999982500, 3.000000000000136800 ) ) ;
#29 = CARTESIAN_POINT ( 'NONE',  ( -0.04133972041094448300, 0.1999999999999996500, 3.200000000000182300 ) ) ;
#30 = COLOUR_RGB ( '',1.000000000000000000, 1.000000000000000000, 1.000000000000000000 ) ;
#31 = EDGE_LOOP ( 'NONE', ( #4108, #6183, #4194, #3700, #2031, #4181, #596, #6069, #4083, #5276, #5219, #5223, #3375, #1005, #2965, #1269, #3518, #657, #6039, #4526, #4797, #4609, #3790 ) ) ;
#32 = DIRECTION ( 'NONE',  ( 0.0000000000000000000, -1.000000000000000000, 0.0000000000000000000 ) ) ;
#33 = ORIENTED_EDGE ( 'NONE', *, *, #2874, .T. ) ;
#34 = CARTESIAN_POINT ( 'NONE',  ( -1.616339720411101000, 0.09999999999999982500, 3.000000000000136800 ) ) ;
#35 = EDGE_CURVE ( 'NONE', #5910, #3972, #492, .T. ) ;
#36 = FILL_AREA_STYLE ('',( #98 ) ) ;
#37 = CARTESIAN_POINT ( 'NONE',  ( -2.216339720411125900, 0.1999999999999996500, 2.425000000000091300 ) ) ;
#38 = DIRECTION ( 'NONE',  ( -1.000000000000000000, 0.0000000000000000000, 0.0000000000000000000 ) ) ;
#39 = SURFACE_STYLE_USAGE ( .BOTH. , #5607 ) ;
#40 = VERTEX_POINT ( 'NONE', #5114 ) ;
#41 = STYLED_ITEM ( 'NONE', ( #6372 ), #2080 ) ;
#42 = SURFACE_SIDE_STYLE ('',( #3291 ) ) ;
#43 = LINE ( 'NONE', #1691, #5515 ) ;
#44 = ORIENTED_EDGE ( 'NONE', *, *, #2630, .F. ) ;
#45 =( BOUNDED_CURVE ( )  B_SPLINE_CURVE ( 3, ( #4124, #3176, #5698, #3706 ),
 .UNSPECIFIED., .F., .T. ) 
 B_SPLINE_CURVE_WITH_KNOTS ( ( 4, 4 ),
 ( 2.359992588466105300, 3.923192718713962800 ),
 .UNSPECIFIED. ) 
 CURVE ( )  GEOMETRIC_REPRESENTATION_ITEM ( )  RATIONAL_B_SPLINE_CURVE ( ( 1.000000000000000000, 0.8065248903854600500, 0.8065248903854600500, 1.000000000000000000 ) ) 
 REPRESENTATION_ITEM ( '' )  );
#46 =( NAMED_UNIT ( * ) SI_UNIT ( $, .STERADIAN. ) SOLID_ANGLE_UNIT ( ) );
#47 = CARTESIAN_POINT ( 'NONE',  ( -0.3913397204108532400, 0.09999999999999982500, 3.199999999999954900 ) ) ;
#48 = CARTESIAN_POINT ( 'NONE',  ( 0.4836602795891468700, 0.09999999999999982500, 3.000000000000136800 ) ) ;
#49 = SURFACE_STYLE_FILL_AREA ( #1522 ) ;
#50 = CARTESIAN_POINT ( 'NONE',  ( 0.7836602795888739600, 0.09999999999999982500, 2.424999999999636600 ) ) ;
#51 = PRESENTATION_LAYER_ASSIGNMENT (  '', '', ( #3536 ) ) ;
#52 = FACE_OUTER_BOUND ( 'NONE', #3032, .T. ) ;
#53 = LINE ( 'NONE', #2535, #3826 ) ;
#54 = EDGE_LOOP ( 'NONE', ( #2451, #1489, #1798, #4820 ) ) ;
#55 = PRESENTATION_STYLE_ASSIGNMENT (( #5585 ) ) ;
#56 = FILL_AREA_STYLE_COLOUR ( '', #1530 ) ;
#57 = PLANE ( 'NONE',  #1248 ) ;
#58 = CARTESIAN_POINT ( 'NONE',  ( -1.583006387077915600, 0.1999999999999996500, 1.799999999999975200 ) ) ;
#59 = STYLED_ITEM ( 'NONE', ( #5852 ), #6383 ) ;
#60 = VERTEX_POINT ( 'NONE', #2606 ) ;
#61 = ORIENTED_EDGE ( 'NONE', *, *, #663, .T. ) ;
#62 = CARTESIAN_POINT ( 'NONE',  ( -1.066339720411490400, 0.09999999999999982500, 2.900000000000227700 ) ) ;
#63 = PRESENTATION_LAYER_ASSIGNMENT (  '', '', ( #5542 ) ) ;
#64 = CYLINDRICAL_SURFACE ( 'NONE', #2015, 0.1000000000002411700 ) ;
#65 = CYLINDRICAL_SURFACE ( 'NONE', #1750, 0.09999999999990918900 ) ;
#66 = EDGE_CURVE ( 'NONE', #595, #1695, #6110, .T. ) ;
#67 = DIRECTION ( 'NONE',  ( 1.000000000000000000, 0.0000000000000000000, 0.0000000000000000000 ) ) ;
#68 = ORIENTED_EDGE ( 'NONE', *, *, #932, .F. ) ;
#69 = ORIENTED_EDGE ( 'NONE', *, *, #1937, .F. ) ;
#70 = PRESENTATION_STYLE_ASSIGNMENT (( #1275 ) ) ;
#71 = DIRECTION ( 'NONE',  ( 0.0000000000000000000, 1.000000000000000000, 0.0000000000000000000 ) ) ;
#72 = DIRECTION ( 'NONE',  ( -0.0000000000000000000, -1.000000000000000000, 0.0000000000000000000 ) ) ;
#73 = ORIENTED_EDGE ( 'NONE', *, *, #4666, .T. ) ;
#74 = EDGE_LOOP ( 'NONE', ( #3905, #2385, #6094, #312 ) ) ;
#75 = AXIS2_PLACEMENT_3D ( 'NONE', #4827, #353, #5319 ) ;
#76 = ORIENTED_EDGE ( 'NONE', *, *, #4434, .F. ) ;
#77 = ORIENTED_EDGE ( 'NONE', *, *, #3275, .T. ) ;
#78 = DIRECTION ( 'NONE',  ( -0.0000000000000000000, -1.000000000000000000, 0.0000000000000000000 ) ) ;
#79 = FILL_AREA_STYLE ('',( #5078 ) ) ;
#80 = CARTESIAN_POINT ( 'NONE',  ( -1.583006387077915400, 0.09999999999999982500, 1.900000000000000400 ) ) ;
#81 = PRESENTATION_LAYER_ASSIGNMENT (  '', '', ( #3442 ) ) ;
#82 = DIRECTION ( 'NONE',  ( -0.0000000000000000000, -1.000000000000000000, 0.0000000000000000000 ) ) ;
#83 = CARTESIAN_POINT ( 'NONE',  ( -0.9663397204111273700, 0.09999999999999982500, 2.900000000000229100 ) ) ;
#84 = ORIENTED_EDGE ( 'NONE', *, *, #3182, .T. ) ;
#85 = EDGE_CURVE ( 'NONE', #2932, #3501, #648, .T. ) ;
#86 = UNCERTAINTY_MEASURE_WITH_UNIT (LENGTH_MEASURE( 1.000000000000000100E-005 ), #1403, 'distance_accuracy_value', 'NONE');
#87 = CARTESIAN_POINT ( 'NONE',  ( -0.04133972041139898100, 0.1999999999999996500, 1.900000000000000400 ) ) ;
#88 =( NAMED_UNIT ( * ) PLANE_ANGLE_UNIT ( ) SI_UNIT ( $, .RADIAN. ) );
#89 = VERTEX_POINT ( 'NONE', #1083 ) ;
#90 = PRESENTATION_LAYER_ASSIGNMENT (  '', '', ( #6312 ) ) ;
#91 = DIRECTION ( 'NONE',  ( 0.0000000000000000000, 0.0000000000000000000, 1.000000000000000000 ) ) ;
#92 = LINE ( 'NONE', #3610, #788 ) ;
#93 = EDGE_LOOP ( 'NONE', ( #76, #2371, #3781, #3337 ) ) ;
#94 = FACE_OUTER_BOUND ( 'NONE', #1242, .T. ) ;
#95 = STYLED_ITEM ( 'NONE', ( #479 ), #5392 ) ;
#96 = MECHANICAL_DESIGN_GEOMETRIC_PRESENTATION_REPRESENTATION (  '', ( #5057 ), #2478 ) ;
#97 = EDGE_CURVE ( 'NONE', #1958, #5809, #961, .T. ) ;
#98 = FILL_AREA_STYLE_COLOUR ( '', #808 ) ;
#99 = VECTOR ( 'NONE', #4932, 1000.000000000000000 ) ;
#100 = ORIENTED_EDGE ( 'NONE', *, *, #4304, .F. ) ;
#101 = ADVANCED_FACE ( 'NONE', ( #1358 ), #5648, .F. ) ;
#102 =( LENGTH_UNIT ( ) NAMED_UNIT ( * ) SI_UNIT ( .MILLI., .METRE. ) );
#103 = VECTOR ( 'NONE', #4649, 1000.000000000000000 ) ;
#104 = ORIENTED_EDGE ( 'NONE', *, *, #3823, .T. ) ;
#105 = CARTESIAN_POINT ( 'NONE',  ( -1.716339720411126100, 0.09999999999999982500, 2.000000000000137200 ) ) ;
#106 = EDGE_CURVE ( 'NONE', #212, #4883, #333, .T. ) ;
#107 = SURFACE_STYLE_USAGE ( .BOTH. , #4588 ) ;
#108 = CARTESIAN_POINT ( 'NONE',  ( -1.066339720411035000, 0.09999999999999982500, 2.100000000000046300 ) ) ;
#109 = SURFACE_STYLE_USAGE ( .BOTH. , #3105 ) ;
#110 = LINE ( 'NONE', #1586, #2895 ) ;
#111 = MECHANICAL_DESIGN_GEOMETRIC_PRESENTATION_REPRESENTATION (  '', ( #5599 ), #5835 ) ;
#112 = LINE ( 'NONE', #1602, #3262 ) ;
#113 = ORIENTED_EDGE ( 'NONE', *, *, #27, .T. ) ;
#114 = DIRECTION ( 'NONE',  ( -1.000000000000000000, 0.0000000000000000000, 0.0000000000000000000 ) ) ;
#115 = EDGE_CURVE ( 'NONE', #2087, #790, #5955, .T. ) ;
#116 = DIRECTION ( 'NONE',  ( 0.0000000000000000000, 0.0000000000000000000, -1.000000000000000000 ) ) ;
#117 = CARTESIAN_POINT ( 'NONE',  ( -1.266339720411308300, 0.09999999999999982500, 2.980000000000326400 ) ) ;
#118 = CARTESIAN_POINT ( 'NONE',  ( -0.3913397204113083800, 0.09999999999999982500, 1.900000000000000400 ) ) ;
#119 = CARTESIAN_POINT ( 'NONE',  ( -0.3913397204113079300, 0.1999999999999996500, 3.100000000000045800 ) ) ;
#120 = ORIENTED_EDGE ( 'NONE', *, *, #223, .T. ) ;
#121 = STYLED_ITEM ( 'NONE', ( #1194 ), #2909 ) ;
#122 = SURFACE_STYLE_USAGE ( .BOTH. , #2616 ) ;
#123 = CARTESIAN_POINT ( 'NONE',  ( 0.7836602795884191100, 0.1999999999999996500, 2.675000000000091300 ) ) ;
#124 = FACE_OUTER_BOUND ( 'NONE', #4156, .T. ) ;
#125 = VERTEX_POINT ( 'NONE', #160 ) ;
#126 = CARTESIAN_POINT ( 'NONE',  ( -2.216339720411126400, 0.09999999999999982500, 2.575000000000182300 ) ) ;
#127 = VECTOR ( 'NONE', #2277, 1000.000000000000200 ) ;
#128 = PRESENTATION_LAYER_ASSIGNMENT (  '', '', ( #3667 ) ) ;
#129 =( LENGTH_UNIT ( ) NAMED_UNIT ( * ) SI_UNIT ( .MILLI., .METRE. ) );
#130 = LINE ( 'NONE', #4259, #5074 ) ;
#131 = STYLED_ITEM ( 'NONE', ( #4131 ), #3800 ) ;
#132 = VERTEX_POINT ( 'NONE', #5560 ) ;
#133 = ORIENTED_EDGE ( 'NONE', *, *, #524, .F. ) ;
#134 = EDGE_CURVE ( 'NONE', #2419, #5126, #4734, .T. ) ;
#135 = ORIENTED_EDGE ( 'NONE', *, *, #4038, .F. ) ;
#136 = DIRECTION ( 'NONE',  ( 0.0000000000000000000, 0.0000000000000000000, 1.000000000000000000 ) ) ;
#137 = LINE ( 'NONE', #1092, #1323 ) ;
#138 = CARTESIAN_POINT ( 'NONE',  ( -2.216339720411125900, 0.1999999999999996500, 1.800000000000091300 ) ) ;
#139 = DIRECTION ( 'NONE',  ( 1.000000000000000000, 0.0000000000000000000, 0.0000000000000000000 ) ) ;
#140 = DIRECTION ( 'NONE',  ( -1.000000000000000000, 0.0000000000000000000, 0.0000000000000000000 ) ) ;
#141 = MECHANICAL_DESIGN_GEOMETRIC_PRESENTATION_REPRESENTATION (  '', ( #3883 ), #6405 ) ;
#142 = CARTESIAN_POINT ( 'NONE',  ( -1.716339720410671200, 0.1999999999999996500, 1.800000000000091300 ) ) ;
#143 = AXIS2_PLACEMENT_3D ( 'NONE', #6353, #3839, #892 ) ;
#144 = DIRECTION ( 'NONE',  ( -0.0000000000000000000, 1.000000000000000000, -0.0000000000000000000 ) ) ;
#145 = EDGE_CURVE ( 'NONE', #2216, #4883, #2183, .T. ) ;
#146 = LINE ( 'NONE', #907, #5918 ) ;
#147 = DIRECTION ( 'NONE',  ( 1.000000000000000000, 0.0000000000000000000, 0.0000000000000000000 ) ) ;
#148 = CARTESIAN_POINT ( 'NONE',  ( -1.716339720410899200, 0.09999999999999982500, 3.000000000000136800 ) ) ;
#149 = VECTOR ( 'NONE', #4229, 1000.000000000000000 ) ;
#150 = DIRECTION ( 'NONE',  ( 1.000000000000000000, 0.0000000000000000000, 1.140580685453194500E-012 ) ) ;
#151 = ORIENTED_EDGE ( 'NONE', *, *, #3634, .F. ) ;
#152 = DIRECTION ( 'NONE',  ( -1.000000000000000000, 0.0000000000000000000, -0.0000000000000000000 ) ) ;
#153 = CARTESIAN_POINT ( 'NONE',  ( -0.04133972041139941800, 0.1999999999999996500, 3.100000000000045800 ) ) ;
#154 = SURFACE_STYLE_USAGE ( .BOTH. , #1711 ) ;
#155 = EDGE_LOOP ( 'NONE', ( #5062, #3822, #1122, #973 ) ) ;
#156 = ORIENTED_EDGE ( 'NONE', *, *, #1467, .T. ) ;
#157 = EDGE_CURVE ( 'NONE', #2576, #3501, #5868, .T. ) ;
#158 = CARTESIAN_POINT ( 'NONE',  ( -0.04133972041094448300, 0.1999999999999996500, 1.800000000000091300 ) ) ;
#159 = VERTEX_POINT ( 'NONE', #1677 ) ;
#160 = CARTESIAN_POINT ( 'NONE',  ( -1.866339720411217100, 0.1999999999999996500, 3.200000000000182300 ) ) ;
#161 = UNCERTAINTY_MEASURE_WITH_UNIT (LENGTH_MEASURE( 1.000000000000000100E-005 ), #879, 'distance_accuracy_value', 'NONE');
#162 = DIRECTION ( 'NONE',  ( -0.0000000000000000000, -1.000000000000000000, -0.0000000000000000000 ) ) ;
#163 = MECHANICAL_DESIGN_GEOMETRIC_PRESENTATION_REPRESENTATION (  '', ( #4661 ), #3741 ) ;
#164 = CARTESIAN_POINT ( 'NONE',  ( 0.7836602795888739600, 0.1999999999999996500, 2.424999999999636600 ) ) ;
#165 = SURFACE_STYLE_USAGE ( .BOTH. , #2741 ) ;
#166 = EDGE_CURVE ( 'NONE', #5513, #1154, #1125, .T. ) ;
#167 = LINE ( 'NONE', #3992, #2636 ) ;
#168 = VERTEX_POINT ( 'NONE', #2724 ) ;
#169 = FILL_AREA_STYLE ('',( #4143 ) ) ;
#170 = DIRECTION ( 'NONE',  ( 0.0000000000000000000, 0.0000000000000000000, 1.000000000000000000 ) ) ;
#171 = CARTESIAN_POINT ( 'NONE',  ( -0.9663397204111265900, 0.0000000000000000000, 2.100000000000045800 ) ) ;
#172 = PRESENTATION_LAYER_ASSIGNMENT (  '', '', ( #1401 ) ) ;
#173 = CARTESIAN_POINT ( 'NONE',  ( -1.333006387077914500, 0.09999999999999982500, 1.800000000000091300 ) ) ;
#174 = FACE_OUTER_BOUND ( 'NONE', #365, .T. ) ;
#175 = ORIENTED_EDGE ( 'NONE', *, *, #1659, .F. ) ;
#176 = VECTOR ( 'NONE', #3649, 1000.000000000000000 ) ;
#177 =( NAMED_UNIT ( * ) PLANE_ANGLE_UNIT ( ) SI_UNIT ( $, .RADIAN. ) );
#178 = LINE ( 'NONE', #5348, #3248 ) ;
#179 = AXIS2_PLACEMENT_3D ( 'NONE', #3616, #6085, #2207 ) ;
#180 = EDGE_LOOP ( 'NONE', ( #1815, #5354, #3924, #2921 ) ) ;
#181 = AXIS2_PLACEMENT_3D ( 'NONE', #3597, #71, #4042 ) ;
#182 =( LENGTH_UNIT ( ) NAMED_UNIT ( * ) SI_UNIT ( .MILLI., .METRE. ) );
#183 = EDGE_CURVE ( 'NONE', #1695, #1650, #5799, .T. ) ;
#184 =( LENGTH_UNIT ( ) NAMED_UNIT ( * ) SI_UNIT ( .MILLI., .METRE. ) );
#185 = CARTESIAN_POINT ( 'NONE',  ( -1.066339720411157300, 0.1999999999999996500, 2.100000000000150600 ) ) ;
#186 = ORIENTED_EDGE ( 'NONE', *, *, #3545, .T. ) ;
#187 = PLANE ( 'NONE',  #960 ) ;
#188 = VERTEX_POINT ( 'NONE', #2762 ) ;
#189 = PRESENTATION_STYLE_ASSIGNMENT (( #623 ) ) ;
#190 = PLANE ( 'NONE',  #659 ) ;
#191 = DIRECTION ( 'NONE',  ( -1.000000000000000000, 0.0000000000000000000, 0.0000000000000000000 ) ) ;
#192 = LINE ( 'NONE', #3974, #2499 ) ;
#193 = ORIENTED_EDGE ( 'NONE', *, *, #3275, .F. ) ;
#194 = AXIS2_PLACEMENT_3D ( 'NONE', #5234, #2751, #2269 ) ;
#195 = DIRECTION ( 'NONE',  ( -0.3846153846208045200, 0.0000000000000000000, 0.9230769230746647100 ) ) ;
#196 = UNCERTAINTY_MEASURE_WITH_UNIT (LENGTH_MEASURE( 1.000000000000000100E-005 ), #2632, 'distance_accuracy_value', 'NONE');
#197 = EDGE_LOOP ( 'NONE', ( #4931, #6375, #3481, #5250, #703 ) ) ;
#198 = AXIS2_PLACEMENT_3D ( 'NONE', #5483, #4536, #5504 ) ;
#199 = VECTOR ( 'NONE', #4650, 1000.000000000000100 ) ;
#200 = ORIENTED_EDGE ( 'NONE', *, *, #981, .T. ) ;
#201 = CARTESIAN_POINT ( 'NONE',  ( 0.5556602795888090400, 0.1999999999999996500, 2.772761060381785400 ) ) ;
#202 = CARTESIAN_POINT ( 'NONE',  ( -1.789100780792501700, 0.2000000000000005100, 2.972000000000326400 ) ) ;
#203 = EDGE_CURVE ( 'NONE', #1579, #4682, #3795, .T. ) ;
#204 =( NAMED_UNIT ( * ) SI_UNIT ( $, .STERADIAN. ) SOLID_ANGLE_UNIT ( ) );
#205 = FILL_AREA_STYLE ('',( #713 ) ) ;
#206 = PLANE ( 'NONE',  #919 ) ;
#207 = FACE_BOUND ( 'NONE', #3282, .T. ) ;
#208 = EDGE_LOOP ( 'NONE', ( #2038, #2514, #854, #5179 ) ) ;
#209 = LINE ( 'NONE', #994, #4210 ) ;
#210 = ORIENTED_EDGE ( 'NONE', *, *, #4825, .T. ) ;
#211 = CIRCLE ( 'NONE', #5802, 0.09999999999968171800 ) ;
#212 = VERTEX_POINT ( 'NONE', #2302 ) ;
#213 = CARTESIAN_POINT ( 'NONE',  ( 0.5556602795888085900, 0.1999999999999996500, 2.227238939618960700 ) ) ;
#214 = FACE_OUTER_BOUND ( 'NONE', #721, .T. ) ;
#215 = CIRCLE ( 'NONE', #363, 0.09999999999990918900 ) ;
#216 = VECTOR ( 'NONE', #6341, 1000.000000000000000 ) ;
#217 = LINE ( 'NONE', #6323, #5083 ) ;
#218 = VERTEX_POINT ( 'NONE', #202 ) ;
#219 = CARTESIAN_POINT ( 'NONE',  ( -1.916339720411399400, 0.0000000000000000000, 2.100000000000045800 ) ) ;
#220 = STYLED_ITEM ( 'NONE', ( #660 ), #4389 ) ;
#221 = SURFACE_STYLE_FILL_AREA ( #1549 ) ;
#222 = CIRCLE ( 'NONE', #3057, 0.1000000000002500600 ) ;
#223 = EDGE_CURVE ( 'NONE', #995, #6395, #1859, .T. ) ;
#224 = DIRECTION ( 'NONE',  ( -1.000000000000000000, 0.0000000000000000000, 0.0000000000000000000 ) ) ;
#225 =( NAMED_UNIT ( * ) SI_UNIT ( $, .STERADIAN. ) SOLID_ANGLE_UNIT ( ) );
#226 = ORIENTED_EDGE ( 'NONE', *, *, #283, .F. ) ;
#227 = SURFACE_STYLE_USAGE ( .BOTH. , #5299 ) ;
#228 = ORIENTED_EDGE ( 'NONE', *, *, #5113, .F. ) ;
#229 = CARTESIAN_POINT ( 'NONE',  ( -1.866339720411217500, 0.1999999999999996500, 3.200000000000182300 ) ) ;
#230 = PRESENTATION_STYLE_ASSIGNMENT (( #3149 ) ) ;
#231 = PRODUCT_CONTEXT ( 'NONE', #1185, 'mechanical' ) ;
#232 =( NAMED_UNIT ( * ) SI_UNIT ( $, .STERADIAN. ) SOLID_ANGLE_UNIT ( ) );
#233 = PLANE ( 'NONE',  #6338 ) ;
#234 = LINE ( 'NONE', #2406, #2086 ) ;
#235 = ORIENTED_EDGE ( 'NONE', *, *, #106, .T. ) ;
#236 = EDGE_CURVE ( 'NONE', #3423, #2004, #3324, .T. ) ;
#237 = ORIENTED_EDGE ( 'NONE', *, *, #3735, .F. ) ;
#238 = FILL_AREA_STYLE_COLOUR ( '', #5871 ) ;
#239 = VECTOR ( 'NONE', #2941, 1000.000000000000000 ) ;
#240 = VERTEX_POINT ( 'NONE', #772 ) ;
#241 = AXIS2_PLACEMENT_3D ( 'NONE', #6038, #1660, #3099 ) ;
#242 = DIRECTION ( 'NONE',  ( -0.0000000000000000000, -1.000000000000000000, 0.0000000000000000000 ) ) ;
#243 = CARTESIAN_POINT ( 'NONE',  ( 0.6836602795889648000, 0.09999999999999982500, 3.200000000000182300 ) ) ;
#244 = ORIENTED_EDGE ( 'NONE', *, *, #6205, .F. ) ;
#245 = EDGE_CURVE ( 'NONE', #5618, #3086, #2402, .T. ) ;
#246 = UNCERTAINTY_MEASURE_WITH_UNIT (LENGTH_MEASURE( 1.000000000000000100E-005 ), #3076, 'distance_accuracy_value', 'NONE');
#247 = COLOUR_RGB ( '',0.7921568627450980000, 0.8196078431372548800, 0.9333333333333333500 ) ;
#248 = DIRECTION ( 'NONE',  ( 0.0000000000000000000, 1.000000000000000000, 0.0000000000000000000 ) ) ;
#249 = VECTOR ( 'NONE', #4579, 1000.000000000000000 ) ;
#250 = CARTESIAN_POINT ( 'NONE',  ( -1.333006387077913900, 0.1999999999999996500, 1.800000000000091300 ) ) ;
#251 = ORIENTED_EDGE ( 'NONE', *, *, #3145, .T. ) ;
#252 = PRESENTATION_LAYER_ASSIGNMENT (  '', '', ( #4872 ) ) ;
#253 = CARTESIAN_POINT ( 'NONE',  ( -1.474673053744338000, 0.0000000000000000000, 1.800000000000091300 ) ) ;
#254 = SURFACE_SIDE_STYLE ('',( #6224 ) ) ;
#255 = FACE_OUTER_BOUND ( 'NONE', #2215, .T. ) ;
#256 = SURFACE_STYLE_USAGE ( .BOTH. , #1314 ) ;
#257 = EDGE_LOOP ( 'NONE', ( #439, #4481, #4960, #2710 ) ) ;
#258 = CARTESIAN_POINT ( 'NONE',  ( -1.988339720410925400, 0.2000000000000005100, 2.889655387125345900 ) ) ;
#259 =( GEOMETRIC_REPRESENTATION_CONTEXT ( 3 ) GLOBAL_UNCERTAINTY_ASSIGNED_CONTEXT ( ( #2733 ) ) GLOBAL_UNIT_ASSIGNED_CONTEXT ( ( #184, #2243, #773 ) ) REPRESENTATION_CONTEXT ( 'NONE', 'WORKASPACE' ) );
#260 = EDGE_CURVE ( 'NONE', #1311, #4152, #25, .T. ) ;
#261 = LINE ( 'NONE', #5549, #3406 ) ;
#262 = ORIENTED_EDGE ( 'NONE', *, *, #1155, .F. ) ;
#263 = CARTESIAN_POINT ( 'NONE',  ( -0.3913397204113068800, 0.1999999999999996500, 1.800000000000092900 ) ) ;
#264 = VERTEX_POINT ( 'NONE', #4851 ) ;
#265 = DIRECTION ( 'NONE',  ( -0.0000000000000000000, -0.0000000000000000000, 1.000000000000000000 ) ) ;
#266 = MECHANICAL_DESIGN_GEOMETRIC_PRESENTATION_REPRESENTATION (  '', ( #1771 ), #4890 ) ;
#267 = PRESENTATION_LAYER_ASSIGNMENT (  '', '', ( #5993 ) ) ;
#268 = SURFACE_SIDE_STYLE ('',( #3104 ) ) ;
#269 = ORIENTED_EDGE ( 'NONE', *, *, #2935, .F. ) ;
#270 = EDGE_CURVE ( 'NONE', #6462, #628, #722, .T. ) ;
#271 = SURFACE_STYLE_FILL_AREA ( #2117 ) ;
#272 = CARTESIAN_POINT ( 'NONE',  ( -0.04133972041094448300, 0.1999999999999996500, 3.100000000000045800 ) ) ;
#273 = CARTESIAN_POINT ( 'NONE',  ( -2.216339720411125900, 0.1999999999999996500, 1.900000000000000400 ) ) ;
#274 = CARTESIAN_POINT ( 'NONE',  ( -1.966339720411239800, 0.1999999999999996500, 3.200000000000068600 ) ) ;
#275 = SURFACE_SIDE_STYLE ('',( #3981 ) ) ;
#276 = VECTOR ( 'NONE', #3136, 1000.000000000000000 ) ;
#277 = ORIENTED_EDGE ( 'NONE', *, *, #5645, .T. ) ;
#278 = DIRECTION ( 'NONE',  ( -1.000000000000000000, 0.0000000000000000000, -3.330669073874615800E-012 ) ) ;
#279 = CARTESIAN_POINT ( 'NONE',  ( 0.7836602795888739600, 0.09999999999999982500, 3.200000000000182300 ) ) ;
#280 = DIRECTION ( 'NONE',  ( 1.000000000000000000, 0.0000000000000000000, 0.0000000000000000000 ) ) ;
#281 = EDGE_CURVE ( 'NONE', #3494, #2543, #5269, .T. ) ;
#282 = FACE_OUTER_BOUND ( 'NONE', #3287, .T. ) ;
#283 = EDGE_CURVE ( 'NONE', #125, #5323, #5499, .T. ) ;
#284 = DIRECTION ( 'NONE',  ( -1.000000000000000000, 0.0000000000000000000, 0.0000000000000000000 ) ) ;
#285 = FACE_OUTER_BOUND ( 'NONE', #2888, .T. ) ;
#286 = DIRECTION ( 'NONE',  ( -0.0000000000000000000, -1.000000000000000000, 0.0000000000000000000 ) ) ;
#287 = ORIENTED_EDGE ( 'NONE', *, *, #2530, .T. ) ;
#288 = PRESENTATION_LAYER_ASSIGNMENT (  '', '', ( #1222 ) ) ;
#289 = CARTESIAN_POINT ( 'NONE',  ( -1.066339720411035600, 0.0000000000000000000, 2.100000000000017900 ) ) ;
#290 = COLOUR_RGB ( '',1.000000000000000000, 1.000000000000000000, 1.000000000000000000 ) ;
#291 = FACE_OUTER_BOUND ( 'NONE', #5046, .T. ) ;
#292 = PRESENTATION_LAYER_ASSIGNMENT (  '', '', ( #2344 ) ) ;
#293 = CARTESIAN_POINT ( 'NONE',  ( 0.7836602795888736300, 0.09999999999999982500, 2.424999999999636600 ) ) ;
#294 = EDGE_LOOP ( 'NONE', ( #244, #1754, #5658, #1635 ) ) ;
#295 = CARTESIAN_POINT ( 'NONE',  ( -1.490698694770200600, 0.1999999999999996500, 1.838461538461524800 ) ) ;
#296 = EDGE_LOOP ( 'NONE', ( #1342, #2233, #502, #1744 ) ) ;
#297 = CARTESIAN_POINT ( 'NONE',  ( -2.016339720410853500, 0.0000000000000000000, 2.900000000000000400 ) ) ;
#298 = SURFACE_STYLE_FILL_AREA ( #1064 ) ;
#299 =( GEOMETRIC_REPRESENTATION_CONTEXT ( 3 ) GLOBAL_UNCERTAINTY_ASSIGNED_CONTEXT ( ( #449 ) ) GLOBAL_UNIT_ASSIGNED_CONTEXT ( ( #3911, #678, #4029 ) ) REPRESENTATION_CONTEXT ( 'NONE', 'WORKASPACE' ) );
#300 = CARTESIAN_POINT ( 'NONE',  ( -1.916339720410827700, 0.09999999999999982500, 2.900000000000111400 ) ) ;
#301 = CARTESIAN_POINT ( 'NONE',  ( 0.5836566519171045900, 0.5200000000000000200, 2.917651759453486100 ) ) ;
#302 = ORIENTED_EDGE ( 'NONE', *, *, #2284, .F. ) ;
#303 = CARTESIAN_POINT ( 'NONE',  ( -1.333006387077914500, 0.1999999999999996500, 1.800000000000091300 ) ) ;
#304 = ORIENTED_EDGE ( 'NONE', *, *, #5957, .T. ) ;
#305 =( GEOMETRIC_REPRESENTATION_CONTEXT ( 3 ) GLOBAL_UNCERTAINTY_ASSIGNED_CONTEXT ( ( #1543 ) ) GLOBAL_UNIT_ASSIGNED_CONTEXT ( ( #471, #4521, #988 ) ) REPRESENTATION_CONTEXT ( 'NONE', 'WORKASPACE' ) );
#306 = EDGE_LOOP ( 'NONE', ( #992, #2729, #1244, #1708 ) ) ;
#307 = DIRECTION ( 'NONE',  ( -0.0000000000000000000, -1.000000000000000000, 0.0000000000000000000 ) ) ;
#308 = PRESENTATION_LAYER_ASSIGNMENT (  '', '', ( #4459 ) ) ;
#309 = EDGE_CURVE ( 'NONE', #4437, #4586, #5047, .T. ) ;
#310 = CARTESIAN_POINT ( 'NONE',  ( -1.616339720411197100, 0.1999999999999996500, 3.100000000000045800 ) ) ;
#311 = CYLINDRICAL_SURFACE ( 'NONE', #5627, 0.1000000000001308000 ) ;
#312 = ORIENTED_EDGE ( 'NONE', *, *, #2672, .F. ) ;
#313 = CARTESIAN_POINT ( 'NONE',  ( -1.416339720411399000, 0.1999999999999996500, 2.020000000000119000 ) ) ;
#314 = ORIENTED_EDGE ( 'NONE', *, *, #1037, .F. ) ;
#315 = SURFACE_SIDE_STYLE ('',( #6445 ) ) ;
#316 = CARTESIAN_POINT ( 'NONE',  ( -0.9663397204111273700, 0.0000000000000000000, 2.900000000000229100 ) ) ;
#317 = LINE ( 'NONE', #1842, #1273 ) ;
#318 = AXIS2_PLACEMENT_3D ( 'NONE', #5937, #2068, #6432 ) ;
#319 = DIRECTION ( 'NONE',  ( -1.000000000000000000, 0.0000000000000000000, 5.917141776529172000E-011 ) ) ;
#320 = DIRECTION ( 'NONE',  ( -0.3846153846208089600, 0.0000000000000000000, 0.9230769230746629400 ) ) ;
#321 = PLANE ( 'NONE',  #5424 ) ;
#322 = CIRCLE ( 'NONE', #3459, 0.1000000000001308000 ) ;
#323 = ORIENTED_EDGE ( 'NONE', *, *, #5257, .F. ) ;
#324 = UNCERTAINTY_MEASURE_WITH_UNIT (LENGTH_MEASURE( 1.000000000000000100E-005 ), #3024, 'distance_accuracy_value', 'NONE');
#325 = LINE ( 'NONE', #1835, #4411 ) ;
#326 = AXIS2_PLACEMENT_3D ( 'NONE', #2714, #3702, #1782 ) ;
#327 = DIRECTION ( 'NONE',  ( 0.0000000000000000000, 1.000000000000000000, 0.0000000000000000000 ) ) ;
#328 = DIRECTION ( 'NONE',  ( -1.000000000000000000, 0.0000000000000000000, 0.0000000000000000000 ) ) ;
#329 = EDGE_CURVE ( 'NONE', #2695, #1116, #1035, .T. ) ;
#330 = FACE_OUTER_BOUND ( 'NONE', #3625, .T. ) ;
#331 = ORIENTED_EDGE ( 'NONE', *, *, #4583, .T. ) ;
#332 = DIRECTION ( 'NONE',  ( 1.000000000000000000, 0.0000000000000000000, 0.0000000000000000000 ) ) ;
#333 = LINE ( 'NONE', #1697, #176 ) ;
#334 = CARTESIAN_POINT ( 'NONE',  ( -2.116339720411217800, 0.09999999999999982500, 1.999999999999907200 ) ) ;
#335 = DIRECTION ( 'NONE',  ( -0.0000000000000000000, -1.000000000000000000, 0.0000000000000000000 ) ) ;
#336 = FILL_AREA_STYLE_COLOUR ( '', #3571 ) ;
#337 = MECHANICAL_DESIGN_GEOMETRIC_PRESENTATION_REPRESENTATION (  '', ( #5492 ), #5050 ) ;
#338 = CARTESIAN_POINT ( 'NONE',  ( -1.208006387077914100, 0.09999999999999982500, 3.200000000000182300 ) ) ;
#339 = ORIENTED_EDGE ( 'NONE', *, *, #3786, .T. ) ;
#340 = CARTESIAN_POINT ( 'NONE',  ( -1.988339720410868600, 0.1999999999999996500, 3.200000000000182300 ) ) ;
#341 = ORIENTED_EDGE ( 'NONE', *, *, #2204, .F. ) ;
#342 = DIRECTION ( 'NONE',  ( 2.841964944626982800E-013, 0.0000000000000000000, 1.000000000000000000 ) ) ;
#343 = EDGE_LOOP ( 'NONE', ( #1504, #3170, #6463, #4072 ) ) ;
#344 = CYLINDRICAL_SURFACE ( 'NONE', #1594, 0.09999999999968171800 ) ;
#345 = AXIS2_PLACEMENT_3D ( 'NONE', #1498, #1039, #4530 ) ;
#346 = EDGE_CURVE ( 'NONE', #823, #1731, #3949, .T. ) ;
#347 = SURFACE_SIDE_STYLE ('',( #5400 ) ) ;
#348 = VECTOR ( 'NONE', #5290, 1000.000000000000000 ) ;
#349 = DIRECTION ( 'NONE',  ( 0.0000000000000000000, 1.000000000000000000, 0.0000000000000000000 ) ) ;
#350 = CARTESIAN_POINT ( 'NONE',  ( -1.790602814747227900, 0.2171683266630297400, 2.973502033955051500 ) ) ;
#351 = ORIENTED_EDGE ( 'NONE', *, *, #2204, .T. ) ;
#352 = AXIS2_PLACEMENT_3D ( 'NONE', #5501, #1953, #1981 ) ;
#353 = DIRECTION ( 'NONE',  ( 0.0000000000000000000, 1.000000000000000000, -0.0000000000000000000 ) ) ;
#354 = EDGE_CURVE ( 'NONE', #40, #4595, #4885, .T. ) ;
#355 = DIRECTION ( 'NONE',  ( 0.0000000000000000000, -1.000000000000000000, 0.0000000000000000000 ) ) ;
#356 = ORIENTED_EDGE ( 'NONE', *, *, #3464, .T. ) ;
#357 = COLOUR_RGB ( '',1.000000000000000000, 1.000000000000000000, 1.000000000000000000 ) ;
#358 = ORIENTED_EDGE ( 'NONE', *, *, #777, .F. ) ;
#359 =( BOUNDED_CURVE ( )  B_SPLINE_CURVE ( 3, ( #4630, #5173, #4718, #4168 ),
 .UNSPECIFIED., .F., .T. ) 
 B_SPLINE_CURVE_WITH_KNOTS ( ( 4, 4 ),
 ( 2.359992588465671400, 3.923192718713959200 ),
 .UNSPECIFIED. ) 
 CURVE ( )  GEOMETRIC_REPRESENTATION_ITEM ( )  RATIONAL_B_SPLINE_CURVE ( ( 1.000000000000000000, 0.8065248903853589100, 0.8065248903853589100, 1.000000000000000000 ) ) 
 REPRESENTATION_ITEM ( '' )  );
#360 = VERTEX_POINT ( 'NONE', #4345 ) ;
#361 = CARTESIAN_POINT ( 'NONE',  ( -1.316339720410930400, 0.09999999999999982500, 2.020000000000912600 ) ) ;
#362 =( NAMED_UNIT ( * ) PLANE_ANGLE_UNIT ( ) SI_UNIT ( $, .RADIAN. ) );
#363 = AXIS2_PLACEMENT_3D ( 'NONE', #2933, #5884, #328 ) ;
#364 = LINE ( 'NONE', #4945, #4839 ) ;
#365 = EDGE_LOOP ( 'NONE', ( #6136, #5333, #1546, #2190 ) ) ;
#366 = DIRECTION ( 'NONE',  ( -1.000000000000000000, -0.0000000000000000000, -0.0000000000000000000 ) ) ;
#367 = LINE ( 'NONE', #6051, #2063 ) ;
#368 = ORIENTED_EDGE ( 'NONE', *, *, #3595, .F. ) ;
#369 = EDGE_CURVE ( 'NONE', #2237, #512, #2474, .T. ) ;
#370 = CIRCLE ( 'NONE', #5274, 0.2000000000001505900 ) ;
#371 = ADVANCED_FACE ( 'NONE', ( #94 ), #423, .T. ) ;
#372 = CARTESIAN_POINT ( 'NONE',  ( -1.416339720411399400, 0.1999999999999996500, 2.020000000000119000 ) ) ;
#373 = LINE ( 'NONE', #3847, #5382 ) ;
#374 = SURFACE_STYLE_FILL_AREA ( #4744 ) ;
#375 = AXIS2_PLACEMENT_3D ( 'NONE', #6360, #4848, #4873 ) ;
#376 = ADVANCED_FACE ( 'NONE', ( #3627 ), #5966, .F. ) ;
#377 =( LENGTH_UNIT ( ) NAMED_UNIT ( * ) SI_UNIT ( .MILLI., .METRE. ) );
#378 = ORIENTED_EDGE ( 'NONE', *, *, #4785, .T. ) ;
#379 = ORIENTED_EDGE ( 'NONE', *, *, #3090, .F. ) ;
#380 = DIRECTION ( 'NONE',  ( 0.0000000000000000000, 0.0000000000000000000, -1.000000000000000000 ) ) ;
#381 = CARTESIAN_POINT ( 'NONE',  ( -1.416339720411399000, 0.1999999999999996500, 2.900000000000000400 ) ) ;
#382 = CARTESIAN_POINT ( 'NONE',  ( -2.016336092739191800, 0.5200000000000004600, 2.917651759453691700 ) ) ;
#383 = CARTESIAN_POINT ( 'NONE',  ( 0.7836602795888739600, 0.09999999999999982500, 1.800000000000091300 ) ) ;
#384 = ORIENTED_EDGE ( 'NONE', *, *, #4052, .T. ) ;
#385 = ORIENTED_EDGE ( 'NONE', *, *, #3263, .F. ) ;
#386 =( GEOMETRIC_REPRESENTATION_CONTEXT ( 3 ) GLOBAL_UNCERTAINTY_ASSIGNED_CONTEXT ( ( #5295 ) ) GLOBAL_UNIT_ASSIGNED_CONTEXT ( ( #3896, #891, #6352 ) ) REPRESENTATION_CONTEXT ( 'NONE', 'WORKASPACE' ) );
#387 = LINE ( 'NONE', #26, #3153 ) ;
#388 = FILL_AREA_STYLE ('',( #2928 ) ) ;
#389 = DIRECTION ( 'NONE',  ( 0.0000000000000000000, 1.000000000000000000, 0.0000000000000000000 ) ) ;
#390 =( NAMED_UNIT ( * ) SI_UNIT ( $, .STERADIAN. ) SOLID_ANGLE_UNIT ( ) );
#391 = VECTOR ( 'NONE', #1170, 1000.000000000000000 ) ;
#392 = EDGE_LOOP ( 'NONE', ( #287, #4870, #5172, #3732 ) ) ;
#393 = CARTESIAN_POINT ( 'NONE',  ( -1.066339720411157800, 0.09999999999999982500, 2.100000000000150600 ) ) ;
#394 = ORIENTED_EDGE ( 'NONE', *, *, #3145, .F. ) ;
#395 = FACE_OUTER_BOUND ( 'NONE', #6047, .T. ) ;
#396 =( GEOMETRIC_REPRESENTATION_CONTEXT ( 3 ) GLOBAL_UNCERTAINTY_ASSIGNED_CONTEXT ( ( #3984 ) ) GLOBAL_UNIT_ASSIGNED_CONTEXT ( ( #3049, #19, #954 ) ) REPRESENTATION_CONTEXT ( 'NONE', 'WORKASPACE' ) );
#397 = CARTESIAN_POINT ( 'NONE',  ( -1.583006387077914700, 0.1999999999999996500, 1.900000000000000400 ) ) ;
#398 = AXIS2_PLACEMENT_3D ( 'NONE', #1276, #5758, #5737 ) ;
#399 = SURFACE_STYLE_FILL_AREA ( #971 ) ;
#400 = ORIENTED_EDGE ( 'NONE', *, *, #4324, .F. ) ;
#401 = EDGE_CURVE ( 'NONE', #1958, #3794, #1684, .T. ) ;
#402 = LINE ( 'NONE', #1996, #2788 ) ;
#403 = DIRECTION ( 'NONE',  ( 0.08682659386416476100, -0.9924325091389744100, 0.08682659386424843000 ) ) ;
#404 = DIRECTION ( 'NONE',  ( 1.000000000000000000, 0.0000000000000000000, 0.0000000000000000000 ) ) ;
#405 = COLOUR_RGB ( '',1.000000000000000000, 1.000000000000000000, 1.000000000000000000 ) ;
#406 = VERTEX_POINT ( 'NONE', #6096 ) ;
#407 = DIRECTION ( 'NONE',  ( 0.0000000000000000000, 1.000000000000000000, 0.0000000000000000000 ) ) ;
#408 = CIRCLE ( 'NONE', #2719, 0.1000000000001364400 ) ;
#409 = ADVANCED_FACE ( 'NONE', ( #1117 ), #4963, .T. ) ;
#410 = VERTEX_POINT ( 'NONE', #2157 ) ;
#411 = AXIS2_PLACEMENT_3D ( 'NONE', #858, #2403, #3850 ) ;
#412 = SURFACE_STYLE_USAGE ( .BOTH. , #889 ) ;
#413 = COLOUR_RGB ( '',1.000000000000000000, 1.000000000000000000, 1.000000000000000000 ) ;
#414 = SURFACE_SIDE_STYLE ('',( #918 ) ) ;
#415 = FILL_AREA_STYLE ('',( #1934 ) ) ;
#416 = LINE ( 'NONE', #2333, #5343 ) ;
#417 = EDGE_LOOP ( 'NONE', ( #4047, #2527, #1353, #6078 ) ) ;
#418 = CARTESIAN_POINT ( 'NONE',  ( -1.966339720411140600, 0.09999999999999982500, 1.900000000000000400 ) ) ;
#419 = DIRECTION ( 'NONE',  ( 0.0000000000000000000, 1.000000000000000000, 0.0000000000000000000 ) ) ;
#420 = ORIENTED_EDGE ( 'NONE', *, *, #786, .T. ) ;
#421 = PLANE ( 'NONE',  #4352 ) ;
#422 = ORIENTED_EDGE ( 'NONE', *, *, #2242, .T. ) ;
#423 = PLANE ( 'NONE',  #194 ) ;
#424 = FILL_AREA_STYLE ('',( #2491 ) ) ;
#425 = DIRECTION ( 'NONE',  ( 0.0000000000000000000, 1.000000000000000000, 0.0000000000000000000 ) ) ;
#426 = DIRECTION ( 'NONE',  ( -0.0000000000000000000, -1.000000000000000000, 0.0000000000000000000 ) ) ;
#427 =( LENGTH_UNIT ( ) NAMED_UNIT ( * ) SI_UNIT ( .MILLI., .METRE. ) );
#428 =( LENGTH_UNIT ( ) NAMED_UNIT ( * ) SI_UNIT ( .MILLI., .METRE. ) );
#429 = PRESENTATION_LAYER_ASSIGNMENT (  '', '', ( #2154 ) ) ;
#430 = DIRECTION ( 'NONE',  ( 0.0000000000000000000, 1.000000000000000000, 0.0000000000000000000 ) ) ;
#431 = CIRCLE ( 'NONE', #6029, 0.09999999999990918900 ) ;
#432 = ORIENTED_EDGE ( 'NONE', *, *, #5593, .T. ) ;
#433 =( GEOMETRIC_REPRESENTATION_CONTEXT ( 3 ) GLOBAL_UNCERTAINTY_ASSIGNED_CONTEXT ( ( #2250 ) ) GLOBAL_UNIT_ASSIGNED_CONTEXT ( ( #5642, #177, #2697 ) ) REPRESENTATION_CONTEXT ( 'NONE', 'WORKASPACE' ) );
#434 = CARTESIAN_POINT ( 'NONE',  ( 0.4836602795891473100, 0.09999999999999982500, 2.000000000000137200 ) ) ;
#435 = VERTEX_POINT ( 'NONE', #201 ) ;
#436 = EDGE_CURVE ( 'NONE', #2932, #5090, #3317, .T. ) ;
#437 = CARTESIAN_POINT ( 'NONE',  ( 0.6836602795889643600, 0.09999999999999982500, 2.675000000000091300 ) ) ;
#438 = VECTOR ( 'NONE', #6344, 1000.000000000000000 ) ;
#439 = ORIENTED_EDGE ( 'NONE', *, *, #1243, .T. ) ;
#440 = ADVANCED_FACE ( 'NONE', ( #793 ), #1438, .F. ) ;
#441 = DIRECTION ( 'NONE',  ( 0.0000000000000000000, 1.000000000000000000, -0.0000000000000000000 ) ) ;
#442 = VECTOR ( 'NONE', #6108, 1000.000000000000000 ) ;
#443 = EDGE_CURVE ( 'NONE', #1516, #2901, #5416, .T. ) ;
#444 = SURFACE_SIDE_STYLE ('',( #5792 ) ) ;
#445 = ORIENTED_EDGE ( 'NONE', *, *, #4868, .F. ) ;
#446 = LINE ( 'NONE', #4180, #1808 ) ;
#447 = ORIENTED_EDGE ( 'NONE', *, *, #157, .F. ) ;
#448 = DIRECTION ( 'NONE',  ( 0.0000000000000000000, -1.000000000000000000, 0.0000000000000000000 ) ) ;
#449 = UNCERTAINTY_MEASURE_WITH_UNIT (LENGTH_MEASURE( 1.000000000000000100E-005 ), #3911, 'distance_accuracy_value', 'NONE');
#450 = VERTEX_POINT ( 'NONE', #1673 ) ;
#451 = CIRCLE ( 'NONE', #1524, 0.1000000000001308000 ) ;
#452 = PRESENTATION_STYLE_ASSIGNMENT (( #6399 ) ) ;
#453 = ORIENTED_EDGE ( 'NONE', *, *, #1647, .T. ) ;
#454 =( NAMED_UNIT ( * ) SI_UNIT ( $, .STERADIAN. ) SOLID_ANGLE_UNIT ( ) );
#455 = DIRECTION ( 'NONE',  ( -0.0000000000000000000, -1.000000000000000000, 0.0000000000000000000 ) ) ;
#456 = ORIENTED_EDGE ( 'NONE', *, *, #66, .F. ) ;
#457 = MECHANICAL_DESIGN_GEOMETRIC_PRESENTATION_REPRESENTATION (  '', ( #6137 ), #3161 ) ;
#458 =( LENGTH_UNIT ( ) NAMED_UNIT ( * ) SI_UNIT ( .MILLI., .METRE. ) );
#459 = VERTEX_POINT ( 'NONE', #4708 ) ;
#460 = EDGE_CURVE ( 'NONE', #1731, #2367, #486, .T. ) ;
#461 = ORIENTED_EDGE ( 'NONE', *, *, #1243, .F. ) ;
#462 = ORIENTED_EDGE ( 'NONE', *, *, #1730, .F. ) ;
#463 =( GEOMETRIC_REPRESENTATION_CONTEXT ( 3 ) GLOBAL_UNCERTAINTY_ASSIGNED_CONTEXT ( ( #6244 ) ) GLOBAL_UNIT_ASSIGNED_CONTEXT ( ( #102, #3114, #1612 ) ) REPRESENTATION_CONTEXT ( 'NONE', 'WORKASPACE' ) );
#464 = SURFACE_SIDE_STYLE ('',( #6451 ) ) ;
#465 = FILL_AREA_STYLE_COLOUR ( '', #4871 ) ;
#466 = FACE_OUTER_BOUND ( 'NONE', #4787, .T. ) ;
#467 = ORIENTED_EDGE ( 'NONE', *, *, #2159, .F. ) ;
#468 = EDGE_LOOP ( 'NONE', ( #3829, #4122, #2046, #4288 ) ) ;
#469 = AXIS2_PLACEMENT_3D ( 'NONE', #4644, #3585, #3123 ) ;
#470 = COLOUR_RGB ( '',1.000000000000000000, 1.000000000000000000, 1.000000000000000000 ) ;
#471 =( LENGTH_UNIT ( ) NAMED_UNIT ( * ) SI_UNIT ( .MILLI., .METRE. ) );
#472 = ADVANCED_FACE ( 'NONE', ( #3172 ), #1131, .F. ) ;
#473 = VECTOR ( 'NONE', #4167, 1000.000000000000000 ) ;
#474 = ORIENTED_EDGE ( 'NONE', *, *, #5957, .F. ) ;
#475 = MECHANICAL_DESIGN_GEOMETRIC_PRESENTATION_REPRESENTATION (  '', ( #1018 ), #5288 ) ;
#476 = ORIENTED_EDGE ( 'NONE', *, *, #2756, .T. ) ;
#477 = EDGE_CURVE ( 'NONE', #5467, #3809, #1778, .T. ) ;
#478 = DIRECTION ( 'NONE',  ( -1.000000000000000000, 0.0000000000000000000, 0.0000000000000000000 ) ) ;
#479 = PRESENTATION_STYLE_ASSIGNMENT (( #4749 ) ) ;
#480 = ORIENTED_EDGE ( 'NONE', *, *, #5545, .T. ) ;
#481 = AXIS2_PLACEMENT_3D ( 'NONE', #2495, #2052, #1475 ) ;
#482 = DIRECTION ( 'NONE',  ( 0.0000000000000000000, 0.0000000000000000000, -1.000000000000000000 ) ) ;
#483 = EDGE_CURVE ( 'NONE', #762, #711, #20, .T. ) ;
#484 = ORIENTED_EDGE ( 'NONE', *, *, #5313, .T. ) ;
#485 = SURFACE_SIDE_STYLE ('',( #1164 ) ) ;
#486 = LINE ( 'NONE', #2198, #5495 ) ;
#487 = CARTESIAN_POINT ( 'NONE',  ( 0.4836602795891468700, 0.09999999999999982500, 3.000000000000136800 ) ) ;
#488 = CARTESIAN_POINT ( 'NONE',  ( -2.216339720411125900, 0.0000000000000000000, 2.425000000000091300 ) ) ;
#489 = CARTESIAN_POINT ( 'NONE',  ( -1.817097153120832600, 0.5199999999999956900, 2.999996372328575000 ) ) ;
#490 = COLOUR_RGB ( '',1.000000000000000000, 1.000000000000000000, 1.000000000000000000 ) ;
#491 = ORIENTED_EDGE ( 'NONE', *, *, #5824, .T. ) ;
#492 = LINE ( 'NONE', #4684, #4490 ) ;
#493 = EDGE_CURVE ( 'NONE', #40, #5721, #325, .T. ) ;
#494 = CARTESIAN_POINT ( 'NONE',  ( -0.04133972041139855100, 0.09999999999999982500, 1.900000000000000400 ) ) ;
#495 = FACE_OUTER_BOUND ( 'NONE', #861, .T. ) ;
#496 = DIRECTION ( 'NONE',  ( 0.0000000000000000000, 1.000000000000000000, -0.0000000000000000000 ) ) ;
#497 = ORIENTED_EDGE ( 'NONE', *, *, #592, .F. ) ;
#498 = SHAPE_DEFINITION_REPRESENTATION ( #4355, #5526 ) ;
#499 = CARTESIAN_POINT ( 'NONE',  ( -0.3913397204113071000, 0.09999999999999982500, 1.900000000000000400 ) ) ;
#500 = FILL_AREA_STYLE ('',( #1457 ) ) ;
#501 = PRESENTATION_LAYER_ASSIGNMENT (  '', '', ( #41 ) ) ;
#502 = ORIENTED_EDGE ( 'NONE', *, *, #5840, .F. ) ;
#503 = ADVANCED_FACE ( 'NONE', ( #6260 ), #4879, .F. ) ;
#504 = DIRECTION ( 'NONE',  ( 0.0000000000000000000, -0.9961946980917455500, 0.08715574274765836000 ) ) ;
#505 = COLOUR_RGB ( '',1.000000000000000000, 1.000000000000000000, 1.000000000000000000 ) ;
#506 = EDGE_CURVE ( 'NONE', #5408, #4209, #4245, .T. ) ;
#507 =( LENGTH_UNIT ( ) NAMED_UNIT ( * ) SI_UNIT ( .MILLI., .METRE. ) );
#508 = DIRECTION ( 'NONE',  ( -1.000000000000000000, 0.0000000000000000000, -1.568167590513652600E-013 ) ) ;
#509 = CARTESIAN_POINT ( 'NONE',  ( -1.716339720410671800, 0.1999999999999996500, 1.800000000000091300 ) ) ;
#510 = VERTEX_POINT ( 'NONE', #289 ) ;
#511 = DIRECTION ( 'NONE',  ( -1.000000000000000000, 0.0000000000000000000, 0.0000000000000000000 ) ) ;
#512 = VERTEX_POINT ( 'NONE', #5259 ) ;
#513 = AXIS2_PLACEMENT_3D ( 'NONE', #4886, #6335, #2475 ) ;
#514 = FACE_OUTER_BOUND ( 'NONE', #1663, .T. ) ;
#515 = ORIENTED_EDGE ( 'NONE', *, *, #5761, .T. ) ;
#516 = CARTESIAN_POINT ( 'NONE',  ( -1.583006387077915400, 0.1999999999999996500, 1.900000000000000400 ) ) ;
#517 = DIRECTION ( 'NONE',  ( 1.000000000000000000, 0.0000000000000000000, -1.137328078938328500E-012 ) ) ;
#518 = AXIS2_PLACEMENT_3D ( 'NONE', #1866, #4353, #4400 ) ;
#519 = DIRECTION ( 'NONE',  ( -1.000000000000000000, 0.0000000000000000000, 0.0000000000000000000 ) ) ;
#520 = VECTOR ( 'NONE', #550, 1000.000000000000000 ) ;
#521 = AXIS2_PLACEMENT_3D ( 'NONE', #1097, #1545, #5030 ) ;
#522 = CARTESIAN_POINT ( 'NONE',  ( -1.966339720411155700, 0.1999999999999996500, 1.800000000000062000 ) ) ;
#523 = COLOUR_RGB ( '',1.000000000000000000, 1.000000000000000000, 1.000000000000000000 ) ;
#524 = EDGE_CURVE ( 'NONE', #5716, #4238, #2400, .T. ) ;
#525 =( NAMED_UNIT ( * ) PLANE_ANGLE_UNIT ( ) SI_UNIT ( $, .RADIAN. ) );
#526 = LINE ( 'NONE', #826, #3066 ) ;
#527 = PRESENTATION_STYLE_ASSIGNMENT (( #2623 ) ) ;
#528 = DIRECTION ( 'NONE',  ( 0.0000000000000000000, 1.000000000000000000, -0.0000000000000000000 ) ) ;
#529 = ORIENTED_EDGE ( 'NONE', *, *, #4727, .T. ) ;
#530 = MANIFOLD_SOLID_BREP ( 'Body-Move/Copy1[3]', #4318 ) ;
#531 = ORIENTED_EDGE ( 'NONE', *, *, #5621, .F. ) ;
#532 = PLANE ( 'NONE',  #4275 ) ;
#533 = CARTESIAN_POINT ( 'NONE',  ( -0.3913397204113079300, 0.1999999999999996500, 1.900000000000000400 ) ) ;
#534 = CIRCLE ( 'NONE', #375, 0.09999999999990875900 ) ;
#535 = DIRECTION ( 'NONE',  ( 0.0000000000000000000, -1.000000000000000000, -0.0000000000000000000 ) ) ;
#536 = PRESENTATION_LAYER_ASSIGNMENT (  '', '', ( #2831 ) ) ;
#537 = ORIENTED_EDGE ( 'NONE', *, *, #4435, .F. ) ;
#538 = VECTOR ( 'NONE', #5373, 1000.000000000000000 ) ;
#539 = CIRCLE ( 'NONE', #2781, 0.09999999999993824900 ) ;
#540 = AXIS2_PLACEMENT_3D ( 'NONE', #522, #3441, #5924 ) ;
#541 = DIRECTION ( 'NONE',  ( -1.000000000000000000, 0.0000000000000000000, 0.0000000000000000000 ) ) ;
#542 = ORIENTED_EDGE ( 'NONE', *, *, #4442, .T. ) ;
#543 = FILL_AREA_STYLE ('',( #5099 ) ) ;
#544 = ORIENTED_EDGE ( 'NONE', *, *, #203, .F. ) ;
#545 = EDGE_CURVE ( 'NONE', #2341, #762, #5109, .T. ) ;
#546 =( NAMED_UNIT ( * ) SI_UNIT ( $, .STERADIAN. ) SOLID_ANGLE_UNIT ( ) );
#547 = PLANE ( 'NONE',  #4790 ) ;
#548 = ORIENTED_EDGE ( 'NONE', *, *, #3010, .T. ) ;
#549 =( GEOMETRIC_REPRESENTATION_CONTEXT ( 3 ) GLOBAL_UNCERTAINTY_ASSIGNED_CONTEXT ( ( #645 ) ) GLOBAL_UNIT_ASSIGNED_CONTEXT ( ( #5051, #5511, #46 ) ) REPRESENTATION_CONTEXT ( 'NONE', 'WORKASPACE' ) );
#550 = DIRECTION ( 'NONE',  ( 0.0000000000000000000, 1.000000000000000000, 0.0000000000000000000 ) ) ;
#551 = DIRECTION ( 'NONE',  ( -0.0000000000000000000, -1.000000000000000000, 0.0000000000000000000 ) ) ;
#552 = FACE_OUTER_BOUND ( 'NONE', #5754, .T. ) ;
#553 =( LENGTH_UNIT ( ) NAMED_UNIT ( * ) SI_UNIT ( .MILLI., .METRE. ) );
#554 = ORIENTED_EDGE ( 'NONE', *, *, #876, .F. ) ;
#555 = ORIENTED_EDGE ( 'NONE', *, *, #5376, .T. ) ;
#556 = EDGE_CURVE ( 'NONE', #2801, #5842, #4090, .T. ) ;
#557 =( NAMED_UNIT ( * ) SI_UNIT ( $, .STERADIAN. ) SOLID_ANGLE_UNIT ( ) );
#558 = FACE_OUTER_BOUND ( 'NONE', #1940, .T. ) ;
#559 = SURFACE_SIDE_STYLE ('',( #298 ) ) ;
#560 = ORIENTED_EDGE ( 'NONE', *, *, #223, .F. ) ;
#561 = SURFACE_STYLE_FILL_AREA ( #2222 ) ;
#562 = DIRECTION ( 'NONE',  ( -0.0000000000000000000, -1.000000000000000000, 0.0000000000000000000 ) ) ;
#563 = EDGE_CURVE ( 'NONE', #4712, #3863, #5258, .T. ) ;
#564 = SURFACE_SIDE_STYLE ('',( #5981 ) ) ;
#565 = LINE ( 'NONE', #5900, #99 ) ;
#566 = EDGE_LOOP ( 'NONE', ( #652, #5701, #1553, #4051 ) ) ;
#567 = DIRECTION ( 'NONE',  ( -1.000000000000000000, -0.0000000000000000000, -0.0000000000000000000 ) ) ;
#568 = ORIENTED_EDGE ( 'NONE', *, *, #3998, .F. ) ;
#569 = PRESENTATION_LAYER_ASSIGNMENT (  '', '', ( #6137 ) ) ;
#570 = CARTESIAN_POINT ( 'NONE',  ( -0.9663397204115812300, 0.09999999999999982500, 2.900000000000227700 ) ) ;
#571 = EDGE_CURVE ( 'NONE', #1408, #5721, #4956, .T. ) ;
#572 = SURFACE_SIDE_STYLE ('',( #271 ) ) ;
#573 = DIRECTION ( 'NONE',  ( 0.3846153846188774500, 0.0000000000000000000, -0.9230769230754677400 ) ) ;
#574 = DIRECTION ( 'NONE',  ( -1.000000000000000000, 0.0000000000000000000, 0.0000000000000000000 ) ) ;
#575 = FACE_OUTER_BOUND ( 'NONE', #2689, .T. ) ;
#576 = CARTESIAN_POINT ( 'NONE',  ( -1.474673053744338400, 0.1999999999999996500, 1.800000000000091300 ) ) ;
#577 = EDGE_LOOP ( 'NONE', ( #4553, #5224, #4349, #5349 ) ) ;
#578 = DIRECTION ( 'NONE',  ( -0.0000000000000000000, -1.000000000000000000, 0.0000000000000000000 ) ) ;
#579 = AXIS2_PLACEMENT_3D ( 'NONE', #863, #2428, #4416 ) ;
#580 = DIRECTION ( 'NONE',  ( 1.000000000000000000, 0.0000000000000000000, 0.0000000000000000000 ) ) ;
#581 = CIRCLE ( 'NONE', #6354, 0.1000000000000228200 ) ;
#582 = EDGE_LOOP ( 'NONE', ( #1610, #2437, #2556, #4408 ) ) ;
#583 = ORIENTED_EDGE ( 'NONE', *, *, #1676, .T. ) ;
#584 = CARTESIAN_POINT ( 'NONE',  ( -2.216339720411125900, 0.0000000000000000000, 3.200000000000182300 ) ) ;
#585 = DIRECTION ( 'NONE',  ( -1.000000000000000000, 0.0000000000000000000, 0.0000000000000000000 ) ) ;
#586 = ADVANCED_FACE ( 'NONE', ( #2954 ), #4728, .F. ) ;
#587 = FACE_OUTER_BOUND ( 'NONE', #1230, .T. ) ;
#588 = CARTESIAN_POINT ( 'NONE',  ( -1.716339720410898800, 0.09999999999999982500, 2.100000000000273200 ) ) ;
#589 = ORIENTED_EDGE ( 'NONE', *, *, #5634, .F. ) ;
#590 = PRESENTATION_LAYER_ASSIGNMENT (  '', '', ( #4758 ) ) ;
#591 = ORIENTED_EDGE ( 'NONE', *, *, #3580, .F. ) ;
#592 = EDGE_CURVE ( 'NONE', #4399, #360, #6026, .T. ) ;
#593 = EDGE_LOOP ( 'NONE', ( #4359, #5393, #5623, #4808, #1874, #5617, #3379, #4224, #61, #2515, #4231, #2164, #3368, #5457, #5117, #5267, #432, #3349, #5644, #5999, #5730, #2774, #4079, #4003 ) ) ;
#594 = DIRECTION ( 'NONE',  ( -0.9961946980917455500, 0.08715574274765847100, 0.0000000000000000000 ) ) ;
#595 = VERTEX_POINT ( 'NONE', #4730 ) ;
#596 = ORIENTED_EDGE ( 'NONE', *, *, #4472, .T. ) ;
#597 = CARTESIAN_POINT ( 'NONE',  ( -1.716339720411126400, 0.1999999999999996500, 3.200000000000182300 ) ) ;
#598 = MECHANICAL_DESIGN_GEOMETRIC_PRESENTATION_REPRESENTATION (  '', ( #5993 ), #2323 ) ;
#599 = VECTOR ( 'NONE', #3525, 1000.000000000000000 ) ;
#600 = CYLINDRICAL_SURFACE ( 'NONE', #5317, 0.1999999999999999000 ) ;
#601 = VECTOR ( 'NONE', #972, 1000.000000000000000 ) ;
#602 = EDGE_CURVE ( 'NONE', #5239, #3225, #716, .T. ) ;
#603 = DIRECTION ( 'NONE',  ( 0.0000000000000000000, -1.000000000000000000, 0.0000000000000000000 ) ) ;
#604 = VECTOR ( 'NONE', #5814, 1000.000000000000000 ) ;
#605 = ORIENTED_EDGE ( 'NONE', *, *, #3563, .F. ) ;
#606 =( NAMED_UNIT ( * ) SI_UNIT ( $, .STERADIAN. ) SOLID_ANGLE_UNIT ( ) );
#607 = DIRECTION ( 'NONE',  ( -1.000000000000000000, 0.0000000000000000000, 0.0000000000000000000 ) ) ;
#608 = ORIENTED_EDGE ( 'NONE', *, *, #4793, .F. ) ;
#609 = CIRCLE ( 'NONE', #2054, 0.1000000000002411700 ) ;
#610 = SURFACE_STYLE_FILL_AREA ( #2637 ) ;
#611 = CARTESIAN_POINT ( 'NONE',  ( 0.5836602795890552000, 0.0000000000000000000, 2.900000000000000800 ) ) ;
#612 = CARTESIAN_POINT ( 'NONE',  ( -1.916339720411228900, 0.0000000000000000000, 2.000000000000137200 ) ) ;
#613 = EDGE_LOOP ( 'NONE', ( #1080, #4707, #2824, #1756 ) ) ;
#614 = EDGE_CURVE ( 'NONE', #3885, #3332, #1205, .T. ) ;
#615 = ORIENTED_EDGE ( 'NONE', *, *, #571, .T. ) ;
#616 = DIRECTION ( 'NONE',  ( 0.08682659386424784700, 0.9924325091389677400, 0.08682659386424009000 ) ) ;
#617 = FACE_OUTER_BOUND ( 'NONE', #3683, .T. ) ;
#618 = EDGE_CURVE ( 'NONE', #410, #595, #4476, .T. ) ;
#619 = SURFACE_STYLE_FILL_AREA ( #2793 ) ;
#620 = VERTEX_POINT ( 'NONE', #2821 ) ;
#621 = ORIENTED_EDGE ( 'NONE', *, *, #1133, .F. ) ;
#622 = CARTESIAN_POINT ( 'NONE',  ( -1.966339720411125900, 0.1999999999999996500, 1.900000000000000400 ) ) ;
#623 = SURFACE_STYLE_USAGE ( .BOTH. , #572 ) ;
#624 = CARTESIAN_POINT ( 'NONE',  ( -1.789100780792510600, 0.1999999999999992300, 2.972000000000317900 ) ) ;
#625 = MECHANICAL_DESIGN_GEOMETRIC_PRESENTATION_REPRESENTATION (  '', ( #3442 ), #5042 ) ;
#626 = CARTESIAN_POINT ( 'NONE',  ( -0.9663397204111260400, 0.09999999999999982500, 3.000000000000136800 ) ) ;
#627 = COLOUR_RGB ( '',1.000000000000000000, 1.000000000000000000, 1.000000000000000000 ) ;
#628 = VERTEX_POINT ( 'NONE', #4849 ) ;
#629 = PRESENTATION_LAYER_ASSIGNMENT (  '', '', ( #1794 ) ) ;
#630 = ORIENTED_EDGE ( 'NONE', *, *, #4132, .F. ) ;
#631 =( NAMED_UNIT ( * ) SI_UNIT ( $, .STERADIAN. ) SOLID_ANGLE_UNIT ( ) );
#632 = SURFACE_SIDE_STYLE ('',( #6314 ) ) ;
#633 = LINE ( 'NONE', #2027, #4725 ) ;
#634 = ORIENTED_EDGE ( 'NONE', *, *, #2650, .T. ) ;
#635 = AXIS2_PLACEMENT_3D ( 'NONE', #4479, #5246, #3663 ) ;
#636 = PLANE ( 'NONE',  #5892 ) ;
#637 = DIRECTION ( 'NONE',  ( -1.000000000000000000, 0.0000000000000000000, -2.046540020794802500E-011 ) ) ;
#638 = ORIENTED_EDGE ( 'NONE', *, *, #5621, .T. ) ;
#639 =( GEOMETRIC_REPRESENTATION_CONTEXT ( 3 ) GLOBAL_UNCERTAINTY_ASSIGNED_CONTEXT ( ( #6004 ) ) GLOBAL_UNIT_ASSIGNED_CONTEXT ( ( #5992, #1451, #3052 ) ) REPRESENTATION_CONTEXT ( 'NONE', 'WORKASPACE' ) );
#640 = DIRECTION ( 'NONE',  ( 0.0000000000000000000, -1.000000000000000000, 0.0000000000000000000 ) ) ;
#641 = AXIS2_PLACEMENT_3D ( 'NONE', #3238, #4253, #3294 ) ;
#642 = EDGE_CURVE ( 'NONE', #3524, #6446, #408, .T. ) ;
#643 = CARTESIAN_POINT ( 'NONE',  ( -2.116339720411217300, 0.1999999999999996500, 3.200000000000071200 ) ) ;
#644 = DIRECTION ( 'NONE',  ( 0.0000000000000000000, 0.0000000000000000000, -1.000000000000000000 ) ) ;
#645 = UNCERTAINTY_MEASURE_WITH_UNIT (LENGTH_MEASURE( 1.000000000000000100E-005 ), #5051, 'distance_accuracy_value', 'NONE');
#646 = LINE ( 'NONE', #4974, #1521 ) ;
#647 = CARTESIAN_POINT ( 'NONE',  ( -2.116339720411216900, 0.09999999999999982500, 2.325000000000182300 ) ) ;
#648 = LINE ( 'NONE', #138, #3039 ) ;
#649 = CARTESIAN_POINT ( 'NONE',  ( -2.016339720411308700, 0.0000000000000000000, 2.100000000000045800 ) ) ;
#650 = CARTESIAN_POINT ( 'NONE',  ( -1.616339720410535400, 0.0000000000000000000, 2.900000000000227700 ) ) ;
#651 = CARTESIAN_POINT ( 'NONE',  ( 0.4836602795891464200, 0.0000000000000000000, 3.000000000000363700 ) ) ;
#652 = ORIENTED_EDGE ( 'NONE', *, *, #5739, .T. ) ;
#653 = CARTESIAN_POINT ( 'NONE',  ( -2.216339720411126400, 0.09999999999999982500, 2.325000000000182300 ) ) ;
#654 = CARTESIAN_POINT ( 'NONE',  ( -2.116339720411216900, 0.1999999999999996500, 3.200000000000182300 ) ) ;
#655 =( NAMED_UNIT ( * ) PLANE_ANGLE_UNIT ( ) SI_UNIT ( $, .RADIAN. ) );
#656 = AXIS2_PLACEMENT_3D ( 'NONE', #2042, #10, #6457 ) ;
#657 = ORIENTED_EDGE ( 'NONE', *, *, #3257, .T. ) ;
#658 = DIRECTION ( 'NONE',  ( 1.000000000000000000, 0.0000000000000000000, 0.0000000000000000000 ) ) ;
#659 = AXIS2_PLACEMENT_3D ( 'NONE', #3680, #4694, #2771 ) ;
#660 = PRESENTATION_STYLE_ASSIGNMENT (( #1260 ) ) ;
#661 = VERTEX_POINT ( 'NONE', #310 ) ;
#662 = DIRECTION ( 'NONE',  ( 0.0000000000000000000, 1.000000000000000000, -0.0000000000000000000 ) ) ;
#663 = EDGE_CURVE ( 'NONE', #3086, #5145, #5858, .T. ) ;
#664 = DIRECTION ( 'NONE',  ( 0.0000000000000000000, 1.000000000000000000, 0.0000000000000000000 ) ) ;
#665 = DIRECTION ( 'NONE',  ( 1.568167590513652600E-013, 0.0000000000000000000, -1.000000000000000000 ) ) ;
#666 = FILL_AREA_STYLE ('',( #6228 ) ) ;
#667 = DIRECTION ( 'NONE',  ( 1.000000000000000000, 0.0000000000000000000, -5.684268702434480800E-013 ) ) ;
#668 = SURFACE_STYLE_FILL_AREA ( #1202 ) ;
#669 = VERTEX_POINT ( 'NONE', #1945 ) ;
#670 =( GEOMETRIC_REPRESENTATION_CONTEXT ( 3 ) GLOBAL_UNCERTAINTY_ASSIGNED_CONTEXT ( ( #5377 ) ) GLOBAL_UNIT_ASSIGNED_CONTEXT ( ( #129, #3236, #3254 ) ) REPRESENTATION_CONTEXT ( 'NONE', 'WORKASPACE' ) );
#671 = DIRECTION ( 'NONE',  ( 0.3846153846188730100, 0.0000000000000000000, -0.9230769230754695100 ) ) ;
#672 = DIRECTION ( 'NONE',  ( -1.000000000000000000, 0.0000000000000000000, 0.0000000000000000000 ) ) ;
#673 = DIRECTION ( 'NONE',  ( 0.0000000000000000000, 1.000000000000000000, -0.0000000000000000000 ) ) ;
#674 = VECTOR ( 'NONE', #2066, 1000.000000000000000 ) ;
#675 = ORIENTED_EDGE ( 'NONE', *, *, #4074, .F. ) ;
#676 = FACE_OUTER_BOUND ( 'NONE', #851, .T. ) ;
#677 = EDGE_LOOP ( 'NONE', ( #5472, #6011, #3804, #3163 ) ) ;
#678 =( NAMED_UNIT ( * ) PLANE_ANGLE_UNIT ( ) SI_UNIT ( $, .RADIAN. ) );
#679 = SURFACE_SIDE_STYLE ('',( #5291 ) ) ;
#680 = CYLINDRICAL_SURFACE ( 'NONE', #3872, 0.1000000000000228200 ) ;
#681 = DIRECTION ( 'NONE',  ( -1.000000000000000000, 0.0000000000000000000, 0.0000000000000000000 ) ) ;
#682 = COLOUR_RGB ( '',1.000000000000000000, 1.000000000000000000, 1.000000000000000000 ) ;
#683 = AXIS2_PLACEMENT_3D ( 'NONE', #3480, #2547, #478 ) ;
#684 =( BOUNDED_CURVE ( )  B_SPLINE_CURVE ( 3, ( #1056, #2161, #5518, #5537 ),
 .UNSPECIFIED., .F., .F. ) 
 B_SPLINE_CURVE_WITH_KNOTS ( ( 4, 4 ),
 ( 2.359992588465623900, 3.923192718713960100 ),
 .UNSPECIFIED. ) 
 CURVE ( )  GEOMETRIC_REPRESENTATION_ITEM ( )  RATIONAL_B_SPLINE_CURVE ( ( 1.000000000000000000, 0.8065248903853474700, 0.8065248903853474700, 1.000000000000000000 ) ) 
 REPRESENTATION_ITEM ( '' )  );
#685 = ORIENTED_EDGE ( 'NONE', *, *, #1542, .T. ) ;
#686 = ORIENTED_EDGE ( 'NONE', *, *, #2317, .F. ) ;
#687 = EDGE_CURVE ( 'NONE', #1982, #4671, #3782, .T. ) ;
#688 = VERTEX_POINT ( 'NONE', #6304 ) ;
#689 = VERTEX_POINT ( 'NONE', #3346 ) ;
#690 = DIRECTION ( 'NONE',  ( -1.000000000000000000, -0.0000000000000000000, -0.0000000000000000000 ) ) ;
#691 = SURFACE_STYLE_FILL_AREA ( #543 ) ;
#692 = FACE_OUTER_BOUND ( 'NONE', #2673, .T. ) ;
#693 = VECTOR ( 'NONE', #426, 1000.000000000000000 ) ;
#694 = CARTESIAN_POINT ( 'NONE',  ( -1.583006387077914100, 0.1999999999999996500, 1.900000000000000400 ) ) ;
#695 = SURFACE_STYLE_USAGE ( .BOTH. , #4178 ) ;
#696 =( GEOMETRIC_REPRESENTATION_CONTEXT ( 3 ) GLOBAL_UNCERTAINTY_ASSIGNED_CONTEXT ( ( #3787 ) ) GLOBAL_UNIT_ASSIGNED_CONTEXT ( ( #6166, #4221, #204 ) ) REPRESENTATION_CONTEXT ( 'NONE', 'WORKASPACE' ) );
#697 =( LENGTH_UNIT ( ) NAMED_UNIT ( * ) SI_UNIT ( .MILLI., .METRE. ) );
#698 = EDGE_CURVE ( 'NONE', #3381, #4300, #2792, .T. ) ;
#699 = VECTOR ( 'NONE', #2882, 1000.000000000000000 ) ;
#700 = SURFACE_SIDE_STYLE ('',( #4703 ) ) ;
#701 = CARTESIAN_POINT ( 'NONE',  ( -1.099673053744499600, 0.1999999999999996500, 3.200000000000195100 ) ) ;
#702 = CARTESIAN_POINT ( 'NONE',  ( -2.216339720411126400, 0.1999999999999996500, 2.575000000000182300 ) ) ;
#703 = ORIENTED_EDGE ( 'NONE', *, *, #6306, .T. ) ;
#704 = DIRECTION ( 'NONE',  ( -1.000000000000000000, -7.760391005015702800E-015, 8.870167507720793600E-014 ) ) ;
#705 = CARTESIAN_POINT ( 'NONE',  ( -1.274032028103555300, 0.09999999999999982500, 3.018461538461939800 ) ) ;
#706 = DIRECTION ( 'NONE',  ( 0.0000000000000000000, 1.000000000000000000, -0.0000000000000000000 ) ) ;
#707 = ADVANCED_FACE ( 'NONE', ( #3937 ), #2322, .T. ) ;
#708 = LINE ( 'NONE', #5273, #5926 ) ;
#709 = EDGE_CURVE ( 'NONE', #2067, #1642, #787, .T. ) ;
#710 =( NAMED_UNIT ( * ) SI_UNIT ( $, .STERADIAN. ) SOLID_ANGLE_UNIT ( ) );
#711 = VERTEX_POINT ( 'NONE', #1902 ) ;
#712 =( GEOMETRIC_REPRESENTATION_CONTEXT ( 3 ) GLOBAL_UNCERTAINTY_ASSIGNED_CONTEXT ( ( #2058 ) ) GLOBAL_UNIT_ASSIGNED_CONTEXT ( ( #5731, #2769, #6209 ) ) REPRESENTATION_CONTEXT ( 'NONE', 'WORKASPACE' ) );
#713 = FILL_AREA_STYLE_COLOUR ( '', #1427 ) ;
#714 = LINE ( 'NONE', #3806, #1843 ) ;
#715 = ORIENTED_EDGE ( 'NONE', *, *, #3721, .T. ) ;
#716 = LINE ( 'NONE', #1745, #5788 ) ;
#717 = CARTESIAN_POINT ( 'NONE',  ( -1.474673053744338400, 0.1999999999999996500, 1.800000000000091300 ) ) ;
#718 = PLANE ( 'NONE',  #3760 ) ;
#719 = CARTESIAN_POINT ( 'NONE',  ( 0.6836602795889643600, 0.1999999999999996500, 2.675000000000091300 ) ) ;
#720 = AXIS2_PLACEMENT_3D ( 'NONE', #3860, #4507, #2049 ) ;
#721 = EDGE_LOOP ( 'NONE', ( #445, #3449, #4475, #6469 ) ) ;
#722 = LINE ( 'NONE', #3227, #2025 ) ;
#723 = UNCERTAINTY_MEASURE_WITH_UNIT (LENGTH_MEASURE( 1.000000000000000100E-005 ), #2342, 'distance_accuracy_value', 'NONE');
#724 = AXIS2_PLACEMENT_3D ( 'NONE', #300, #4375, #4419 ) ;
#725 = ORIENTED_EDGE ( 'NONE', *, *, #4220, .F. ) ;
#726 = VERTEX_POINT ( 'NONE', #3914 ) ;
#727 = AXIS2_PLACEMENT_3D ( 'NONE', #2691, #1687, #5613 ) ;
#728 = DIRECTION ( 'NONE',  ( -1.000000000000000000, 0.0000000000000000000, 0.0000000000000000000 ) ) ;
#729 = EDGE_CURVE ( 'NONE', #4236, #2501, #2014, .T. ) ;
#730 = CARTESIAN_POINT ( 'NONE',  ( -1.966339720411155200, 0.1999999999999996500, 1.800000000000062000 ) ) ;
#731 = CARTESIAN_POINT ( 'NONE',  ( -1.416339720411399000, 0.1999999999999996500, 2.020000000000119000 ) ) ;
#732 = CIRCLE ( 'NONE', #727, 0.09999999999945426200 ) ;
#733 = CARTESIAN_POINT ( 'NONE',  ( 0.5836566519171041400, 0.5200000000000004600, 2.800757432710078800 ) ) ;
#734 = ORIENTED_EDGE ( 'NONE', *, *, #3366, .F. ) ;
#735 = SURFACE_STYLE_USAGE ( .BOTH. , #700 ) ;
#736 =( NAMED_UNIT ( * ) PLANE_ANGLE_UNIT ( ) SI_UNIT ( $, .RADIAN. ) );
#737 = DIRECTION ( 'NONE',  ( 5.685285141969572400E-013, 0.0000000000000000000, -1.000000000000000000 ) ) ;
#738 = EDGE_LOOP ( 'NONE', ( #210, #1096, #1944, #1578 ) ) ;
#739 =( GEOMETRIC_REPRESENTATION_CONTEXT ( 3 ) GLOBAL_UNCERTAINTY_ASSIGNED_CONTEXT ( ( #4031 ) ) GLOBAL_UNIT_ASSIGNED_CONTEXT ( ( #1369, #2423, #3389 ) ) REPRESENTATION_CONTEXT ( 'NONE', 'WORKASPACE' ) );
#740 = COLOUR_RGB ( '',1.000000000000000000, 1.000000000000000000, 1.000000000000000000 ) ;
#741 = CARTESIAN_POINT ( 'NONE',  ( -1.789100780791993600, 0.2000000000000005100, 2.028000000000611500 ) ) ;
#742 = ORIENTED_EDGE ( 'NONE', *, *, #4815, .F. ) ;
#743 = CARTESIAN_POINT ( 'NONE',  ( 0.7836602795888736300, 0.1999999999999996500, 2.424999999999636600 ) ) ;
#744 = PRESENTATION_LAYER_ASSIGNMENT (  '', '', ( #3729 ) ) ;
#745 = DIRECTION ( 'NONE',  ( 0.0000000000000000000, 1.000000000000000000, -0.0000000000000000000 ) ) ;
#746 = LINE ( 'NONE', #4944, #3268 ) ;
#747 = AXIS2_PLACEMENT_3D ( 'NONE', #1626, #1158, #4659 ) ;
#748 = CARTESIAN_POINT ( 'NONE',  ( -1.789100780792510600, 0.1999999999999992300, 2.972000000000317900 ) ) ;
#749 = CARTESIAN_POINT ( 'NONE',  ( -2.216339720411125900, 0.0000000000000000000, 3.200000000000182300 ) ) ;
#750 = DIRECTION ( 'NONE',  ( -0.08715574274765836000, 0.9961946980917455500, 0.0000000000000000000 ) ) ;
#751 = CYLINDRICAL_SURFACE ( 'NONE', #1841, 0.09999999999990918900 ) ;
#752 = STYLED_ITEM ( 'NONE', ( #452 ), #3467 ) ;
#753 = ORIENTED_EDGE ( 'NONE', *, *, #354, .F. ) ;
#754 = DIRECTION ( 'NONE',  ( 0.0000000000000000000, -1.000000000000000000, 0.0000000000000000000 ) ) ;
#755 = LINE ( 'NONE', #5543, #917 ) ;
#756 = CARTESIAN_POINT ( 'NONE',  ( -0.04133972041139941800, 0.09999999999999982500, 3.100000000000045800 ) ) ;
#757 = CYLINDRICAL_SURFACE ( 'NONE', #3476, 0.09999999999990485900 ) ;
#758 = CYLINDRICAL_SURFACE ( 'NONE', #3247, 0.1000000000000251900 ) ;
#759 = UNCERTAINTY_MEASURE_WITH_UNIT (LENGTH_MEASURE( 1.000000000000000100E-005 ), #926, 'distance_accuracy_value', 'NONE');
#760 = CARTESIAN_POINT ( 'NONE',  ( -2.216339720411125900, 0.1999999999999996500, 3.200000000000182300 ) ) ;
#761 = AXIS2_PLACEMENT_3D ( 'NONE', #1216, #6126, #6190 ) ;
#762 = VERTEX_POINT ( 'NONE', #334 ) ;
#763 = VERTEX_POINT ( 'NONE', #5386 ) ;
#764 = FILL_AREA_STYLE ('',( #4722 ) ) ;
#765 = CARTESIAN_POINT ( 'NONE',  ( -1.616339720411101000, 0.09999999999999982500, 3.200000000000071200 ) ) ;
#766 = AXIS2_PLACEMENT_3D ( 'NONE', #4005, #903, #6366 ) ;
#767 = LINE ( 'NONE', #3900, #1653 ) ;
#768 = EDGE_CURVE ( 'NONE', #1220, #2237, #6176, .T. ) ;
#769 = VERTEX_POINT ( 'NONE', #4918 ) ;
#770 = DIRECTION ( 'NONE',  ( -0.3846153846147275500, 0.0000000000000000000, 0.9230769230771968000 ) ) ;
#771 = ORIENTED_EDGE ( 'NONE', *, *, #592, .T. ) ;
#772 = CARTESIAN_POINT ( 'NONE',  ( -2.216339720411125900, 0.09999999999999982500, 2.425000000000091300 ) ) ;
#773 =( NAMED_UNIT ( * ) SI_UNIT ( $, .STERADIAN. ) SOLID_ANGLE_UNIT ( ) );
#774 = LINE ( 'NONE', #4503, #2533 ) ;
#775 = VECTOR ( 'NONE', #6233, 1000.000000000000000 ) ;
#776 = ORIENTED_EDGE ( 'NONE', *, *, #2088, .F. ) ;
#777 = EDGE_CURVE ( 'NONE', #2695, #2219, #4799, .T. ) ;
#778 = CARTESIAN_POINT ( 'NONE',  ( -1.066339720411490400, 0.09999999999999982500, 3.199999999999500100 ) ) ;
#779 = ORIENTED_EDGE ( 'NONE', *, *, #3763, .T. ) ;
#780 = ORIENTED_EDGE ( 'NONE', *, *, #2661, .T. ) ;
#781 = AXIS2_PLACEMENT_3D ( 'NONE', #5443, #2995, #6428 ) ;
#782 = SURFACE_SIDE_STYLE ('',( #3561 ) ) ;
#783 = CARTESIAN_POINT ( 'NONE',  ( -1.616339720410989900, 0.1999999999999996500, 1.800000000000318700 ) ) ;
#784 = LINE ( 'NONE', #3350, #6403 ) ;
#785 = VERTEX_POINT ( 'NONE', #4412 ) ;
#786 = EDGE_CURVE ( 'NONE', #1642, #2755, #5557, .T. ) ;
#787 = LINE ( 'NONE', #881, #5944 ) ;
#788 = VECTOR ( 'NONE', #3092, 1000.000000000000000 ) ;
#789 = CARTESIAN_POINT ( 'NONE',  ( -2.016339720411251400, 0.09999999999999982500, 3.100000000000045800 ) ) ;
#790 = VERTEX_POINT ( 'NONE', #5011 ) ;
#791 = AXIS2_PLACEMENT_3D ( 'NONE', #4590, #2621, #4084 ) ;
#792 = CARTESIAN_POINT ( 'NONE',  ( -0.04133972041094448300, 0.1999999999999996500, 3.199999999999500100 ) ) ;
#793 = FACE_OUTER_BOUND ( 'NONE', #4392, .T. ) ;
#794 =( NAMED_UNIT ( * ) SI_UNIT ( $, .STERADIAN. ) SOLID_ANGLE_UNIT ( ) );
#795 = ADVANCED_FACE ( 'NONE', ( #3311 ), #5980, .F. ) ;
#796 = ORIENTED_EDGE ( 'NONE', *, *, #6447, .T. ) ;
#797 = VECTOR ( 'NONE', #1793, 1000.000000000000000 ) ;
#798 = DIRECTION ( 'NONE',  ( 0.0000000000000000000, 1.000000000000000000, -0.0000000000000000000 ) ) ;
#799 = PRESENTATION_LAYER_ASSIGNMENT (  '', '', ( #6275 ) ) ;
#800 = EDGE_CURVE ( 'NONE', #4209, #2216, #3097, .T. ) ;
#801 = LINE ( 'NONE', #2986, #1855 ) ;
#802 = CARTESIAN_POINT ( 'NONE',  ( -0.1413397204103983000, 0.1999999999999996500, 3.200000000000182300 ) ) ;
#803 = AXIS2_PLACEMENT_3D ( 'NONE', #3921, #3895, #5798 ) ;
#804 = CARTESIAN_POINT ( 'NONE',  ( -1.716339720410893200, 0.0000000000000000000, 2.900000000000005700 ) ) ;
#805 = DIRECTION ( 'NONE',  ( -0.9961946980917455500, 0.08715574274765847100, 0.0000000000000000000 ) ) ;
#806 = ORIENTED_EDGE ( 'NONE', *, *, #6142, .F. ) ;
#807 = EDGE_CURVE ( 'NONE', #4394, #5605, #402, .T. ) ;
#808 = COLOUR_RGB ( '',1.000000000000000000, 1.000000000000000000, 1.000000000000000000 ) ;
#809 = CARTESIAN_POINT ( 'NONE',  ( 0.7836602795888739600, 0.09999999999999982500, 1.800000000000091300 ) ) ;
#810 = CARTESIAN_POINT ( 'NONE',  ( -1.208006387077914500, 0.1999999999999996500, 3.200000000000182300 ) ) ;
#811 = DIRECTION ( 'NONE',  ( 0.0000000000000000000, 1.000000000000000000, -0.0000000000000000000 ) ) ;
#812 = CARTESIAN_POINT ( 'NONE',  ( -2.016339720411312700, 0.09999999999999982500, 1.999999999999905000 ) ) ;
#813 = FACE_OUTER_BOUND ( 'NONE', #5287, .T. ) ;
#814 = ORIENTED_EDGE ( 'NONE', *, *, #5747, .T. ) ;
#815 =( NAMED_UNIT ( * ) SI_UNIT ( $, .STERADIAN. ) SOLID_ANGLE_UNIT ( ) );
#816 = CARTESIAN_POINT ( 'NONE',  ( -1.616339720410762300, 0.09999999999999982500, 2.100000000000045800 ) ) ;
#817 = DIRECTION ( 'NONE',  ( 0.0000000000000000000, 0.0000000000000000000, 1.000000000000000000 ) ) ;
#818 = EDGE_LOOP ( 'NONE', ( #1946, #1901, #2194, #2744 ) ) ;
#819 = EDGE_CURVE ( 'NONE', #1604, #1704, #1765, .T. ) ;
#820 =( LENGTH_UNIT ( ) NAMED_UNIT ( * ) SI_UNIT ( .MILLI., .METRE. ) );
#821 = LINE ( 'NONE', #6025, #4679 ) ;
#822 = CARTESIAN_POINT ( 'NONE',  ( 0.5556602795888085900, 0.1999999999999996500, 2.028000000000612000 ) ) ;
#823 = VERTEX_POINT ( 'NONE', #2020 ) ;
#824 = CIRCLE ( 'NONE', #1622, 0.09999999999993868000 ) ;
#825 = PRESENTATION_LAYER_ASSIGNMENT (  '', '', ( #5651 ) ) ;
#826 = CARTESIAN_POINT ( 'NONE',  ( -1.988339720411060700, 0.1999999999999987900, 2.972000000000344100 ) ) ;
#827 = CARTESIAN_POINT ( 'NONE',  ( 0.3579233739251812000, 0.2345994752125254200, 2.225736905664238700 ) ) ;
#828 = FACE_OUTER_BOUND ( 'NONE', #3141, .T. ) ;
#829 = CYLINDRICAL_SURFACE ( 'NONE', #635, 0.2000000000000002300 ) ;
#830 = DIRECTION ( 'NONE',  ( -1.000000000000000000, -0.0000000000000000000, -0.0000000000000000000 ) ) ;
#831 = EDGE_CURVE ( 'NONE', #5716, #3986, #1770, .T. ) ;
#832 = VECTOR ( 'NONE', #4091, 1000.000000000000000 ) ;
#833 = FILL_AREA_STYLE ('',( #336 ) ) ;
#834 = ORIENTED_EDGE ( 'NONE', *, *, #3020, .F. ) ;
#835 =( NAMED_UNIT ( * ) SI_UNIT ( $, .STERADIAN. ) SOLID_ANGLE_UNIT ( ) );
#836 = CLOSED_SHELL ( 'NONE', ( #6449, #2349, #2026, #6262, #4115, #707, #371, #3770, #1502, #1432 ) ) ;
#837 = CARTESIAN_POINT ( 'NONE',  ( -1.616339720411330800, 0.1999999999999996500, 2.900000000000114500 ) ) ;
#838 = LINE ( 'NONE', #6470, #599 ) ;
#839 = VECTOR ( 'NONE', #2409, 1000.000000000000000 ) ;
#840 = VECTOR ( 'NONE', #1977, 1000.000000000000000 ) ;
#841 = AXIS2_PLACEMENT_3D ( 'NONE', #6082, #4098, #1114 ) ;
#842 =( BOUNDED_CURVE ( )  B_SPLINE_CURVE ( 3, ( #748, #6207, #1270, #4747 ),
 .UNSPECIFIED., .F., .T. ) 
 B_SPLINE_CURVE_WITH_KNOTS ( ( 4, 4 ),
 ( 2.359992588465148700, 3.923192718714000100 ),
 .UNSPECIFIED. ) 
 CURVE ( )  GEOMETRIC_REPRESENTATION_ITEM ( )  RATIONAL_B_SPLINE_CURVE ( ( 1.000000000000000000, 0.8065248903852264600, 0.8065248903852264600, 1.000000000000000000 ) ) 
 REPRESENTATION_ITEM ( '' )  );
#843 = CARTESIAN_POINT ( 'NONE',  ( -1.474673053744338400, 0.09999999999999982500, 1.800000000000091300 ) ) ;
#844 = ORIENTED_EDGE ( 'NONE', *, *, #6170, .T. ) ;
#845 = DIRECTION ( 'NONE',  ( -0.0000000000000000000, -1.000000000000000000, 0.0000000000000000000 ) ) ;
#846 = EDGE_LOOP ( 'NONE', ( #3871, #2044, #467, #4117 ) ) ;
#847 = CIRCLE ( 'NONE', #1562, 0.1000000000000251900 ) ;
#848 = PRESENTATION_STYLE_ASSIGNMENT (( #412 ) ) ;
#849 = CARTESIAN_POINT ( 'NONE',  ( -1.191980746052051300, 0.09999999999999982500, 3.161538461538521400 ) ) ;
#850 =( NAMED_UNIT ( * ) PLANE_ANGLE_UNIT ( ) SI_UNIT ( $, .RADIAN. ) );
#851 = EDGE_LOOP ( 'NONE', ( #5304, #542, #1072, #6454 ) ) ;
#852 = DIRECTION ( 'NONE',  ( -1.000000000000000000, -0.0000000000000000000, -0.0000000000000000000 ) ) ;
#853 =( GEOMETRIC_REPRESENTATION_CONTEXT ( 3 ) GLOBAL_UNCERTAINTY_ASSIGNED_CONTEXT ( ( #6350 ) ) GLOBAL_UNIT_ASSIGNED_CONTEXT ( ( #1762, #5779, #4801 ) ) REPRESENTATION_CONTEXT ( 'NONE', 'WORKASPACE' ) );
#854 = ORIENTED_EDGE ( 'NONE', *, *, #6380, .F. ) ;
#855 = CIRCLE ( 'NONE', #4860, 0.1000000000000254200 ) ;
#856 = EDGE_CURVE ( 'NONE', #790, #5703, #1283, .T. ) ;
#857 = CARTESIAN_POINT ( 'NONE',  ( 0.7836602795888739600, 0.1999999999999996500, 1.800000000000091300 ) ) ;
#858 = CARTESIAN_POINT ( 'NONE',  ( 0.7836602795884186600, 0.1999999999999996500, 2.325000000000181800 ) ) ;
#859 = VECTOR ( 'NONE', #1686, 1000.000000000000000 ) ;
#860 = ORIENTED_EDGE ( 'NONE', *, *, #1923, .T. ) ;
#861 = EDGE_LOOP ( 'NONE', ( #1028, #5550, #1291, #351 ) ) ;
#862 = CARTESIAN_POINT ( 'NONE',  ( 0.7836602795888736300, 0.1999999999999996500, 2.575000000000637000 ) ) ;
#863 = CARTESIAN_POINT ( 'NONE',  ( -1.916339720410946900, 0.0000000000000000000, 2.100000000000042700 ) ) ;
#864 = ADVANCED_FACE ( 'NONE', ( #5628 ), #4298, .T. ) ;
#865 = LINE ( 'NONE', #3492, #4719 ) ;
#866 = ORIENTED_EDGE ( 'NONE', *, *, #3607, .F. ) ;
#867 =( GEOMETRIC_REPRESENTATION_CONTEXT ( 3 ) GLOBAL_UNCERTAINTY_ASSIGNED_CONTEXT ( ( #723 ) ) GLOBAL_UNIT_ASSIGNED_CONTEXT ( ( #2342, #2804, #6223 ) ) REPRESENTATION_CONTEXT ( 'NONE', 'WORKASPACE' ) );
#868 = DIRECTION ( 'NONE',  ( -0.0000000000000000000, -1.000000000000000000, 0.0000000000000000000 ) ) ;
#869 = ADVANCED_FACE ( 'NONE', ( #6299 ), #421, .F. ) ;
#870 = CARTESIAN_POINT ( 'NONE',  ( -1.408647412718748700, 0.1999999999999996500, 1.981538461538457700 ) ) ;
#871 = CARTESIAN_POINT ( 'NONE',  ( -1.966339720411239800, 0.1999999999999996500, 3.200000000000068600 ) ) ;
#872 = CYLINDRICAL_SURFACE ( 'NONE', #2030, 0.09999999999990918900 ) ;
#873 = ORIENTED_EDGE ( 'NONE', *, *, #1298, .F. ) ;
#874 = PRESENTATION_STYLE_ASSIGNMENT (( #4791 ) ) ;
#875 =( GEOMETRIC_REPRESENTATION_CONTEXT ( 3 ) GLOBAL_UNCERTAINTY_ASSIGNED_CONTEXT ( ( #5841 ) ) GLOBAL_UNIT_ASSIGNED_CONTEXT ( ( #1570, #2730, #6172 ) ) REPRESENTATION_CONTEXT ( 'NONE', 'WORKASPACE' ) );
#876 = EDGE_CURVE ( 'NONE', #5534, #3426, #3137, .T. ) ;
#877 = VECTOR ( 'NONE', #1360, 1000.000000000000000 ) ;
#878 = VERTEX_POINT ( 'NONE', #2489 ) ;
#879 =( LENGTH_UNIT ( ) NAMED_UNIT ( * ) SI_UNIT ( .MILLI., .METRE. ) );
#880 = VECTOR ( 'NONE', #830, 1000.000000000000000 ) ;
#881 = CARTESIAN_POINT ( 'NONE',  ( 0.5836602795890560900, 0.09999999999999982500, 2.900000000000000800 ) ) ;
#882 = CARTESIAN_POINT ( 'NONE',  ( -1.099673053744337800, 0.1999999999999996500, 3.100000000000273200 ) ) ;
#883 = PRESENTATION_LAYER_ASSIGNMENT (  '', '', ( #4371 ) ) ;
#884 = CARTESIAN_POINT ( 'NONE',  ( -2.216339720411125900, 0.5200000000000004600, 2.999996372328624700 ) ) ;
#885 = SURFACE_STYLE_FILL_AREA ( #5718 ) ;
#886 = VERTEX_POINT ( 'NONE', #4026 ) ;
#887 = DIRECTION ( 'NONE',  ( -1.000000000000000000, -0.0000000000000000000, -0.0000000000000000000 ) ) ;
#888 = ORIENTED_EDGE ( 'NONE', *, *, #2196, .F. ) ;
#889 = SURFACE_SIDE_STYLE ('',( #1906 ) ) ;
#890 = VECTOR ( 'NONE', #4205, 1000.000000000000000 ) ;
#891 =( NAMED_UNIT ( * ) PLANE_ANGLE_UNIT ( ) SI_UNIT ( $, .RADIAN. ) );
#892 = DIRECTION ( 'NONE',  ( 0.0000000000000000000, 0.9961946980917455500, 0.08715574274765837400 ) ) ;
#893 = EDGE_LOOP ( 'NONE', ( #3320, #2456, #3044, #568 ) ) ;
#894 = EDGE_CURVE ( 'NONE', #2809, #2696, #3515, .T. ) ;
#895 = CARTESIAN_POINT ( 'NONE',  ( -2.016336092738757900, 0.5200000000000126700, 2.199242567290567300 ) ) ;
#896 = ADVANCED_FACE ( 'NONE', ( #2835 ), #757, .F. ) ;
#897 = CARTESIAN_POINT ( 'NONE',  ( -1.716339720410671800, 0.0000000000000000000, 2.900000000000000400 ) ) ;
#898 = AXIS2_PLACEMENT_3D ( 'NONE', #5141, #1655, #1159 ) ;
#899 = ADVANCED_FACE ( 'NONE', ( #3587 ), #1619, .F. ) ;
#900 = CARTESIAN_POINT ( 'NONE',  ( 0.6836602795889648000, 0.09999999999999982500, 2.000000000000023100 ) ) ;
#901 = CIRCLE ( 'NONE', #4015, 0.1000000000001364400 ) ;
#902 = EDGE_CURVE ( 'NONE', #3423, #5600, #4522, .T. ) ;
#903 = DIRECTION ( 'NONE',  ( -3.209939973140663100E-013, 0.0000000000000000000, -1.000000000000000000 ) ) ;
#904 = DIRECTION ( 'NONE',  ( 1.000000000000000000, 0.0000000000000000000, 0.0000000000000000000 ) ) ;
#905 = DIRECTION ( 'NONE',  ( 0.0000000000000000000, 1.000000000000000000, -0.0000000000000000000 ) ) ;
#906 = VECTOR ( 'NONE', #5175, 1000.000000000000000 ) ;
#907 = CARTESIAN_POINT ( 'NONE',  ( -1.716339720411126400, 0.0000000000000000000, 3.000000000000136800 ) ) ;
#908 = SURFACE_STYLE_USAGE ( .BOTH. , #414 ) ;
#909 = LINE ( 'NONE', #5829, #3075 ) ;
#910 =( GEOMETRIC_REPRESENTATION_CONTEXT ( 3 ) GLOBAL_UNCERTAINTY_ASSIGNED_CONTEXT ( ( #2133 ) ) GLOBAL_UNIT_ASSIGNED_CONTEXT ( ( #5636, #3549, #6020 ) ) REPRESENTATION_CONTEXT ( 'NONE', 'WORKASPACE' ) );
#911 =( LENGTH_UNIT ( ) NAMED_UNIT ( * ) SI_UNIT ( .MILLI., .METRE. ) );
#912 = LINE ( 'NONE', #1589, #1318 ) ;
#913 = VECTOR ( 'NONE', #1629, 1000.000000000000000 ) ;
#914 = EDGE_CURVE ( 'NONE', #5090, #3038, #5676, .T. ) ;
#915 = ORIENTED_EDGE ( 'NONE', *, *, #5339, .T. ) ;
#916 = CARTESIAN_POINT ( 'NONE',  ( 0.5836602795887148000, 0.1999999999999996500, 1.900000000000000100 ) ) ;
#917 = VECTOR ( 'NONE', #2659, 1000.000000000000000 ) ;
#918 = SURFACE_STYLE_FILL_AREA ( #4904 ) ;
#919 = AXIS2_PLACEMENT_3D ( 'NONE', #6147, #4242, #3677 ) ;
#920 = ORIENTED_EDGE ( 'NONE', *, *, #6242, .F. ) ;
#921 = DIRECTION ( 'NONE',  ( -0.0000000000000000000, -1.000000000000000000, -0.0000000000000000000 ) ) ;
#922 = ORIENTED_EDGE ( 'NONE', *, *, #270, .T. ) ;
#923 = CARTESIAN_POINT ( 'NONE',  ( 0.6836602795889648000, 0.1999999999999996500, 2.999999999999909400 ) ) ;
#924 = CARTESIAN_POINT ( 'NONE',  ( -2.016339720410853100, 0.0000000000000000000, 2.100000000000044500 ) ) ;
#925 = FACE_OUTER_BOUND ( 'NONE', #4776, .T. ) ;
#926 =( LENGTH_UNIT ( ) NAMED_UNIT ( * ) SI_UNIT ( .MILLI., .METRE. ) );
#927 = UNCERTAINTY_MEASURE_WITH_UNIT (LENGTH_MEASURE( 1.000000000000000100E-005 ), #1031, 'distance_accuracy_value', 'NONE');
#928 = ORIENTED_EDGE ( 'NONE', *, *, #85, .T. ) ;
#929 = ADVANCED_FACE ( 'NONE', ( #5366 ), #1313, .T. ) ;
#930 = ORIENTED_EDGE ( 'NONE', *, *, #6397, .F. ) ;
#931 = FACE_OUTER_BOUND ( 'NONE', #566, .T. ) ;
#932 = EDGE_CURVE ( 'NONE', #5703, #3135, #2211, .T. ) ;
#933 = CARTESIAN_POINT ( 'NONE',  ( -0.1413397204113077400, 0.1999999999999996500, 1.800000000000091300 ) ) ;
#934 = ADVANCED_FACE ( 'NONE', ( #2749 ), #3533, .F. ) ;
#935 = CARTESIAN_POINT ( 'NONE',  ( -0.9663397204111267000, 0.09999999999999982500, 3.000000000000136800 ) ) ;
#936 = DIRECTION ( 'NONE',  ( -0.0000000000000000000, -1.000000000000000000, -0.0000000000000000000 ) ) ;
#937 = CIRCLE ( 'NONE', #724, 0.1000000000000254200 ) ;
#938 = DIRECTION ( 'NONE',  ( 0.0000000000000000000, 1.000000000000000000, -0.0000000000000000000 ) ) ;
#939 =( NAMED_UNIT ( * ) PLANE_ANGLE_UNIT ( ) SI_UNIT ( $, .RADIAN. ) );
#940 =( GEOMETRIC_REPRESENTATION_CONTEXT ( 3 ) GLOBAL_UNCERTAINTY_ASSIGNED_CONTEXT ( ( #3386 ) ) GLOBAL_UNIT_ASSIGNED_CONTEXT ( ( #3212, #4166, #1640 ) ) REPRESENTATION_CONTEXT ( 'NONE', 'WORKASPACE' ) );
#941 = AXIS2_PLACEMENT_3D ( 'NONE', #2372, #4422, #6401 ) ;
#942 = ORIENTED_EDGE ( 'NONE', *, *, #3398, .T. ) ;
#943 = EDGE_CURVE ( 'NONE', #3986, #5965, #5598, .T. ) ;
#944 = ORIENTED_EDGE ( 'NONE', *, *, #236, .T. ) ;
#945 = FILL_AREA_STYLE_COLOUR ( '', #682 ) ;
#946 = DIRECTION ( 'NONE',  ( -1.000000000000000000, 0.0000000000000000000, 0.0000000000000000000 ) ) ;
#947 = LINE ( 'NONE', #295, #5939 ) ;
#948 = CARTESIAN_POINT ( 'NONE',  ( -1.616339720411101000, 0.1999999999999996500, 3.200000000000071200 ) ) ;
#949 = ORIENTED_EDGE ( 'NONE', *, *, #3226, .T. ) ;
#950 =( NAMED_UNIT ( * ) SI_UNIT ( $, .STERADIAN. ) SOLID_ANGLE_UNIT ( ) );
#951 = SURFACE_STYLE_FILL_AREA ( #4343 ) ;
#952 = VECTOR ( 'NONE', #4620, 1000.000000000000000 ) ;
#953 = EDGE_CURVE ( 'NONE', #6241, #435, #2508, .T. ) ;
#954 =( NAMED_UNIT ( * ) SI_UNIT ( $, .STERADIAN. ) SOLID_ANGLE_UNIT ( ) );
#955 = PRESENTATION_STYLE_ASSIGNMENT (( #3203 ) ) ;
#956 = DIRECTION ( 'NONE',  ( -0.0000000000000000000, -1.000000000000000000, 0.0000000000000000000 ) ) ;
#957 = DIRECTION ( 'NONE',  ( -1.000000000000000000, -0.0000000000000000000, -0.0000000000000000000 ) ) ;
#958 = CARTESIAN_POINT ( 'NONE',  ( 0.5836566519171041400, 0.5200000000000004600, 2.800757432710078800 ) ) ;
#959 = VERTEX_POINT ( 'NONE', #612 ) ;
#960 = AXIS2_PLACEMENT_3D ( 'NONE', #1727, #1703, #2709 ) ;
#961 = LINE ( 'NONE', #622, #6415 ) ;
#962 = ADVANCED_FACE ( 'NONE', ( #5007 ), #532, .T. ) ;
#963 = EDGE_CURVE ( 'NONE', #3851, #2219, #370, .T. ) ;
#964 =( NAMED_UNIT ( * ) PLANE_ANGLE_UNIT ( ) SI_UNIT ( $, .RADIAN. ) );
#965 = UNCERTAINTY_MEASURE_WITH_UNIT (LENGTH_MEASURE( 1.000000000000000100E-005 ), #4347, 'distance_accuracy_value', 'NONE');
#966 =( NAMED_UNIT ( * ) PLANE_ANGLE_UNIT ( ) SI_UNIT ( $, .RADIAN. ) );
#967 = PRESENTATION_STYLE_ASSIGNMENT (( #3753 ) ) ;
#968 = ORIENTED_EDGE ( 'NONE', *, *, #2217, .F. ) ;
#969 = CARTESIAN_POINT ( 'NONE',  ( -1.916339720410944200, 0.09999999999999982500, 3.000000000000136800 ) ) ;
#970 = PRESENTATION_LAYER_ASSIGNMENT (  '', '', ( #3453 ) ) ;
#971 = FILL_AREA_STYLE ('',( #4048 ) ) ;
#972 = DIRECTION ( 'NONE',  ( 0.0000000000000000000, 0.0000000000000000000, -1.000000000000000000 ) ) ;
#973 = ORIENTED_EDGE ( 'NONE', *, *, #1899, .T. ) ;
#974 = DIRECTION ( 'NONE',  ( 0.0000000000000000000, 0.0000000000000000000, -1.000000000000000000 ) ) ;
#975 = CARTESIAN_POINT ( 'NONE',  ( -1.716339720411009600, 0.0000000000000000000, 3.000000000000136800 ) ) ;
#976 = AXIS2_PLACEMENT_3D ( 'NONE', #5540, #82, #6102 ) ;
#977 = LINE ( 'NONE', #5764, #4046 ) ;
#978 =( GEOMETRIC_REPRESENTATION_CONTEXT ( 3 ) GLOBAL_UNCERTAINTY_ASSIGNED_CONTEXT ( ( #1463 ) ) GLOBAL_UNIT_ASSIGNED_CONTEXT ( ( #553, #3534, #6043 ) ) REPRESENTATION_CONTEXT ( 'NONE', 'WORKASPACE' ) );
#979 = CARTESIAN_POINT ( 'NONE',  ( 0.5836602795890552000, 0.09999999999999982500, 2.900000000000000400 ) ) ;
#980 = ORIENTED_EDGE ( 'NONE', *, *, #5004, .F. ) ;
#981 = EDGE_CURVE ( 'NONE', #1609, #5703, #211, .T. ) ;
#982 = VECTOR ( 'NONE', #4474, 1000.000000000000000 ) ;
#983 = SURFACE_STYLE_USAGE ( .BOTH. , #3999 ) ;
#984 = ORIENTED_EDGE ( 'NONE', *, *, #4435, .T. ) ;
#985 = DIRECTION ( 'NONE',  ( -0.0000000000000000000, 1.000000000000000000, -0.0000000000000000000 ) ) ;
#986 =( NAMED_UNIT ( * ) PLANE_ANGLE_UNIT ( ) SI_UNIT ( $, .RADIAN. ) );
#987 = ORIENTED_EDGE ( 'NONE', *, *, #2886, .F. ) ;
#988 =( NAMED_UNIT ( * ) SI_UNIT ( $, .STERADIAN. ) SOLID_ANGLE_UNIT ( ) );
#989 = AXIS2_PLACEMENT_3D ( 'NONE', #3187, #5683, #6165 ) ;
#990 = ADVANCED_FACE ( 'NONE', ( #4843, #3661 ), #1789, .F. ) ;
#991 = FACE_OUTER_BOUND ( 'NONE', #2081, .T. ) ;
#992 = ORIENTED_EDGE ( 'NONE', *, *, #3721, .F. ) ;
#993 = CARTESIAN_POINT ( 'NONE',  ( -2.216339720411125900, 0.09999999999999982500, 1.900000000000000400 ) ) ;
#994 = CARTESIAN_POINT ( 'NONE',  ( -1.716339720411126400, 0.0000000000000000000, 1.999999999999909400 ) ) ;
#995 = VERTEX_POINT ( 'NONE', #5554 ) ;
#996 = AXIS2_PLACEMENT_3D ( 'NONE', #393, #6379, #6316 ) ;
#997 = SURFACE_SIDE_STYLE ('',( #5566 ) ) ;
#998 = VECTOR ( 'NONE', #5631, 1000.000000000000000 ) ;
#999 = COLOUR_RGB ( '',1.000000000000000000, 1.000000000000000000, 1.000000000000000000 ) ;
#1000 = VECTOR ( 'NONE', #603, 1000.000000000000000 ) ;
#1001 = EDGE_CURVE ( 'NONE', #4386, #6462, #3945, .T. ) ;
#1002 =( NAMED_UNIT ( * ) SI_UNIT ( $, .STERADIAN. ) SOLID_ANGLE_UNIT ( ) );
#1003 = ORIENTED_EDGE ( 'NONE', *, *, #35, .T. ) ;
#1004 = PLANE ( 'NONE',  #5073 ) ;
#1005 = ORIENTED_EDGE ( 'NONE', *, *, #4192, .T. ) ;
#1006 = CARTESIAN_POINT ( 'NONE',  ( 0.5836602795886579600, 0.1999999999999996500, 3.100000000000045800 ) ) ;
#1007 = LINE ( 'NONE', #5813, #699 ) ;
#1008 = UNCERTAINTY_MEASURE_WITH_UNIT (LENGTH_MEASURE( 1.000000000000000100E-005 ), #1595, 'distance_accuracy_value', 'NONE');
#1009 = DIRECTION ( 'NONE',  ( -1.000000000000000000, -0.0000000000000000000, -0.0000000000000000000 ) ) ;
#1010 =( LENGTH_UNIT ( ) NAMED_UNIT ( * ) SI_UNIT ( .MILLI., .METRE. ) );
#1011 = ORIENTED_EDGE ( 'NONE', *, *, #4175, .T. ) ;
#1012 = VERTEX_POINT ( 'NONE', #1831 ) ;
#1013 = CARTESIAN_POINT ( 'NONE',  ( -0.1413397204113086000, 0.1999999999999996500, 1.800000000000091300 ) ) ;
#1014 = FACE_OUTER_BOUND ( 'NONE', #294, .T. ) ;
#1015 = SURFACE_STYLE_USAGE ( .BOTH. , #6436 ) ;
#1016 = PRESENTATION_STYLE_ASSIGNMENT (( #4695 ) ) ;
#1017 = VERTEX_POINT ( 'NONE', #2799 ) ;
#1018 = STYLED_ITEM ( 'NONE', ( #3356 ), #3541 ) ;
#1019 = EDGE_CURVE ( 'NONE', #3668, #4386, #1722, .T. ) ;
#1020 = CARTESIAN_POINT ( 'NONE',  ( 0.7836602795888739600, 0.5200000000000000200, 1.800000000000091300 ) ) ;
#1021 = CARTESIAN_POINT ( 'NONE',  ( 0.5013120390421668100, 0.5200000000000004600, 2.000003627672316300 ) ) ;
#1022 = DIRECTION ( 'NONE',  ( 1.000000000000000000, -0.0000000000000000000, 0.0000000000000000000 ) ) ;
#1023 = ORIENTED_EDGE ( 'NONE', *, *, #4607, .T. ) ;
#1024 = PRESENTATION_LAYER_ASSIGNMENT (  '', '', ( #2873 ) ) ;
#1025 = EDGE_CURVE ( 'NONE', #240, #2537, #4165, .T. ) ;
#1026 = CARTESIAN_POINT ( 'NONE',  ( -1.474673053744338000, 0.09999999999999982500, 1.800000000000091300 ) ) ;
#1027 = LINE ( 'NONE', #3012, #4959 ) ;
#1028 = ORIENTED_EDGE ( 'NONE', *, *, #4647, .T. ) ;
#1029 = SURFACE_STYLE_USAGE ( .BOTH. , #564 ) ;
#1030 = DIRECTION ( 'NONE',  ( -0.0000000000000000000, 1.000000000000000000, 0.0000000000000000000 ) ) ;
#1031 =( LENGTH_UNIT ( ) NAMED_UNIT ( * ) SI_UNIT ( .MILLI., .METRE. ) );
#1032 = DIRECTION ( 'NONE',  ( -1.000000000000000000, -0.0000000000000000000, -0.0000000000000000000 ) ) ;
#1033 = LINE ( 'NONE', #2498, #1210 ) ;
#1034 = ORIENTED_EDGE ( 'NONE', *, *, #2584, .F. ) ;
#1035 = LINE ( 'NONE', #2405, #6185 ) ;
#1036 = AXIS2_PLACEMENT_3D ( 'NONE', #2166, #2664, #2144 ) ;
#1037 = EDGE_CURVE ( 'NONE', #510, #5403, #6319, .T. ) ;
#1038 =( NAMED_UNIT ( * ) SI_UNIT ( $, .STERADIAN. ) SOLID_ANGLE_UNIT ( ) );
#1039 = DIRECTION ( 'NONE',  ( 0.0000000000000000000, 1.000000000000000000, -0.0000000000000000000 ) ) ;
#1040 = FACE_OUTER_BOUND ( 'NONE', #5575, .T. ) ;
#1041 =( NAMED_UNIT ( * ) PLANE_ANGLE_UNIT ( ) SI_UNIT ( $, .RADIAN. ) );
#1042 = UNCERTAINTY_MEASURE_WITH_UNIT (LENGTH_MEASURE( 1.000000000000000100E-005 ), #820, 'distance_accuracy_value', 'NONE');
#1043 = FILL_AREA_STYLE_COLOUR ( '', #4073 ) ;
#1044 = LINE ( 'NONE', #5190, #103 ) ;
#1045 = ORIENTED_EDGE ( 'NONE', *, *, #4434, .T. ) ;
#1046 = SURFACE_SIDE_STYLE ('',( #4232 ) ) ;
#1047 = VERTEX_POINT ( 'NONE', #5277 ) ;
#1048 = CARTESIAN_POINT ( 'NONE',  ( -1.474673053744338400, 0.09999999999999982500, 1.800000000000091300 ) ) ;
#1049 = CARTESIAN_POINT ( 'NONE',  ( 0.7836602795888736300, 0.1999999999999996500, 2.575000000000637000 ) ) ;
#1050 = DIRECTION ( 'NONE',  ( -1.000000000000000000, 0.0000000000000000000, 0.0000000000000000000 ) ) ;
#1051 = CYLINDRICAL_SURFACE ( 'NONE', #2033, 0.09999999999991049400 ) ;
#1052 = DIRECTION ( 'NONE',  ( -1.000000000000000000, 0.0000000000000000000, 0.0000000000000000000 ) ) ;
#1053 = ORIENTED_EDGE ( 'NONE', *, *, #6180, .F. ) ;
#1054 = AXIS2_PLACEMENT_3D ( 'NONE', #47, #4596, #3202 ) ;
#1055 = ORIENTED_EDGE ( 'NONE', *, *, #3435, .F. ) ;
#1056 = CARTESIAN_POINT ( 'NONE',  ( 0.5556602795888085900, 0.2000000000000005100, 2.227238939618961100 ) ) ;
#1057 = DIRECTION ( 'NONE',  ( -0.0000000000000000000, -1.000000000000000000, 0.0000000000000000000 ) ) ;
#1058 = MECHANICAL_DESIGN_GEOMETRIC_PRESENTATION_REPRESENTATION (  '', ( #59 ), #396 ) ;
#1059 = DIRECTION ( 'NONE',  ( -0.0000000000000000000, -1.000000000000000000, -0.0000000000000000000 ) ) ;
#1060 = AXIS2_PLACEMENT_3D ( 'NONE', #6377, #3923, #38 ) ;
#1061 = CARTESIAN_POINT ( 'NONE',  ( -1.429749259776423900, 0.2000000000000000900, 2.972000000000294400 ) ) ;
#1062 = LINE ( 'NONE', #2425, #982 ) ;
#1063 = EDGE_CURVE ( 'NONE', #4458, #3614, #5936, .T. ) ;
#1064 = FILL_AREA_STYLE ('',( #1482 ) ) ;
#1065 = ORIENTED_EDGE ( 'NONE', *, *, #4058, .F. ) ;
#1066 = DIRECTION ( 'NONE',  ( -1.000000000000000000, 0.0000000000000000000, 0.0000000000000000000 ) ) ;
#1067 = COLOUR_RGB ( '',1.000000000000000000, 1.000000000000000000, 1.000000000000000000 ) ;
#1068 = CIRCLE ( 'NONE', #1312, 0.09999999999990896700 ) ;
#1069 = ORIENTED_EDGE ( 'NONE', *, *, #800, .T. ) ;
#1070 = DIRECTION ( 'NONE',  ( -1.000000000000000000, 0.0000000000000000000, 4.336808689945391700E-015 ) ) ;
#1071 = DIRECTION ( 'NONE',  ( -0.0000000000000000000, -1.000000000000000000, 0.0000000000000000000 ) ) ;
#1072 = ORIENTED_EDGE ( 'NONE', *, *, #1715, .T. ) ;
#1073 = DIRECTION ( 'NONE',  ( -0.0000000000000000000, -1.000000000000000000, 0.0000000000000000000 ) ) ;
#1074 = FACE_OUTER_BOUND ( 'NONE', #3899, .T. ) ;
#1075 = VECTOR ( 'NONE', #2319, 1000.000000000000000 ) ;
#1076 = CARTESIAN_POINT ( 'NONE',  ( -0.04133972041139941800, 0.1999999999999996500, 1.800000000000091300 ) ) ;
#1077 = LINE ( 'NONE', #5867, #216 ) ;
#1078 = FACE_OUTER_BOUND ( 'NONE', #2073, .T. ) ;
#1079 = MECHANICAL_DESIGN_GEOMETRIC_PRESENTATION_REPRESENTATION (  '', ( #6008 ), #5231 ) ;
#1080 = ORIENTED_EDGE ( 'NONE', *, *, #2317, .T. ) ;
#1081 = ORIENTED_EDGE ( 'NONE', *, *, #5149, .T. ) ;
#1082 = LINE ( 'NONE', #158, #2291 ) ;
#1083 = CARTESIAN_POINT ( 'NONE',  ( -2.016336092738611800, 0.5200000000000004600, 2.199242567290569500 ) ) ;
#1084 = CARTESIAN_POINT ( 'NONE',  ( -1.616339720410989500, 0.1999999999999996500, 1.800000000000318700 ) ) ;
#1085 = PLANE ( 'NONE',  #5816 ) ;
#1086 = AXIS2_PLACEMENT_3D ( 'NONE', #4717, #1169, #1733 ) ;
#1087 = CARTESIAN_POINT ( 'NONE',  ( -2.216339720411125900, 0.0000000000000000000, 1.800000000000091300 ) ) ;
#1088 = ORIENTED_EDGE ( 'NONE', *, *, #5912, .T. ) ;
#1089 = DIRECTION ( 'NONE',  ( 0.0000000000000000000, 1.000000000000000000, 0.0000000000000000000 ) ) ;
#1090 = ORIENTED_EDGE ( 'NONE', *, *, #18, .T. ) ;
#1091 = AXIS2_PLACEMENT_3D ( 'NONE', #4177, #662, #114 ) ;
#1092 = CARTESIAN_POINT ( 'NONE',  ( -0.9663397204111265900, 0.0000000000000000000, 2.000000000000137200 ) ) ;
#1093 = VECTOR ( 'NONE', #4858, 1000.000000000000000 ) ;
#1094 = FILL_AREA_STYLE_COLOUR ( '', #3997 ) ;
#1095 = VECTOR ( 'NONE', #2745, 1000.000000000000000 ) ;
#1096 = ORIENTED_EDGE ( 'NONE', *, *, #4462, .T. ) ;
#1097 = CARTESIAN_POINT ( 'NONE',  ( -2.216339720411130800, 0.09999999999999982500, 2.675000000000095700 ) ) ;
#1098 = ORIENTED_EDGE ( 'NONE', *, *, #1861, .F. ) ;
#1099 = AXIS2_PLACEMENT_3D ( 'NONE', #5432, #6345, #3371 ) ;
#1100 = VECTOR ( 'NONE', #3947, 1000.000000000000000 ) ;
#1101 = DIRECTION ( 'NONE',  ( -1.000000000000000000, 0.0000000000000000000, 0.0000000000000000000 ) ) ;
#1102 = DIRECTION ( 'NONE',  ( -0.0000000000000000000, -1.000000000000000000, 0.0000000000000000000 ) ) ;
#1103 = DIRECTION ( 'NONE',  ( 0.0000000000000000000, -1.000000000000000000, -0.0000000000000000000 ) ) ;
#1104 = ORIENTED_EDGE ( 'NONE', *, *, #5196, .T. ) ;
#1105 = ORIENTED_EDGE ( 'NONE', *, *, #3007, .F. ) ;
#1106 = AXIS2_PLACEMENT_3D ( 'NONE', #5433, #904, #448 ) ;
#1107 = MECHANICAL_DESIGN_GEOMETRIC_PRESENTATION_REPRESENTATION (  '', ( #1806 ), #1935 ) ;
#1108 = VERTEX_POINT ( 'NONE', #5293 ) ;
#1109 = EDGE_CURVE ( 'NONE', #6044, #2018, #4555, .T. ) ;
#1110 = CARTESIAN_POINT ( 'NONE',  ( -1.583006387077916300, 0.1999999999999996500, 1.799999999999975200 ) ) ;
#1111 = DIRECTION ( 'NONE',  ( -1.000000000000000000, 0.0000000000000000000, -1.568167590513652600E-013 ) ) ;
#1112 = CARTESIAN_POINT ( 'NONE',  ( -1.866339720411217100, 0.09999999999999982500, 1.800000000000091300 ) ) ;
#1113 = FACE_OUTER_BOUND ( 'NONE', #1556, .T. ) ;
#1114 = DIRECTION ( 'NONE',  ( 1.000000000000000000, 0.0000000000000000000, 0.0000000000000000000 ) ) ;
#1115 =( GEOMETRIC_REPRESENTATION_CONTEXT ( 3 ) GLOBAL_UNCERTAINTY_ASSIGNED_CONTEXT ( ( #2564 ) ) GLOBAL_UNIT_ASSIGNED_CONTEXT ( ( #3559, #4110, #1038 ) ) REPRESENTATION_CONTEXT ( 'NONE', 'WORKASPACE' ) );
#1116 = VERTEX_POINT ( 'NONE', #3641 ) ;
#1117 = FACE_OUTER_BOUND ( 'NONE', #6433, .T. ) ;
#1118 = CARTESIAN_POINT ( 'NONE',  ( -2.216339720411125900, 0.0000000000000000000, 2.575000000000182300 ) ) ;
#1119 = EDGE_CURVE ( 'NONE', #3225, #510, #2923, .T. ) ;
#1120 = CARTESIAN_POINT ( 'NONE',  ( 0.4836602795886915100, 0.0000000000000000000, 2.900000000000000400 ) ) ;
#1121 = CARTESIAN_POINT ( 'NONE',  ( -1.366339720411549100, 0.1999999999999996500, 2.980000000000497800 ) ) ;
#1122 = ORIENTED_EDGE ( 'NONE', *, *, #3844, .T. ) ;
#1123 = AXIS2_PLACEMENT_3D ( 'NONE', #3119, #2173, #3569 ) ;
#1124 = CARTESIAN_POINT ( 'NONE',  ( -2.016339720411312300, 0.1999999999999996500, 1.999999999999905000 ) ) ;
#1125 = LINE ( 'NONE', #4262, #5653 ) ;
#1126 =( NAMED_UNIT ( * ) SI_UNIT ( $, .STERADIAN. ) SOLID_ANGLE_UNIT ( ) );
#1127 = CARTESIAN_POINT ( 'NONE',  ( -1.817097153120832600, 0.5199999999999956900, 2.999996372328575000 ) ) ;
#1128 = FACE_OUTER_BOUND ( 'NONE', #1333, .T. ) ;
#1129 = ORIENTED_EDGE ( 'NONE', *, *, #145, .F. ) ;
#1130 =( GEOMETRIC_REPRESENTATION_CONTEXT ( 3 ) GLOBAL_UNCERTAINTY_ASSIGNED_CONTEXT ( ( #6041 ) ) GLOBAL_UNIT_ASSIGNED_CONTEXT ( ( #3884, #1962, #2439 ) ) REPRESENTATION_CONTEXT ( 'NONE', 'WORKASPACE' ) );
#1131 = PLANE ( 'NONE',  #4233 ) ;
#1132 = CARTESIAN_POINT ( 'NONE',  ( -1.333006387077913900, 0.1999999999999996500, 1.800000000000091300 ) ) ;
#1133 = EDGE_CURVE ( 'NONE', #2501, #4693, #6222, .T. ) ;
#1134 =( NAMED_UNIT ( * ) PLANE_ANGLE_UNIT ( ) SI_UNIT ( $, .RADIAN. ) );
#1135 = UNCERTAINTY_MEASURE_WITH_UNIT (LENGTH_MEASURE( 1.000000000000000100E-005 ), #4779, 'distance_accuracy_value', 'NONE');
#1136 = CARTESIAN_POINT ( 'NONE',  ( -1.274032028103555500, 0.09999999999999982500, 3.018461538461939800 ) ) ;
#1137 = SURFACE_STYLE_FILL_AREA ( #3617 ) ;
#1138 = CARTESIAN_POINT ( 'NONE',  ( -0.9663397204111273700, 0.09999999999999982500, 2.900000000000229100 ) ) ;
#1139 = EDGE_LOOP ( 'NONE', ( #5235, #6439, #4571, #3948 ) ) ;
#1140 = PRESENTATION_STYLE_ASSIGNMENT (( #4618 ) ) ;
#1141 = MECHANICAL_DESIGN_GEOMETRIC_PRESENTATION_REPRESENTATION (  '', ( #1354 ), #549 ) ;
#1142 = FILL_AREA_STYLE_COLOUR ( '', #2706 ) ;
#1143 =( NAMED_UNIT ( * ) SI_UNIT ( $, .STERADIAN. ) SOLID_ANGLE_UNIT ( ) );
#1144 = FACE_OUTER_BOUND ( 'NONE', #2176, .T. ) ;
#1145 = DIRECTION ( 'NONE',  ( 1.000000000000000000, 0.0000000000000000000, 0.0000000000000000000 ) ) ;
#1146 = EDGE_LOOP ( 'NONE', ( #1239, #4018, #968, #2919 ) ) ;
#1147 = MECHANICAL_DESIGN_GEOMETRIC_PRESENTATION_REPRESENTATION (  '', ( #95 ), #1670 ) ;
#1148 = CARTESIAN_POINT ( 'NONE',  ( -2.016339720411195000, 0.09999999999999982500, 3.000000000000023100 ) ) ;
#1149 = PLANE ( 'NONE',  #5328 ) ;
#1150 = FACE_OUTER_BOUND ( 'NONE', #1146, .T. ) ;
#1151 = PLANE ( 'NONE',  #641 ) ;
#1152 = PRESENTATION_LAYER_ASSIGNMENT (  '', '', ( #131 ) ) ;
#1153 = VECTOR ( 'NONE', #3082, 1000.000000000000000 ) ;
#1154 = VERTEX_POINT ( 'NONE', #741 ) ;
#1155 = EDGE_CURVE ( 'NONE', #3990, #3343, #1400, .T. ) ;
#1156 = ORIENTED_EDGE ( 'NONE', *, *, #4825, .F. ) ;
#1157 = CYLINDRICAL_SURFACE ( 'NONE', #3067, 0.1000000000002500600 ) ;
#1158 = DIRECTION ( 'NONE',  ( 1.000000000000000000, 0.0000000000000000000, 0.0000000000000000000 ) ) ;
#1159 = DIRECTION ( 'NONE',  ( 1.000000000000000000, 0.0000000000000000000, 0.0000000000000000000 ) ) ;
#1160 = PRESENTATION_LAYER_ASSIGNMENT (  '', '', ( #3716 ) ) ;
#1161 = CARTESIAN_POINT ( 'NONE',  ( -2.016336092738757900, 0.5200000000000126700, 2.199242567290567300 ) ) ;
#1162 = FACE_OUTER_BOUND ( 'NONE', #296, .T. ) ;
#1163 = PLANE ( 'NONE',  #2106 ) ;
#1164 = SURFACE_STYLE_FILL_AREA ( #3447 ) ;
#1165 = EDGE_CURVE ( 'NONE', #3893, #4621, #3434, .T. ) ;
#1166 = COLOUR_RGB ( '',1.000000000000000000, 1.000000000000000000, 1.000000000000000000 ) ;
#1167 = ORIENTED_EDGE ( 'NONE', *, *, #1871, .F. ) ;
#1168 = ORIENTED_EDGE ( 'NONE', *, *, #3020, .T. ) ;
#1169 = DIRECTION ( 'NONE',  ( 0.0000000000000000000, 1.000000000000000000, -0.0000000000000000000 ) ) ;
#1170 = DIRECTION ( 'NONE',  ( -0.0000000000000000000, -1.000000000000000000, -0.0000000000000000000 ) ) ;
#1171 = PLANE ( 'NONE',  #2119 ) ;
#1172 = LINE ( 'NONE', #6425, #5381 ) ;
#1173 = CARTESIAN_POINT ( 'NONE',  ( 0.5836602795890560900, 0.0000000000000000000, 2.100000000000045400 ) ) ;
#1174 = DIRECTION ( 'NONE',  ( 0.9230769230771965800, 0.0000000000000000000, 0.3846153846147282200 ) ) ;
#1175 = ORIENTED_EDGE ( 'NONE', *, *, #1361, .T. ) ;
#1176 = ORIENTED_EDGE ( 'NONE', *, *, #4743, .T. ) ;
#1177 = DIRECTION ( 'NONE',  ( -0.3846153846147292200, 0.0000000000000000000, 0.9230769230771962400 ) ) ;
#1178 = VECTOR ( 'NONE', #6374, 1000.000000000000000 ) ;
#1179 = EDGE_CURVE ( 'NONE', #1319, #1408, #4928, .T. ) ;
#1180 = CARTESIAN_POINT ( 'NONE',  ( -0.9663397204111244800, 0.09999999999999982500, 2.100000000000047200 ) ) ;
#1181 = CARTESIAN_POINT ( 'NONE',  ( -2.116339720411216900, 0.09999999999999982500, 2.675000000000093500 ) ) ;
#1182 = VECTOR ( 'NONE', #1734, 1000.000000000000000 ) ;
#1183 = EDGE_LOOP ( 'NONE', ( #4975, #4140, #5673, #4877 ) ) ;
#1184 = VERTEX_POINT ( 'NONE', #3296 ) ;
#1185 = APPLICATION_CONTEXT ( 'automotive_design' ) ;
#1186 = CARTESIAN_POINT ( 'NONE',  ( -1.616339720410535400, 0.0000000000000000000, 2.900000000000099800 ) ) ;
#1187 = MECHANICAL_DESIGN_GEOMETRIC_PRESENTATION_REPRESENTATION (  '', ( #4540 ), #712 ) ;
#1188 = CARTESIAN_POINT ( 'NONE',  ( -2.016336092738554500, 0.5200000000000000200, 2.082348240547202200 ) ) ;
#1189 = DIRECTION ( 'NONE',  ( -5.684268702434480800E-013, 0.0000000000000000000, -1.000000000000000000 ) ) ;
#1190 = FACE_OUTER_BOUND ( 'NONE', #5659, .T. ) ;
#1191 = ORIENTED_EDGE ( 'NONE', *, *, #5669, .F. ) ;
#1192 = EDGE_CURVE ( 'NONE', #3720, #4230, #2444, .T. ) ;
#1193 = ORIENTED_EDGE ( 'NONE', *, *, #3671, .F. ) ;
#1194 = PRESENTATION_STYLE_ASSIGNMENT (( #3865 ) ) ;
#1195 = CARTESIAN_POINT ( 'NONE',  ( -1.583006387077916300, 0.1999999999999996500, 1.799999999999975200 ) ) ;
#1196 = PLANE ( 'NONE',  #4299 ) ;
#1197 = CARTESIAN_POINT ( 'NONE',  ( -1.916339720410944700, 0.09999999999999982500, 3.000000000000136800 ) ) ;
#1198 = LINE ( 'NONE', #4878, #6246 ) ;
#1199 = EDGE_LOOP ( 'NONE', ( #888, #2276, #589, #5075 ) ) ;
#1200 = SURFACE_STYLE_USAGE ( .BOTH. , #3253 ) ;
#1201 =( GEOMETRIC_REPRESENTATION_CONTEXT ( 3 ) GLOBAL_UNCERTAINTY_ASSIGNED_CONTEXT ( ( #6318 ) ) GLOBAL_UNIT_ASSIGNED_CONTEXT ( ( #1870, #4377, #6256 ) ) REPRESENTATION_CONTEXT ( 'NONE', 'WORKASPACE' ) );
#1202 = FILL_AREA_STYLE ('',( #3644 ) ) ;
#1203 = LINE ( 'NONE', #5606, #5643 ) ;
#1204 = ORIENTED_EDGE ( 'NONE', *, *, #5434, .T. ) ;
#1205 = CIRCLE ( 'NONE', #75, 0.09999999999991049400 ) ;
#1206 =( GEOMETRIC_REPRESENTATION_CONTEXT ( 3 ) GLOBAL_UNCERTAINTY_ASSIGNED_CONTEXT ( ( #5146 ) ) GLOBAL_UNIT_ASSIGNED_CONTEXT ( ( #6156, #4186, #1143 ) ) REPRESENTATION_CONTEXT ( 'NONE', 'WORKASPACE' ) );
#1207 = AXIS2_PLACEMENT_3D ( 'NONE', #5248, #5800, #3252 ) ;
#1208 = EDGE_CURVE ( 'NONE', #6114, #2056, #3757, .T. ) ;
#1209 = DIRECTION ( 'NONE',  ( -0.0000000000000000000, -1.000000000000000000, -0.0000000000000000000 ) ) ;
#1210 = VECTOR ( 'NONE', #1022, 1000.000000000000000 ) ;
#1211 = ORIENTED_EDGE ( 'NONE', *, *, #1809, .F. ) ;
#1212 = VECTOR ( 'NONE', #4366, 1000.000000000000000 ) ;
#1213 = PRESENTATION_STYLE_ASSIGNMENT (( #3354 ) ) ;
#1214 = DIRECTION ( 'NONE',  ( -0.0000000000000000000, -1.000000000000000000, 0.0000000000000000000 ) ) ;
#1215 = DIRECTION ( 'NONE',  ( -1.000000000000000000, 0.0000000000000000000, 0.0000000000000000000 ) ) ;
#1216 = CARTESIAN_POINT ( 'NONE',  ( -1.066339720411157300, 0.09999999999999982500, 2.100000000000150600 ) ) ;
#1217 = CARTESIAN_POINT ( 'NONE',  ( -1.490698694770313100, 0.09999999999999982500, 1.838461538461795100 ) ) ;
#1218 = MECHANICAL_DESIGN_GEOMETRIC_PRESENTATION_REPRESENTATION (  '', ( #2831 ), #867 ) ;
#1219 = COLOUR_RGB ( '',1.000000000000000000, 1.000000000000000000, 1.000000000000000000 ) ;
#1220 = VERTEX_POINT ( 'NONE', #4846 ) ;
#1221 = UNCERTAINTY_MEASURE_WITH_UNIT (LENGTH_MEASURE( 1.000000000000000100E-005 ), #3662, 'distance_accuracy_value', 'NONE');
#1222 = STYLED_ITEM ( 'NONE', ( #2759 ), #1854 ) ;
#1223 = FILL_AREA_STYLE_COLOUR ( '', #247 ) ;
#1224 = VERTEX_POINT ( 'NONE', #3930 ) ;
#1225 = EDGE_CURVE ( 'NONE', #2968, #3902, #1965, .T. ) ;
#1226 = CARTESIAN_POINT ( 'NONE',  ( 0.5556602795888085900, 0.2000000000000005100, 2.772761060381785400 ) ) ;
#1227 = DIRECTION ( 'NONE',  ( 0.0000000000000000000, 0.0000000000000000000, -1.000000000000000000 ) ) ;
#1228 = FILL_AREA_STYLE_COLOUR ( '', #5822 ) ;
#1229 = SURFACE_STYLE_FILL_AREA ( #2095 ) ;
#1230 = EDGE_LOOP ( 'NONE', ( #4105, #6033, #3231, #5689 ) ) ;
#1231 = CYLINDRICAL_SURFACE ( 'NONE', #5481, 0.1000000000001364400 ) ;
#1232 = ORIENTED_EDGE ( 'NONE', *, *, #2912, .F. ) ;
#1233 =( GEOMETRIC_REPRESENTATION_CONTEXT ( 3 ) GLOBAL_UNCERTAINTY_ASSIGNED_CONTEXT ( ( #5497 ) ) GLOBAL_UNIT_ASSIGNED_CONTEXT ( ( #2123, #3096, #4605 ) ) REPRESENTATION_CONTEXT ( 'NONE', 'WORKASPACE' ) );
#1234 = SURFACE_SIDE_STYLE ('',( #4297 ) ) ;
#1235 = SURFACE_SIDE_STYLE ('',( #5471 ) ) ;
#1236 = LINE ( 'NONE', #5825, #3125 ) ;
#1237 = COLOUR_RGB ( '',1.000000000000000000, 1.000000000000000000, 1.000000000000000000 ) ;
#1238 = PRESENTATION_LAYER_ASSIGNMENT (  '', '', ( #4724 ) ) ;
#1239 = ORIENTED_EDGE ( 'NONE', *, *, #2743, .T. ) ;
#1240 = VECTOR ( 'NONE', #4159, 1000.000000000000000 ) ;
#1241 = ORIENTED_EDGE ( 'NONE', *, *, #4502, .F. ) ;
#1242 = EDGE_LOOP ( 'NONE', ( #922, #4215, #4327, #1832 ) ) ;
#1243 = EDGE_CURVE ( 'NONE', #3665, #6325, #215, .T. ) ;
#1244 = ORIENTED_EDGE ( 'NONE', *, *, #3634, .T. ) ;
#1245 = CARTESIAN_POINT ( 'NONE',  ( -0.9663397204111265900, 0.09999999999999982500, 2.100000000000045800 ) ) ;
#1246 = LINE ( 'NONE', #2184, #2440 ) ;
#1247 = LINE ( 'NONE', #1477, #5230 ) ;
#1248 = AXIS2_PLACEMENT_3D ( 'NONE', #4075, #6072, #1627 ) ;
#1249 = ORIENTED_EDGE ( 'NONE', *, *, #5289, .T. ) ;
#1250 = CARTESIAN_POINT ( 'NONE',  ( -2.016339720411194100, 0.1999999999999996500, 3.000000000000023100 ) ) ;
#1251 = EDGE_CURVE ( 'NONE', #5548, #2644, #217, .T. ) ;
#1252 = LINE ( 'NONE', #3727, #6300 ) ;
#1253 = DIRECTION ( 'NONE',  ( 0.0000000000000000000, 0.0000000000000000000, -1.000000000000000000 ) ) ;
#1254 = CARTESIAN_POINT ( 'NONE',  ( -0.2913397204113992200, 0.09999999999999982500, 1.800000000000091300 ) ) ;
#1255 = ORIENTED_EDGE ( 'NONE', *, *, #1019, .T. ) ;
#1256 = VERTEX_POINT ( 'NONE', #5356 ) ;
#1257 =( BOUNDED_CURVE ( )  B_SPLINE_CURVE ( 3, ( #489, #1533, #5036, #5476 ),
 .UNSPECIFIED., .F., .F. ) 
 B_SPLINE_CURVE_WITH_KNOTS ( ( 4, 4 ),
 ( 2.359992588465147400, 3.923192718714000100 ),
 .UNSPECIFIED. ) 
 CURVE ( )  GEOMETRIC_REPRESENTATION_ITEM ( )  RATIONAL_B_SPLINE_CURVE ( ( 1.000000000000000000, 0.8065248903852261200, 0.8065248903852261200, 1.000000000000000000 ) ) 
 REPRESENTATION_ITEM ( '' )  );
#1258 = STYLED_ITEM ( 'NONE', ( #230 ), #1437 ) ;
#1259 = COLOUR_RGB ( '',1.000000000000000000, 1.000000000000000000, 1.000000000000000000 ) ;
#1260 = SURFACE_STYLE_USAGE ( .BOTH. , #5253 ) ;
#1261 = EDGE_LOOP ( 'NONE', ( #3577, #2859, #1669, #3102, #987, #3631 ) ) ;
#1262 = CARTESIAN_POINT ( 'NONE',  ( -2.016339720411194100, 0.09999999999999982500, 3.000000000000023100 ) ) ;
#1263 = VERTEX_POINT ( 'NONE', #418 ) ;
#1264 = LINE ( 'NONE', #5973, #2457 ) ;
#1265 = EDGE_CURVE ( 'NONE', #769, #2210, #5553, .T. ) ;
#1266 = DIRECTION ( 'NONE',  ( -0.0000000000000000000, -1.000000000000000000, 0.0000000000000000000 ) ) ;
#1267 = DIRECTION ( 'NONE',  ( 1.000000000000000000, 0.0000000000000000000, 0.0000000000000000000 ) ) ;
#1268 = SURFACE_STYLE_FILL_AREA ( #3877 ) ;
#1269 = ORIENTED_EDGE ( 'NONE', *, *, #1497, .T. ) ;
#1270 = CARTESIAN_POINT ( 'NONE',  ( -1.988339720410925000, 0.1999999999999996800, 2.889655387125342300 ) ) ;
#1271 = AXIS2_PLACEMENT_3D ( 'NONE', #1929, #1949, #1375 ) ;
#1272 = DIRECTION ( 'NONE',  ( -0.0000000000000000000, -1.000000000000000000, 0.0000000000000000000 ) ) ;
#1273 = VECTOR ( 'NONE', #1355, 1000.000000000000000 ) ;
#1274 = ORIENTED_EDGE ( 'NONE', *, *, #1455, .F. ) ;
#1275 = SURFACE_STYLE_USAGE ( .BOTH. , #3772 ) ;
#1276 = CARTESIAN_POINT ( 'NONE',  ( 0.5836602795888283800, 0.1999999999999996500, 2.000000000000136800 ) ) ;
#1277 = MECHANICAL_DESIGN_GEOMETRIC_PRESENTATION_REPRESENTATION (  '', ( #4758 ), #2315 ) ;
#1278 = ORIENTED_EDGE ( 'NONE', *, *, #6180, .T. ) ;
#1279 = EDGE_CURVE ( 'NONE', #4446, #5506, #1508, .T. ) ;
#1280 = VECTOR ( 'NONE', #342, 1000.000000000000000 ) ;
#1281 = AXIS2_PLACEMENT_3D ( 'NONE', #701, #3703, #672 ) ;
#1282 = ORIENTED_EDGE ( 'NONE', *, *, #1852, .T. ) ;
#1283 = LINE ( 'NONE', #509, #3874 ) ;
#1284 =( GEOMETRIC_REPRESENTATION_CONTEXT ( 3 ) GLOBAL_UNCERTAINTY_ASSIGNED_CONTEXT ( ( #4263 ) ) GLOBAL_UNIT_ASSIGNED_CONTEXT ( ( #4819, #2862, #3813 ) ) REPRESENTATION_CONTEXT ( 'NONE', 'WORKASPACE' ) );
#1285 = EDGE_CURVE ( 'NONE', #3426, #2543, #373, .T. ) ;
#1286 = CARTESIAN_POINT ( 'NONE',  ( -0.3913397204113064400, 0.09999999999999982500, 1.800000000000092900 ) ) ;
#1287 = SURFACE_SIDE_STYLE ('',( #2320 ) ) ;
#1288 = VECTOR ( 'NONE', #1145, 1000.000000000000000 ) ;
#1289 = VERTEX_POINT ( 'NONE', #1386 ) ;
#1290 = DIRECTION ( 'NONE',  ( -0.0000000000000000000, -1.000000000000000000, 0.0000000000000000000 ) ) ;
#1291 = ORIENTED_EDGE ( 'NONE', *, *, #3090, .T. ) ;
#1292 =( NAMED_UNIT ( * ) SI_UNIT ( $, .STERADIAN. ) SOLID_ANGLE_UNIT ( ) );
#1293 = CYLINDRICAL_SURFACE ( 'NONE', #4378, 0.09999999999990896700 ) ;
#1294 =( NAMED_UNIT ( * ) PLANE_ANGLE_UNIT ( ) SI_UNIT ( $, .RADIAN. ) );
#1295 = VERTEX_POINT ( 'NONE', #916 ) ;
#1296 = DIRECTION ( 'NONE',  ( -1.000000000000000000, 0.0000000000000000000, 0.0000000000000000000 ) ) ;
#1297 = COLOUR_RGB ( '',0.9098039215686274400, 0.4431372549019607600, 0.03137254901960784300 ) ;
#1298 = EDGE_CURVE ( 'NONE', #2644, #3794, #5063, .T. ) ;
#1299 = DIRECTION ( 'NONE',  ( 1.000000000000000000, 0.0000000000000000000, 0.0000000000000000000 ) ) ;
#1300 = ADVANCED_FACE ( 'NONE', ( #3030 ), #1231, .T. ) ;
#1301 = DIRECTION ( 'NONE',  ( 0.3846153846147282200, 0.0000000000000000000, -0.9230769230771965800 ) ) ;
#1302 = ORIENTED_EDGE ( 'NONE', *, *, #2417, .F. ) ;
#1303 = MECHANICAL_DESIGN_GEOMETRIC_PRESENTATION_REPRESENTATION (  '', ( #6101 ), #1656 ) ;
#1304 = EDGE_CURVE ( 'NONE', #5145, #3524, #5989, .T. ) ;
#1305 = SURFACE_STYLE_USAGE ( .BOTH. , #5791 ) ;
#1306 = CARTESIAN_POINT ( 'NONE',  ( -1.616339720410989900, 0.1999999999999996500, 1.800000000000318700 ) ) ;
#1307 = CARTESIAN_POINT ( 'NONE',  ( -2.216339720411125900, 0.09999999999999982500, 3.200000000000182300 ) ) ;
#1308 = PRESENTATION_STYLE_ASSIGNMENT (( #3154 ) ) ;
#1309 = ORIENTED_EDGE ( 'NONE', *, *, #3472, .F. ) ;
#1310 = LINE ( 'NONE', #5218, #127 ) ;
#1311 = VERTEX_POINT ( 'NONE', #397 ) ;
#1312 = AXIS2_PLACEMENT_3D ( 'NONE', #3335, #3812, #5270 ) ;
#1313 = CYLINDRICAL_SURFACE ( 'NONE', #5921, 0.1999999999999317900 ) ;
#1314 = SURFACE_SIDE_STYLE ('',( #619 ) ) ;
#1315 =( NAMED_UNIT ( * ) SI_UNIT ( $, .STERADIAN. ) SOLID_ANGLE_UNIT ( ) );
#1316 = DIRECTION ( 'NONE',  ( -1.000000000000000000, -0.0000000000000000000, -0.0000000000000000000 ) ) ;
#1317 = VECTOR ( 'NONE', #5844, 1000.000000000000000 ) ;
#1318 = VECTOR ( 'NONE', #1564, 1000.000000000000000 ) ;
#1319 = VERTEX_POINT ( 'NONE', #3868 ) ;
#1320 = SURFACE_STYLE_USAGE ( .BOTH. , #5977 ) ;
#1321 = DIRECTION ( 'NONE',  ( -0.0000000000000000000, -0.0000000000000000000, 1.000000000000000000 ) ) ;
#1322 = AXIS2_PLACEMENT_3D ( 'NONE', #6196, #5700, #3731 ) ;
#1323 = VECTOR ( 'NONE', #3613, 1000.000000000000000 ) ;
#1324 = EDGE_CURVE ( 'NONE', #3990, #1571, #855, .T. ) ;
#1325 = VERTEX_POINT ( 'NONE', #1413 ) ;
#1326 = DIRECTION ( 'NONE',  ( 1.000000000000000000, 0.0000000000000000000, 0.0000000000000000000 ) ) ;
#1327 = PRESENTATION_STYLE_ASSIGNMENT (( #4564 ) ) ;
#1328 = CARTESIAN_POINT ( 'NONE',  ( -0.9663397204111253700, 0.0000000000000000000, 2.000000000000136800 ) ) ;
#1329 = VECTOR ( 'NONE', #2946, 1000.000000000000000 ) ;
#1330 = PLANE ( 'NONE',  #1106 ) ;
#1331 = DIRECTION ( 'NONE',  ( -1.000000000000000000, 0.0000000000000000000, -0.0000000000000000000 ) ) ;
#1332 = VECTOR ( 'NONE', #1253, 1000.000000000000000 ) ;
#1333 = EDGE_LOOP ( 'NONE', ( #4701, #5094, #2864, #4317, #4370, #5848, #1309, #3239 ) ) ;
#1334 = ADVANCED_FACE ( 'NONE', ( #3022 ), #5402, .T. ) ;
#1335 = ORIENTED_EDGE ( 'NONE', *, *, #4638, .T. ) ;
#1336 = FACE_OUTER_BOUND ( 'NONE', #5461, .T. ) ;
#1337 =( BOUNDED_CURVE ( )  B_SPLINE_CURVE ( 3, ( #5969, #1587, #1021, #5017 ),
 .UNSPECIFIED., .F., .F. ) 
 B_SPLINE_CURVE_WITH_KNOTS ( ( 4, 4 ),
 ( 2.359992588465626100, 3.923192718713957900 ),
 .UNSPECIFIED. ) 
 CURVE ( )  GEOMETRIC_REPRESENTATION_ITEM ( )  RATIONAL_B_SPLINE_CURVE ( ( 1.000000000000000000, 0.8065248903853485800, 0.8065248903853485800, 1.000000000000000000 ) ) 
 REPRESENTATION_ITEM ( '' )  );
#1338 = DIRECTION ( 'NONE',  ( 0.0000000000000000000, 1.000000000000000000, -0.0000000000000000000 ) ) ;
#1339 = CARTESIAN_POINT ( 'NONE',  ( -1.988339720410866800, 0.1999999999999775300, 2.772761060381880900 ) ) ;
#1340 = FILL_AREA_STYLE_COLOUR ( '', #4968 ) ;
#1341 = VECTOR ( 'NONE', #2230, 1000.000000000000000 ) ;
#1342 = ORIENTED_EDGE ( 'NONE', *, *, #1415, .F. ) ;
#1343 = LINE ( 'NONE', #6382, #1100 ) ;
#1344 = AXIS2_PLACEMENT_3D ( 'NONE', #4037, #938, #1985 ) ;
#1345 = DIRECTION ( 'NONE',  ( 0.0000000000000000000, 0.0000000000000000000, -1.000000000000000000 ) ) ;
#1346 = VECTOR ( 'NONE', #407, 1000.000000000000000 ) ;
#1347 = ORIENTED_EDGE ( 'NONE', *, *, #981, .F. ) ;
#1348 = EDGE_CURVE ( 'NONE', #218, #1047, #3015, .T. ) ;
#1349 =( NAMED_UNIT ( * ) PLANE_ANGLE_UNIT ( ) SI_UNIT ( $, .RADIAN. ) );
#1350 = SURFACE_SIDE_STYLE ('',( #951 ) ) ;
#1351 = CIRCLE ( 'NONE', #2476, 0.1000000000003636900 ) ;
#1352 =( NAMED_UNIT ( * ) PLANE_ANGLE_UNIT ( ) SI_UNIT ( $, .RADIAN. ) );
#1353 = ORIENTED_EDGE ( 'NONE', *, *, #5948, .F. ) ;
#1354 = STYLED_ITEM ( 'NONE', ( #5448 ), #2541 ) ;
#1355 = DIRECTION ( 'NONE',  ( -0.08682659386424723700, -0.9924325091389678600, -0.08682659386424000600 ) ) ;
#1356 = CYLINDRICAL_SURFACE ( 'NONE', #4645, 0.09999999999945426200 ) ;
#1357 = ORIENTED_EDGE ( 'NONE', *, *, #5162, .T. ) ;
#1358 = FACE_OUTER_BOUND ( 'NONE', #3353, .T. ) ;
#1359 = PLANE ( 'NONE',  #1532 ) ;
#1360 = DIRECTION ( 'NONE',  ( -1.000000000000000000, -0.0000000000000000000, -0.0000000000000000000 ) ) ;
#1361 = EDGE_CURVE ( 'NONE', #1408, #3809, #387, .T. ) ;
#1362 = FACE_OUTER_BOUND ( 'NONE', #2980, .T. ) ;
#1363 = CARTESIAN_POINT ( 'NONE',  ( -0.04133972041139941800, 0.09999999999999982500, 1.800000000000091300 ) ) ;
#1364 = ADVANCED_FACE ( 'NONE', ( #3377, #4312, #4387, #1665 ), #1004, .F. ) ;
#1365 = FILL_AREA_STYLE ('',( #4913 ) ) ;
#1366 = AXIS2_PLACEMENT_3D ( 'NONE', #3147, #2099, #2579 ) ;
#1367 = VECTOR ( 'NONE', #1462, 1000.000000000000000 ) ;
#1368 = ORIENTED_EDGE ( 'NONE', *, *, #369, .F. ) ;
#1369 =( LENGTH_UNIT ( ) NAMED_UNIT ( * ) SI_UNIT ( .MILLI., .METRE. ) );
#1370 = EDGE_CURVE ( 'NONE', #3046, #5947, #3527, .T. ) ;
#1371 = FACE_OUTER_BOUND ( 'NONE', #2704, .T. ) ;
#1372 = UNCERTAINTY_MEASURE_WITH_UNIT (LENGTH_MEASURE( 1.000000000000000100E-005 ), #6143, 'distance_accuracy_value', 'NONE');
#1373 = FILL_AREA_STYLE ('',( #3876 ) ) ;
#1374 = DIRECTION ( 'NONE',  ( -1.000000000000000000, 0.0000000000000000000, -6.505213034919216300E-014 ) ) ;
#1375 = DIRECTION ( 'NONE',  ( 1.000000000000000000, 0.0000000000000000000, 0.0000000000000000000 ) ) ;
#1376 = EDGE_LOOP ( 'NONE', ( #1963, #4936, #2268, #5222 ) ) ;
#1377 = CARTESIAN_POINT ( 'NONE',  ( 0.5556602795888085900, 0.1999999999999996500, 2.227238939618960700 ) ) ;
#1378 = DIRECTION ( 'NONE',  ( 1.000000000000000000, 0.0000000000000000000, 0.0000000000000000000 ) ) ;
#1379 = MECHANICAL_DESIGN_GEOMETRIC_PRESENTATION_REPRESENTATION (  '', ( #1258 ), #2413 ) ;
#1380 = SURFACE_SIDE_STYLE ('',( #4575 ) ) ;
#1381 = LINE ( 'NONE', #4085, #2817 ) ;
#1382 = CARTESIAN_POINT ( 'NONE',  ( -1.366339720411549500, 0.1999999999999996500, 2.980000000000497800 ) ) ;
#1383 = EDGE_LOOP ( 'NONE', ( #5891, #1558, #2657, #4444 ) ) ;
#1384 = EDGE_CURVE ( 'NONE', #1987, #2838, #4007, .T. ) ;
#1385 = VECTOR ( 'NONE', #4635, 1000.000000000000000 ) ;
#1386 = CARTESIAN_POINT ( 'NONE',  ( -1.099673053744435500, 0.09999999999999982500, 3.100000000000273200 ) ) ;
#1387 = FACE_OUTER_BOUND ( 'NONE', #3678, .T. ) ;
#1388 = AXIS2_PLACEMENT_3D ( 'NONE', #1900, #403, #2847 ) ;
#1389 = CARTESIAN_POINT ( 'NONE',  ( 0.4836602795891482000, 0.09999999999999982500, 2.100000000000044500 ) ) ;
#1390 = DIRECTION ( 'NONE',  ( 0.0000000000000000000, -1.000000000000000000, -0.0000000000000000000 ) ) ;
#1391 = PRESENTATION_STYLE_ASSIGNMENT (( #1511 ) ) ;
#1392 = VECTOR ( 'NONE', #4859, 1000.000000000000000 ) ;
#1393 = DIRECTION ( 'NONE',  ( 0.3846153846188730100, -0.0000000000000000000, -0.9230769230754695100 ) ) ;
#1394 = ORIENTED_EDGE ( 'NONE', *, *, #4192, .F. ) ;
#1395 = VECTOR ( 'NONE', #3108, 1000.000000000000000 ) ;
#1396 = VERTEX_POINT ( 'NONE', #2085 ) ;
#1397 = ORIENTED_EDGE ( 'NONE', *, *, #4972, .F. ) ;
#1398 = DIRECTION ( 'NONE',  ( 0.0000000000000000000, -1.000000000000000000, 0.0000000000000000000 ) ) ;
#1399 = ADVANCED_FACE ( 'NONE', ( #1014 ), #1989, .F. ) ;
#1400 = LINE ( 'NONE', #4254, #3909 ) ;
#1401 = STYLED_ITEM ( 'NONE', ( #527 ), #3308 ) ;
#1402 = COLOUR_RGB ( '',1.000000000000000000, 1.000000000000000000, 1.000000000000000000 ) ;
#1403 =( LENGTH_UNIT ( ) NAMED_UNIT ( * ) SI_UNIT ( .MILLI., .METRE. ) );
#1404 = ADVANCED_FACE ( 'NONE', ( #1336 ), #3, .F. ) ;
#1405 = DIRECTION ( 'NONE',  ( 0.0000000000000000000, 0.0000000000000000000, -1.000000000000000000 ) ) ;
#1406 = VERTEX_POINT ( 'NONE', #2061 ) ;
#1407 = DIRECTION ( 'NONE',  ( -0.0000000000000000000, 1.000000000000000000, -0.0000000000000000000 ) ) ;
#1408 = VERTEX_POINT ( 'NONE', #2553 ) ;
#1409 = FACE_OUTER_BOUND ( 'NONE', #818, .T. ) ;
#1410 = FACE_OUTER_BOUND ( 'NONE', #3919, .T. ) ;
#1411 = DIRECTION ( 'NONE',  ( 0.0000000000000000000, 1.000000000000000000, -0.0000000000000000000 ) ) ;
#1412 = ORIENTED_EDGE ( 'NONE', *, *, #2806, .T. ) ;
#1413 = CARTESIAN_POINT ( 'NONE',  ( 0.6836602795889643600, 0.09999999999999982500, 2.325000000000181800 ) ) ;
#1414 = MECHANICAL_DESIGN_GEOMETRIC_PRESENTATION_REPRESENTATION (  '', ( #5542 ), #2120 ) ;
#1415 = EDGE_CURVE ( 'NONE', #6017, #4621, #3298, .T. ) ;
#1416 = DIRECTION ( 'NONE',  ( 0.0000000000000000000, 1.000000000000000000, -0.0000000000000000000 ) ) ;
#1417 = ORIENTED_EDGE ( 'NONE', *, *, #1596, .T. ) ;
#1418 = ORIENTED_EDGE ( 'NONE', *, *, #1348, .F. ) ;
#1419 =( NAMED_UNIT ( * ) PLANE_ANGLE_UNIT ( ) SI_UNIT ( $, .RADIAN. ) );
#1420 = CARTESIAN_POINT ( 'NONE',  ( 0.5836602795890552000, 0.0000000000000000000, 2.900000000000000400 ) ) ;
#1421 = UNCERTAINTY_MEASURE_WITH_UNIT (LENGTH_MEASURE( 1.000000000000000100E-005 ), #5908, 'distance_accuracy_value', 'NONE');
#1422 = LINE ( 'NONE', #2305, #2785 ) ;
#1423 = ORIENTED_EDGE ( 'NONE', *, *, #27, .F. ) ;
#1424 = MECHANICAL_DESIGN_GEOMETRIC_PRESENTATION_REPRESENTATION (  '', ( #2577 ), #739 ) ;
#1425 = PLANE ( 'NONE',  #352 ) ;
#1426 = DIRECTION ( 'NONE',  ( -0.0000000000000000000, -1.000000000000000000, 0.0000000000000000000 ) ) ;
#1427 = COLOUR_RGB ( '',1.000000000000000000, 1.000000000000000000, 1.000000000000000000 ) ;
#1428 = ORIENTED_EDGE ( 'NONE', *, *, #5241, .F. ) ;
#1429 = DIRECTION ( 'NONE',  ( 0.08682659386433073900, -0.9924325091389593100, -0.08682659386425485600 ) ) ;
#1430 = VECTOR ( 'NONE', #2915, 1000.000000000000000 ) ;
#1431 = STYLED_ITEM ( 'NONE', ( #70 ), #1548 ) ;
#1432 = ADVANCED_FACE ( 'NONE', ( #3848 ), #3615, .F. ) ;
#1433 = DIRECTION ( 'NONE',  ( -0.0000000000000000000, -1.000000000000000000, 0.0000000000000000000 ) ) ;
#1434 = AXIS2_PLACEMENT_3D ( 'NONE', #2652, #78, #5161 ) ;
#1435 = LINE ( 'NONE', #597, #952 ) ;
#1436 = VERTEX_POINT ( 'NONE', #6001 ) ;
#1437 = ADVANCED_FACE ( 'NONE', ( #1747 ), #2613, .F. ) ;
#1438 = CYLINDRICAL_SURFACE ( 'NONE', #4817, 0.2000000000000002300 ) ;
#1439 = SURFACE_STYLE_USAGE ( .BOTH. , #3512 ) ;
#1440 = CARTESIAN_POINT ( 'NONE',  ( 0.6836602795889648000, 0.09999999999999982500, 2.999999999999852600 ) ) ;
#1441 = CARTESIAN_POINT ( 'NONE',  ( 0.4836602795891464200, 0.0000000000000000000, 2.000000000000137200 ) ) ;
#1442 = MECHANICAL_DESIGN_GEOMETRIC_PRESENTATION_REPRESENTATION (  '', ( #752 ), #2468 ) ;
#1443 = VECTOR ( 'NONE', #1800, 1000.000000000000000 ) ;
#1444 = ORIENTED_EDGE ( 'NONE', *, *, #3802, .F. ) ;
#1445 = SURFACE_STYLE_FILL_AREA ( #4574 ) ;
#1446 = DIRECTION ( 'NONE',  ( 0.0000000000000000000, 1.000000000000000000, -0.0000000000000000000 ) ) ;
#1447 = VECTOR ( 'NONE', #4565, 1000.000000000000000 ) ;
#1448 = DIRECTION ( 'NONE',  ( -1.000000000000000000, -0.0000000000000000000, -0.0000000000000000000 ) ) ;
#1449 = PRESENTATION_LAYER_ASSIGNMENT (  '', '', ( #3339 ) ) ;
#1450 = ADVANCED_FACE ( 'NONE', ( #5025 ), #4305, .F. ) ;
#1451 =( NAMED_UNIT ( * ) PLANE_ANGLE_UNIT ( ) SI_UNIT ( $, .RADIAN. ) );
#1452 = ORIENTED_EDGE ( 'NONE', *, *, #6095, .T. ) ;
#1453 = AXIS2_PLACEMENT_3D ( 'NONE', #1076, #2539, #1552 ) ;
#1454 = DIRECTION ( 'NONE',  ( 0.0000000000000000000, 1.000000000000000000, 0.0000000000000000000 ) ) ;
#1455 = EDGE_CURVE ( 'NONE', #3360, #5240, #2075, .T. ) ;
#1456 =( NAMED_UNIT ( * ) SI_UNIT ( $, .STERADIAN. ) SOLID_ANGLE_UNIT ( ) );
#1457 = FILL_AREA_STYLE_COLOUR ( '', #6243 ) ;
#1458 = FACE_OUTER_BOUND ( 'NONE', #2777, .T. ) ;
#1459 = ORIENTED_EDGE ( 'NONE', *, *, #436, .T. ) ;
#1460 = FILL_AREA_STYLE ('',( #4441 ) ) ;
#1461 = VERTEX_POINT ( 'NONE', #5124 ) ;
#1462 = DIRECTION ( 'NONE',  ( -1.000000000000000000, -0.0000000000000000000, -0.0000000000000000000 ) ) ;
#1463 = UNCERTAINTY_MEASURE_WITH_UNIT (LENGTH_MEASURE( 1.000000000000000100E-005 ), #553, 'distance_accuracy_value', 'NONE');
#1464 =( LENGTH_UNIT ( ) NAMED_UNIT ( * ) SI_UNIT ( .MILLI., .METRE. ) );
#1465 =( NAMED_UNIT ( * ) SI_UNIT ( $, .STERADIAN. ) SOLID_ANGLE_UNIT ( ) );
#1466 = VECTOR ( 'NONE', #4611, 1000.000000000000000 ) ;
#1467 = EDGE_CURVE ( 'NONE', #2537, #2932, #2698, .T. ) ;
#1468 = DIRECTION ( 'NONE',  ( 1.000000000000000000, 0.0000000000000000000, 0.0000000000000000000 ) ) ;
#1469 = ORIENTED_EDGE ( 'NONE', *, *, #1285, .F. ) ;
#1470 = PRESENTATION_LAYER_ASSIGNMENT (  '', '', ( #4700 ) ) ;
#1471 = ADVANCED_FACE ( 'NONE', ( #6080 ), #4626, .F. ) ;
#1472 = CARTESIAN_POINT ( 'NONE',  ( -0.3913397204110972100, 0.09999999999999982500, 3.100000000000045800 ) ) ;
#1473 = LINE ( 'NONE', #810, #438 ) ;
#1474 = ORIENTED_EDGE ( 'NONE', *, *, #1467, .F. ) ;
#1475 = DIRECTION ( 'NONE',  ( -1.000000000000000000, 0.0000000000000000000, 0.0000000000000000000 ) ) ;
#1476 = ADVANCED_FACE ( 'NONE', ( #2227 ), #547, .F. ) ;
#1477 = CARTESIAN_POINT ( 'NONE',  ( -2.216339720411125900, 0.5200000000000000200, 2.999996372328428000 ) ) ;
#1478 = CARTESIAN_POINT ( 'NONE',  ( -1.716339720410898800, 0.09999999999999982500, 2.100000000000273200 ) ) ;
#1479 = CIRCLE ( 'NONE', #4196, 0.09999999999968171800 ) ;
#1480 = ORIENTED_EDGE ( 'NONE', *, *, #85, .F. ) ;
#1481 = EDGE_CURVE ( 'NONE', #5534, #6385, #2374, .T. ) ;
#1482 = FILL_AREA_STYLE_COLOUR ( '', #3915 ) ;
#1483 = FACE_OUTER_BOUND ( 'NONE', #3027, .T. ) ;
#1484 = SURFACE_STYLE_FILL_AREA ( #5806 ) ;
#1485 = FACE_OUTER_BOUND ( 'NONE', #1827, .T. ) ;
#1486 = CIRCLE ( 'NONE', #683, 0.1000000000004684200 ) ;
#1487 = ORIENTED_EDGE ( 'NONE', *, *, #4815, .T. ) ;
#1488 = CARTESIAN_POINT ( 'NONE',  ( -1.988339720410866800, 0.1999999999999775300, 2.772761060381880900 ) ) ;
#1489 = ORIENTED_EDGE ( 'NONE', *, *, #1304, .F. ) ;
#1490 = FILL_AREA_STYLE ('',( #4470 ) ) ;
#1491 = CARTESIAN_POINT ( 'NONE',  ( 0.6836602795889648000, 0.1999999999999996500, 1.999999999999909400 ) ) ;
#1492 = CARTESIAN_POINT ( 'NONE',  ( -1.416339720411399400, 0.09999999999999982500, 2.020000000000119000 ) ) ;
#1493 = VECTOR ( 'NONE', #5608, 1000.000000000000000 ) ;
#1494 = AXIS2_PLACEMENT_3D ( 'NONE', #1306, #1272, #1863 ) ;
#1495 = CARTESIAN_POINT ( 'NONE',  ( -2.216339720411130400, 0.09999999999999982500, 2.675000000000095700 ) ) ;
#1496 = ORIENTED_EDGE ( 'NONE', *, *, #2381, .F. ) ;
#1497 = EDGE_CURVE ( 'NONE', #3676, #4250, #847, .T. ) ;
#1498 = CARTESIAN_POINT ( 'NONE',  ( -1.966339720411155200, 0.09999999999999982500, 1.800000000000062000 ) ) ;
#1499 = ORIENTED_EDGE ( 'NONE', *, *, #709, .T. ) ;
#1500 = DIRECTION ( 'NONE',  ( -1.000000000000000000, 0.0000000000000000000, 0.0000000000000000000 ) ) ;
#1501 = DIRECTION ( 'NONE',  ( -0.0000000000000000000, -1.000000000000000000, 0.0000000000000000000 ) ) ;
#1502 = ADVANCED_FACE ( 'NONE', ( #3369 ), #6124, .T. ) ;
#1503 = FACE_OUTER_BOUND ( 'NONE', #17, .T. ) ;
#1504 = ORIENTED_EDGE ( 'NONE', *, *, #4528, .F. ) ;
#1505 = EDGE_CURVE ( 'NONE', #3666, #5600, #5463, .T. ) ;
#1506 = CARTESIAN_POINT ( 'NONE',  ( -2.216339720411126400, 0.09999999999999982500, 2.575000000000182300 ) ) ;
#1507 = ORIENTED_EDGE ( 'NONE', *, *, #3580, .T. ) ;
#1508 = LINE ( 'NONE', #3419, #2626 ) ;
#1509 = UNCERTAINTY_MEASURE_WITH_UNIT (LENGTH_MEASURE( 1.000000000000000100E-005 ), #3762, 'distance_accuracy_value', 'NONE');
#1510 = ADVANCED_FACE ( 'NONE', ( #3143 ), #190, .F. ) ;
#1511 = SURFACE_STYLE_USAGE ( .BOTH. , #485 ) ;
#1512 = ORIENTED_EDGE ( 'NONE', *, *, #3313, .T. ) ;
#1513 = CARTESIAN_POINT ( 'NONE',  ( 0.5836566519171045900, 0.5200000000000000200, 2.199242567290664600 ) ) ;
#1514 = VECTOR ( 'NONE', #4471, 1000.000000000000000 ) ;
#1515 = VECTOR ( 'NONE', #4197, 1000.000000000000000 ) ;
#1516 = VERTEX_POINT ( 'NONE', #5188 ) ;
#1517 = EDGE_CURVE ( 'NONE', #2018, #1864, #3596, .T. ) ;
#1518 = FILL_AREA_STYLE ('',( #4992 ) ) ;
#1519 = FILL_AREA_STYLE ('',( #5439 ) ) ;
#1520 = CARTESIAN_POINT ( 'NONE',  ( -1.988339720410285900, 0.1999999999999996500, 2.110344612875497500 ) ) ;
#1521 = VECTOR ( 'NONE', #22, 1000.000000000000000 ) ;
#1522 = FILL_AREA_STYLE ('',( #2 ) ) ;
#1523 = ORIENTED_EDGE ( 'NONE', *, *, #1192, .T. ) ;
#1524 = AXIS2_PLACEMENT_3D ( 'NONE', #804, #6282, #3873 ) ;
#1525 = EDGE_CURVE ( 'NONE', #959, #6187, #2770, .T. ) ;
#1526 = CARTESIAN_POINT ( 'NONE',  ( -1.616339720411103600, 0.09999999999999982500, 1.900000000000000400 ) ) ;
#1527 = ORIENTED_EDGE ( 'NONE', *, *, #2167, .T. ) ;
#1528 = DIRECTION ( 'NONE',  ( -0.0000000000000000000, -1.000000000000000000, 0.0000000000000000000 ) ) ;
#1529 = DIRECTION ( 'NONE',  ( -1.000000000000000000, -0.0000000000000000000, -0.0000000000000000000 ) ) ;
#1530 = COLOUR_RGB ( '',1.000000000000000000, 1.000000000000000000, 1.000000000000000000 ) ;
#1531 = CARTESIAN_POINT ( 'NONE',  ( -2.216339720411126400, 0.1999999999999996500, 2.575000000000182300 ) ) ;
#1532 = AXIS2_PLACEMENT_3D ( 'NONE', #2370, #1886, #2794 ) ;
#1533 = CARTESIAN_POINT ( 'NONE',  ( -1.933991479864293600, 0.5200000000000000200, 2.999996372328629100 ) ) ;
#1534 = ORIENTED_EDGE ( 'NONE', *, *, #3164, .F. ) ;
#1535 = SURFACE_STYLE_FILL_AREA ( #79 ) ;
#1536 = DIRECTION ( 'NONE',  ( -0.0000000000000000000, -1.000000000000000000, 0.0000000000000000000 ) ) ;
#1537 =( NAMED_UNIT ( * ) PLANE_ANGLE_UNIT ( ) SI_UNIT ( $, .RADIAN. ) );
#1538 =( GEOMETRIC_REPRESENTATION_CONTEXT ( 3 ) GLOBAL_UNCERTAINTY_ASSIGNED_CONTEXT ( ( #3496 ) ) GLOBAL_UNIT_ASSIGNED_CONTEXT ( ( #3811, #1760, #4270 ) ) REPRESENTATION_CONTEXT ( 'NONE', 'WORKASPACE' ) );
#1539 = VECTOR ( 'NONE', #3866, 1000.000000000000000 ) ;
#1540 = ORIENTED_EDGE ( 'NONE', *, *, #1774, .F. ) ;
#1541 = ORIENTED_EDGE ( 'NONE', *, *, #3987, .T. ) ;
#1542 = EDGE_CURVE ( 'NONE', #4693, #4109, #1572, .T. ) ;
#1543 = UNCERTAINTY_MEASURE_WITH_UNIT (LENGTH_MEASURE( 1.000000000000000100E-005 ), #471, 'distance_accuracy_value', 'NONE');
#1544 = CARTESIAN_POINT ( 'NONE',  ( -0.3913397204113064400, 0.1999999999999996500, 1.800000000000092900 ) ) ;
#1545 = DIRECTION ( 'NONE',  ( 0.0000000000000000000, 1.000000000000000000, -0.0000000000000000000 ) ) ;
#1546 = ORIENTED_EDGE ( 'NONE', *, *, #4118, .T. ) ;
#1547 = CARTESIAN_POINT ( 'NONE',  ( -0.04133972041139941800, 0.1999999999999996500, 1.800000000000091300 ) ) ;
#1548 = ADVANCED_FACE ( 'NONE', ( #1409 ), #2931, .F. ) ;
#1549 = FILL_AREA_STYLE ('',( #4104 ) ) ;
#1550 = LINE ( 'NONE', #173, #199 ) ;
#1551 = ORIENTED_EDGE ( 'NONE', *, *, #4782, .F. ) ;
#1552 = DIRECTION ( 'NONE',  ( -1.000000000000000000, 0.0000000000000000000, 0.0000000000000000000 ) ) ;
#1553 = ORIENTED_EDGE ( 'NONE', *, *, #1961, .F. ) ;
#1554 = MECHANICAL_DESIGN_GEOMETRIC_PRESENTATION_REPRESENTATION (  '', ( #5477 ), #6215 ) ;
#1555 = PRESENTATION_STYLE_ASSIGNMENT (( #2891 ) ) ;
#1556 = EDGE_LOOP ( 'NONE', ( #3712, #2307, #3218, #560 ) ) ;
#1557 = VECTOR ( 'NONE', #2162, 1000.000000000000000 ) ;
#1558 = ORIENTED_EDGE ( 'NONE', *, *, #3563, .T. ) ;
#1559 = DIRECTION ( 'NONE',  ( -1.000000000000000000, 0.0000000000000000000, 0.0000000000000000000 ) ) ;
#1560 = CARTESIAN_POINT ( 'NONE',  ( -1.916339720410944700, 0.0000000000000000000, 3.000000000000136800 ) ) ;
#1561 = ORIENTED_EDGE ( 'NONE', *, *, #3962, .T. ) ;
#1562 = AXIS2_PLACEMENT_3D ( 'NONE', #2206, #4668, #1685 ) ;
#1563 = LINE ( 'NONE', #3484, #3214 ) ;
#1564 = DIRECTION ( 'NONE',  ( -0.0000000000000000000, -1.000000000000000000, 0.0000000000000000000 ) ) ;
#1565 = CARTESIAN_POINT ( 'NONE',  ( -1.416339720411399400, 0.09999999999999982500, 2.900000000000057200 ) ) ;
#1566 = CIRCLE ( 'NONE', #2338, 0.1000000000002411700 ) ;
#1567 = LINE ( 'NONE', #5662, #840 ) ;
#1568 = EDGE_CURVE ( 'NONE', #4742, #2934, #2844, .T. ) ;
#1569 = VERTEX_POINT ( 'NONE', #3861 ) ;
#1570 =( LENGTH_UNIT ( ) NAMED_UNIT ( * ) SI_UNIT ( .MILLI., .METRE. ) );
#1571 = VERTEX_POINT ( 'NONE', #4380 ) ;
#1572 = CIRCLE ( 'NONE', #1086, 0.09999999999945426200 ) ;
#1573 = CARTESIAN_POINT ( 'NONE',  ( -1.916339720410944700, 0.0000000000000000000, 2.900000000000227700 ) ) ;
#1574 = FACE_OUTER_BOUND ( 'NONE', #2241, .T. ) ;
#1575 =( GEOMETRIC_REPRESENTATION_CONTEXT ( 3 ) GLOBAL_UNCERTAINTY_ASSIGNED_CONTEXT ( ( #2408 ) ) GLOBAL_UNIT_ASSIGNED_CONTEXT ( ( #5069, #5108, #5595 ) ) REPRESENTATION_CONTEXT ( 'NONE', 'WORKASPACE' ) );
#1576 = PLANE ( 'NONE',  #2386 ) ;
#1577 = DIRECTION ( 'NONE',  ( 1.000000000000000000, 0.0000000000000000000, 0.0000000000000000000 ) ) ;
#1578 = ORIENTED_EDGE ( 'NONE', *, *, #602, .T. ) ;
#1579 = VERTEX_POINT ( 'NONE', #3397 ) ;
#1580 = CARTESIAN_POINT ( 'NONE',  ( 0.3844177122987639800, 0.5200000000000000200, 2.999996372328428000 ) ) ;
#1581 = LINE ( 'NONE', #651, #391 ) ;
#1582 = ORIENTED_EDGE ( 'NONE', *, *, #5713, .T. ) ;
#1583 = MECHANICAL_DESIGN_GEOMETRIC_PRESENTATION_REPRESENTATION (  '', ( #4724 ), #433 ) ;
#1584 = EDGE_CURVE ( 'NONE', #1108, #769, #767, .T. ) ;
#1585 = SURFACE_SIDE_STYLE ('',( #1445 ) ) ;
#1586 = CARTESIAN_POINT ( 'NONE',  ( -1.490698694770200600, 0.09999999999999982500, 1.838461538461524800 ) ) ;
#1587 = CARTESIAN_POINT ( 'NONE',  ( 0.5836566519171042500, 0.5200000000000004600, 2.082348240547253300 ) ) ;
#1588 = DIRECTION ( 'NONE',  ( 1.000000000000000000, 0.0000000000000000000, 0.0000000000000000000 ) ) ;
#1589 = CARTESIAN_POINT ( 'NONE',  ( 0.5836602795890560900, 0.09999999999999982500, 2.100000000000045800 ) ) ;
#1590 = PLANE ( 'NONE',  #5238 ) ;
#1591 = CIRCLE ( 'NONE', #4632, 0.09999999999990485900 ) ;
#1592 = ORIENTED_EDGE ( 'NONE', *, *, #3646, .T. ) ;
#1593 = SURFACE_STYLE_USAGE ( .BOTH. , #5084 ) ;
#1594 = AXIS2_PLACEMENT_3D ( 'NONE', #1084, #1536, #5603 ) ;
#1595 =( LENGTH_UNIT ( ) NAMED_UNIT ( * ) SI_UNIT ( .MILLI., .METRE. ) );
#1596 = EDGE_CURVE ( 'NONE', #4765, #125, #3759, .T. ) ;
#1597 = DIRECTION ( 'NONE',  ( -1.000000000000000000, 0.0000000000000000000, 0.0000000000000000000 ) ) ;
#1598 = VECTOR ( 'NONE', #2740, 1000.000000000000000 ) ;
#1599 = ORIENTED_EDGE ( 'NONE', *, *, #2672, .T. ) ;
#1600 = DIRECTION ( 'NONE',  ( 0.0000000000000000000, 1.000000000000000000, 0.0000000000000000000 ) ) ;
#1601 =( NAMED_UNIT ( * ) SI_UNIT ( $, .STERADIAN. ) SOLID_ANGLE_UNIT ( ) );
#1602 = CARTESIAN_POINT ( 'NONE',  ( -2.116339720411217800, 0.1999999999999996500, 2.325000000000182300 ) ) ;
#1603 = VECTOR ( 'NONE', #4036, 1000.000000000000000 ) ;
#1604 = VERTEX_POINT ( 'NONE', #4865 ) ;
#1605 = AXIS2_PLACEMENT_3D ( 'NONE', #5087, #562, #1066 ) ;
#1606 = CARTESIAN_POINT ( 'NONE',  ( -1.616339720411101000, 0.09999999999999982500, 2.000000000000136800 ) ) ;
#1607 = EDGE_CURVE ( 'NONE', #6378, #1609, #2145, .T. ) ;
#1608 = CARTESIAN_POINT ( 'NONE',  ( -1.616339720411101000, 0.1999999999999996500, 1.800000000000091300 ) ) ;
#1609 = VERTEX_POINT ( 'NONE', #3926 ) ;
#1610 = ORIENTED_EDGE ( 'NONE', *, *, #2650, .F. ) ;
#1611 = DIRECTION ( 'NONE',  ( 0.3846153846208078000, 0.0000000000000000000, -0.9230769230746634900 ) ) ;
#1612 =( NAMED_UNIT ( * ) SI_UNIT ( $, .STERADIAN. ) SOLID_ANGLE_UNIT ( ) );
#1613 = AXIS2_PLACEMENT_3D ( 'NONE', #812, #2879, #4854 ) ;
#1614 = ORIENTED_EDGE ( 'NONE', *, *, #4528, .T. ) ;
#1615 = SURFACE_STYLE_USAGE ( .BOTH. , #4100 ) ;
#1616 = ORIENTED_EDGE ( 'NONE', *, *, #2180, .T. ) ;
#1617 = CARTESIAN_POINT ( 'NONE',  ( -2.216339720411125900, 0.1999999999999996500, 3.200000000000182300 ) ) ;
#1618 = CARTESIAN_POINT ( 'NONE',  ( 0.5836566519171045900, 0.5200000000000000200, 2.800757432710078800 ) ) ;
#1619 = PLANE ( 'NONE',  #4821 ) ;
#1620 = FACE_OUTER_BOUND ( 'NONE', #4891, .T. ) ;
#1621 = FACE_OUTER_BOUND ( 'NONE', #5978, .T. ) ;
#1622 = AXIS2_PLACEMENT_3D ( 'NONE', #730, #4195, #4264 ) ;
#1623 = EDGE_CURVE ( 'NONE', #5126, #4466, #609, .T. ) ;
#1624 = LINE ( 'NONE', #6111, #276 ) ;
#1625 = EDGE_LOOP ( 'NONE', ( #4310, #5960, #2356, #4941 ) ) ;
#1626 = CARTESIAN_POINT ( 'NONE',  ( -2.216339720411125900, 0.0000000000000000000, 1.800000000000091300 ) ) ;
#1627 = DIRECTION ( 'NONE',  ( 0.0000000000000000000, 1.000000000000000000, 0.0000000000000000000 ) ) ;
#1628 = UNCERTAINTY_MEASURE_WITH_UNIT (LENGTH_MEASURE( 1.000000000000000100E-005 ), #1671, 'distance_accuracy_value', 'NONE');
#1629 = DIRECTION ( 'NONE',  ( 0.0000000000000000000, 0.0000000000000000000, -1.000000000000000000 ) ) ;
#1630 = STYLED_ITEM ( 'NONE', ( #4234 ), #5979 ) ;
#1631 = PRODUCT ( 'MP-3014-1100-22-80', 'MP-3014-1100-22-80', '', ( #231 ) ) ;
#1632 = CARTESIAN_POINT ( 'NONE',  ( -1.208006387077914100, 0.1999999999999996500, 3.200000000000182300 ) ) ;
#1633 = MECHANICAL_DESIGN_GEOMETRIC_PRESENTATION_REPRESENTATION (  '', ( #4094 ), #5213 ) ;
#1634 = DIRECTION ( 'NONE',  ( -0.08682659386424715400, -0.9924325091389669700, 0.08682659386424783400 ) ) ;
#1635 = ORIENTED_EDGE ( 'NONE', *, *, #4842, .F. ) ;
#1636 = EDGE_CURVE ( 'NONE', #3159, #5357, #4146, .T. ) ;
#1637 = CARTESIAN_POINT ( 'NONE',  ( 0.4836602795886915100, 0.0000000000000000000, 2.900000000000000400 ) ) ;
#1638 = ORIENTED_EDGE ( 'NONE', *, *, #3485, .T. ) ;
#1639 = CARTESIAN_POINT ( 'NONE',  ( -2.216339720411125900, 0.2000000000000005100, 3.200000000000182300 ) ) ;
#1640 =( NAMED_UNIT ( * ) SI_UNIT ( $, .STERADIAN. ) SOLID_ANGLE_UNIT ( ) );
#1641 = COLOUR_RGB ( '',1.000000000000000000, 1.000000000000000000, 1.000000000000000000 ) ;
#1642 = VERTEX_POINT ( 'NONE', #3882 ) ;
#1643 = FILL_AREA_STYLE_COLOUR ( '', #3183 ) ;
#1644 = VECTOR ( 'NONE', #551, 1000.000000000000000 ) ;
#1645 = CARTESIAN_POINT ( 'NONE',  ( -1.208006387077914500, 0.09999999999999982500, 3.200000000000182300 ) ) ;
#1646 = DIRECTION ( 'NONE',  ( -1.000000000000000000, 0.0000000000000000000, 0.0000000000000000000 ) ) ;
#1647 = EDGE_CURVE ( 'NONE', #3972, #785, #1904, .T. ) ;
#1648 = SURFACE_STYLE_FILL_AREA ( #4672 ) ;
#1649 = CIRCLE ( 'NONE', #513, 0.09999999999992220700 ) ;
#1650 = VERTEX_POINT ( 'NONE', #2455 ) ;
#1651 = EDGE_CURVE ( 'NONE', #1325, #3927, #2522, .T. ) ;
#1652 = EDGE_LOOP ( 'NONE', ( #5559, #1368, #5498, #531, #77 ) ) ;
#1653 = VECTOR ( 'NONE', #5418, 1000.000000000000000 ) ;
#1654 = PRESENTATION_STYLE_ASSIGNMENT (( #1593 ) ) ;
#1655 = DIRECTION ( 'NONE',  ( -0.0000000000000000000, 1.000000000000000000, 0.0000000000000000000 ) ) ;
#1656 =( GEOMETRIC_REPRESENTATION_CONTEXT ( 3 ) GLOBAL_UNCERTAINTY_ASSIGNED_CONTEXT ( ( #4909 ) ) GLOBAL_UNIT_ASSIGNED_CONTEXT ( ( #697, #6186, #1681 ) ) REPRESENTATION_CONTEXT ( 'NONE', 'WORKASPACE' ) );
#1657 = CARTESIAN_POINT ( 'NONE',  ( -2.016336092739191300, 0.5200000000000000200, 2.800757432710180100 ) ) ;
#1658 = ORIENTED_EDGE ( 'NONE', *, *, #5358, .T. ) ;
#1659 = EDGE_CURVE ( 'NONE', #4330, #410, #4379, .T. ) ;
#1660 = DIRECTION ( 'NONE',  ( -0.0000000000000000000, -1.000000000000000000, 0.0000000000000000000 ) ) ;
#1661 = CARTESIAN_POINT ( 'NONE',  ( -1.474673053744338400, 0.1999999999999996500, 1.800000000000091300 ) ) ;
#1662 = ORIENTED_EDGE ( 'NONE', *, *, #5863, .F. ) ;
#1663 = EDGE_LOOP ( 'NONE', ( #5668, #1769, #3511, #4783 ) ) ;
#1664 = AXIS2_PLACEMENT_3D ( 'NONE', #87, #2142, #4080 ) ;
#1665 = FACE_BOUND ( 'NONE', #2930, .T. ) ;
#1666 = DIRECTION ( 'NONE',  ( -0.0000000000000000000, -1.000000000000000000, 0.0000000000000000000 ) ) ;
#1667 = DIRECTION ( 'NONE',  ( 1.000000000000000000, 0.0000000000000000000, 0.0000000000000000000 ) ) ;
#1668 = FILL_AREA_STYLE ('',( #2735 ) ) ;
#1669 = ORIENTED_EDGE ( 'NONE', *, *, #6242, .T. ) ;
#1670 =( GEOMETRIC_REPRESENTATION_CONTEXT ( 3 ) GLOBAL_UNCERTAINTY_ASSIGNED_CONTEXT ( ( #5687 ) ) GLOBAL_UNIT_ASSIGNED_CONTEXT ( ( #3697, #2279, #232 ) ) REPRESENTATION_CONTEXT ( 'NONE', 'WORKASPACE' ) );
#1671 =( LENGTH_UNIT ( ) NAMED_UNIT ( * ) SI_UNIT ( .MILLI., .METRE. ) );
#1672 = PRESENTATION_LAYER_ASSIGNMENT (  '', '', ( #220 ) ) ;
#1673 = CARTESIAN_POINT ( 'NONE',  ( 0.5836602795890552000, 0.0000000000000000000, 2.100000000000045800 ) ) ;
#1674 = SURFACE_STYLE_FILL_AREA ( #205 ) ;
#1675 = ORIENTED_EDGE ( 'NONE', *, *, #1651, .T. ) ;
#1676 = EDGE_CURVE ( 'NONE', #3135, #5375, #3079, .T. ) ;
#1677 = CARTESIAN_POINT ( 'NONE',  ( -1.099673053744419500, 0.1999999999999996500, 3.100000000000273200 ) ) ;
#1678 = VECTOR ( 'NONE', #404, 1000.000000000000000 ) ;
#1679 = DIRECTION ( 'NONE',  ( 1.000000000000000000, 0.0000000000000000000, 0.0000000000000000000 ) ) ;
#1680 = DIRECTION ( 'NONE',  ( -0.0000000000000000000, -1.000000000000000000, -0.0000000000000000000 ) ) ;
#1681 =( NAMED_UNIT ( * ) SI_UNIT ( $, .STERADIAN. ) SOLID_ANGLE_UNIT ( ) );
#1682 = CIRCLE ( 'NONE', #4127, 0.1000000000000256400 ) ;
#1683 = VERTEX_POINT ( 'NONE', #4888 ) ;
#1684 = LINE ( 'NONE', #4681, #5264 ) ;
#1685 = DIRECTION ( 'NONE',  ( -1.000000000000000000, 0.0000000000000000000, 2.168404344970462600E-015 ) ) ;
#1686 = DIRECTION ( 'NONE',  ( 0.0000000000000000000, 1.000000000000000000, -0.0000000000000000000 ) ) ;
#1687 = DIRECTION ( 'NONE',  ( 0.0000000000000000000, 1.000000000000000000, -0.0000000000000000000 ) ) ;
#1688 = PRESENTATION_STYLE_ASSIGNMENT (( #2009 ) ) ;
#1689 = ORIENTED_EDGE ( 'NONE', *, *, #2827, .F. ) ;
#1690 = PRESENTATION_LAYER_ASSIGNMENT (  '', '', ( #6008 ) ) ;
#1691 = CARTESIAN_POINT ( 'NONE',  ( -1.966339720411125900, 0.09999999999999982500, 3.100000000000045800 ) ) ;
#1692 = LINE ( 'NONE', #303, #6031 ) ;
#1693 = VERTEX_POINT ( 'NONE', #2416 ) ;
#1694 = PLANE ( 'NONE',  #4673 ) ;
#1695 = VERTEX_POINT ( 'NONE', #6444 ) ;
#1696 = DIRECTION ( 'NONE',  ( -0.0000000000000000000, -1.000000000000000000, 0.0000000000000000000 ) ) ;
#1697 = CARTESIAN_POINT ( 'NONE',  ( -1.716339720411126400, 0.0000000000000000000, 1.999999999999909400 ) ) ;
#1698 = EDGE_CURVE ( 'NONE', #3130, #2181, #1563, .T. ) ;
#1699 = APPLICATION_PROTOCOL_DEFINITION ( 'draft international standard', 'automotive_design', 1998, #1185 ) ;
#1700 = SURFACE_SIDE_STYLE ('',( #5221 ) ) ;
#1701 = DIRECTION ( 'NONE',  ( -0.0000000000000000000, -1.000000000000000000, 0.0000000000000000000 ) ) ;
#1702 = ORIENTED_EDGE ( 'NONE', *, *, #145, .T. ) ;
#1703 = DIRECTION ( 'NONE',  ( 1.000000000000000000, 0.0000000000000000000, 0.0000000000000000000 ) ) ;
#1704 = VERTEX_POINT ( 'NONE', #2549 ) ;
#1705 = AXIS2_PLACEMENT_3D ( 'NONE', #1121, #1666, #5151 ) ;
#1706 = DIRECTION ( 'NONE',  ( 0.9230769230754696200, 0.0000000000000000000, 0.3846153846188730700 ) ) ;
#1707 = DIRECTION ( 'NONE',  ( 1.000000000000000000, 0.0000000000000000000, 0.0000000000000000000 ) ) ;
#1708 = ORIENTED_EDGE ( 'NONE', *, *, #2180, .F. ) ;
#1709 = DIRECTION ( 'NONE',  ( -1.000000000000000000, -0.0000000000000000000, -0.0000000000000000000 ) ) ;
#1710 = CIRCLE ( 'NONE', #4805, 0.09999999999968171800 ) ;
#1711 = SURFACE_SIDE_STYLE ('',( #668 ) ) ;
#1712 = ADVANCED_FACE ( 'NONE', ( #214 ), #4769, .F. ) ;
#1713 = STYLED_ITEM ( 'NONE', ( #3821 ), #3867 ) ;
#1714 = VERTEX_POINT ( 'NONE', #979 ) ;
#1715 = EDGE_CURVE ( 'NONE', #3360, #3494, #1172, .T. ) ;
#1716 = UNCERTAINTY_MEASURE_WITH_UNIT (LENGTH_MEASURE( 1.000000000000000100E-005 ), #3636, 'distance_accuracy_value', 'NONE');
#1717 = DIRECTION ( 'NONE',  ( 1.000000000000000000, 0.0000000000000000000, 0.0000000000000000000 ) ) ;
#1718 = FACE_OUTER_BOUND ( 'NONE', #197, .T. ) ;
#1719 =( NAMED_UNIT ( * ) PLANE_ANGLE_UNIT ( ) SI_UNIT ( $, .RADIAN. ) );
#1720 = CYLINDRICAL_SURFACE ( 'NONE', #5412, 0.2000000000000002300 ) ;
#1721 = CARTESIAN_POINT ( 'NONE',  ( -1.866339720411217100, 0.1999999999999996500, 3.200000000000182300 ) ) ;
#1722 = LINE ( 'NONE', #1805, #5103 ) ;
#1723 = DIRECTION ( 'NONE',  ( -0.0000000000000000000, -1.000000000000000000, 0.0000000000000000000 ) ) ;
#1724 = MECHANICAL_DESIGN_GEOMETRIC_PRESENTATION_REPRESENTATION (  '', ( #5182 ), #6359 ) ;
#1725 = EDGE_LOOP ( 'NONE', ( #3592, #4778, #6422, #4272 ) ) ;
#1726 = DIRECTION ( 'NONE',  ( -0.0000000000000000000, -1.000000000000000000, 0.0000000000000000000 ) ) ;
#1727 = CARTESIAN_POINT ( 'NONE',  ( -2.116339720411217800, 0.1999999999999996500, 2.999999999999909400 ) ) ;
#1728 = VECTOR ( 'NONE', #332, 1000.000000000000000 ) ;
#1729 = LINE ( 'NONE', #1441, #4525 ) ;
#1730 = EDGE_CURVE ( 'NONE', #5420, #1844, #838, .T. ) ;
#1731 = VERTEX_POINT ( 'NONE', #434 ) ;
#1732 = ORIENTED_EDGE ( 'NONE', *, *, #5582, .F. ) ;
#1733 = DIRECTION ( 'NONE',  ( -1.000000000000000000, 0.0000000000000000000, 0.0000000000000000000 ) ) ;
#1734 = DIRECTION ( 'NONE',  ( -0.0000000000000000000, -1.000000000000000000, 0.0000000000000000000 ) ) ;
#1735 = DIRECTION ( 'NONE',  ( 0.0000000000000000000, -1.000000000000000000, 0.0000000000000000000 ) ) ;
#1736 = VECTOR ( 'NONE', #1398, 1000.000000000000000 ) ;
#1737 = VECTOR ( 'NONE', #3713, 1000.000000000000000 ) ;
#1738 = FILL_AREA_STYLE_COLOUR ( '', #2544 ) ;
#1739 = ORIENTED_EDGE ( 'NONE', *, *, #4772, .T. ) ;
#1740 = AXIS2_PLACEMENT_3D ( 'NONE', #822, #4040, #504 ) ;
#1741 = ORIENTED_EDGE ( 'NONE', *, *, #2404, .F. ) ;
#1742 = DIRECTION ( 'NONE',  ( -1.000000000000000000, 0.0000000000000000000, 0.0000000000000000000 ) ) ;
#1743 = EDGE_CURVE ( 'NONE', #4432, #1693, #5536, .T. ) ;
#1744 = ORIENTED_EDGE ( 'NONE', *, *, #1165, .T. ) ;
#1745 = CARTESIAN_POINT ( 'NONE',  ( -1.066339720411490400, 0.0000000000000000000, 2.900000000000227700 ) ) ;
#1746 = VERTEX_POINT ( 'NONE', #5521 ) ;
#1747 = FACE_OUTER_BOUND ( 'NONE', #677, .T. ) ;
#1748 = SURFACE_SIDE_STYLE ('',( #1535 ) ) ;
#1749 = DIRECTION ( 'NONE',  ( -1.000000000000000000, 0.0000000000000000000, 0.0000000000000000000 ) ) ;
#1750 = AXIS2_PLACEMENT_3D ( 'NONE', #6250, #3807, #4268 ) ;
#1751 = DIRECTION ( 'NONE',  ( -1.000000000000000000, 0.0000000000000000000, 0.0000000000000000000 ) ) ;
#1752 = CARTESIAN_POINT ( 'NONE',  ( -2.016339720411251900, 0.09999999999999982500, 3.100000000000045800 ) ) ;
#1753 = LINE ( 'NONE', #5189, #473 ) ;
#1754 = ORIENTED_EDGE ( 'NONE', *, *, #183, .F. ) ;
#1755 = ADVANCED_FACE ( 'NONE', ( #4226 ), #5971, .F. ) ;
#1756 = ORIENTED_EDGE ( 'NONE', *, *, #3852, .T. ) ;
#1757 = CIRCLE ( 'NONE', #6152, 0.1000000000001364400 ) ;
#1758 = VECTOR ( 'NONE', #1301, 1000.000000000000000 ) ;
#1759 =( NAMED_UNIT ( * ) PLANE_ANGLE_UNIT ( ) SI_UNIT ( $, .RADIAN. ) );
#1760 =( NAMED_UNIT ( * ) PLANE_ANGLE_UNIT ( ) SI_UNIT ( $, .RADIAN. ) );
#1761 = CARTESIAN_POINT ( 'NONE',  ( -2.116339720411217800, 0.09999999999999982500, 2.675000000000093500 ) ) ;
#1762 =( LENGTH_UNIT ( ) NAMED_UNIT ( * ) SI_UNIT ( .MILLI., .METRE. ) );
#1763 = EDGE_LOOP ( 'NONE', ( #5158, #1658, #6037, #5544, #844, #2937, #356, #1582 ) ) ;
#1764 =( GEOMETRIC_REPRESENTATION_CONTEXT ( 3 ) GLOBAL_UNCERTAINTY_ASSIGNED_CONTEXT ( ( #2649 ) ) GLOBAL_UNIT_ASSIGNED_CONTEXT ( ( #5772, #1352, #1880 ) ) REPRESENTATION_CONTEXT ( 'NONE', 'WORKASPACE' ) );
#1765 = LINE ( 'NONE', #487, #4260 ) ;
#1766 = CARTESIAN_POINT ( 'NONE',  ( -0.9663397204111244800, 0.09999999999999982500, 2.100000000000047200 ) ) ;
#1767 = PRODUCT_DEFINITION_CONTEXT ( 'detailed design', #4158, 'design' ) ;
#1768 = FACE_OUTER_BOUND ( 'NONE', #3508, .T. ) ;
#1769 = ORIENTED_EDGE ( 'NONE', *, *, #1937, .T. ) ;
#1770 = LINE ( 'NONE', #3954, #2171 ) ;
#1771 = STYLED_ITEM ( 'NONE', ( #5773 ), #6348 ) ;
#1772 = CARTESIAN_POINT ( 'NONE',  ( -1.866339720411217500, 0.1999999999999996500, 1.800000000000091300 ) ) ;
#1773 = FILL_AREA_STYLE_COLOUR ( '', #413 ) ;
#1774 = EDGE_CURVE ( 'NONE', #4561, #3429, #1897, .T. ) ;
#1775 = DIRECTION ( 'NONE',  ( -0.0000000000000000000, -0.0000000000000000000, 1.000000000000000000 ) ) ;
#1776 = ORIENTED_EDGE ( 'NONE', *, *, #856, .T. ) ;
#1777 = DIRECTION ( 'NONE',  ( 0.0000000000000000000, 1.000000000000000000, 0.0000000000000000000 ) ) ;
#1778 = LINE ( 'NONE', #4810, #5646 ) ;
#1779 = CARTESIAN_POINT ( 'NONE',  ( -1.988339720410151200, 0.2000000000000005100, 2.028000000000612000 ) ) ;
#1780 = VECTOR ( 'NONE', #5369, 1000.000000000000000 ) ;
#1781 = ORIENTED_EDGE ( 'NONE', *, *, #4942, .F. ) ;
#1782 = DIRECTION ( 'NONE',  ( 0.0000000000000000000, -0.9961946980917455500, -0.08715574274765837400 ) ) ;
#1783 = DIRECTION ( 'NONE',  ( 1.000000000000000000, 0.0000000000000000000, 0.0000000000000000000 ) ) ;
#1784 = STYLED_ITEM ( 'NONE', ( #5180 ), #795 ) ;
#1785 = LINE ( 'NONE', #2232, #3952 ) ;
#1786 = FILL_AREA_STYLE ('',( #2335 ) ) ;
#1787 = ORIENTED_EDGE ( 'NONE', *, *, #6296, .T. ) ;
#1788 = SURFACE_STYLE_FILL_AREA ( #4710 ) ;
#1789 = PLANE ( 'NONE',  #2966 ) ;
#1790 = AXIS2_PLACEMENT_3D ( 'NONE', #5144, #4646, #1089 ) ;
#1791 = DIRECTION ( 'NONE',  ( -0.0000000000000000000, -0.0000000000000000000, 1.000000000000000000 ) ) ;
#1792 = ORIENTED_EDGE ( 'NONE', *, *, #5704, .T. ) ;
#1793 = DIRECTION ( 'NONE',  ( 1.000000000000000000, 0.0000000000000000000, 0.0000000000000000000 ) ) ;
#1794 = STYLED_ITEM ( 'NONE', ( #4653 ), #101 ) ;
#1795 = DIRECTION ( 'NONE',  ( -0.0000000000000000000, 1.000000000000000000, 0.0000000000000000000 ) ) ;
#1796 = CARTESIAN_POINT ( 'NONE',  ( -2.016339720410853100, 0.09999999999999982500, 2.100000000000045800 ) ) ;
#1797 = COLOUR_RGB ( '',0.9098039215686274400, 0.4431372549019607600, 0.03137254901960784300 ) ;
#1798 = ORIENTED_EDGE ( 'NONE', *, *, #2846, .F. ) ;
#1799 = DIRECTION ( 'NONE',  ( 0.0000000000000000000, 0.0000000000000000000, -1.000000000000000000 ) ) ;
#1800 = DIRECTION ( 'NONE',  ( 0.0000000000000000000, 0.0000000000000000000, -1.000000000000000000 ) ) ;
#1801 = PRESENTATION_LAYER_ASSIGNMENT (  '', '', ( #5134 ) ) ;
#1802 = SURFACE_STYLE_USAGE ( .BOTH. , #782 ) ;
#1803 = VECTOR ( 'NONE', #1600, 1000.000000000000000 ) ;
#1804 = FACE_OUTER_BOUND ( 'NONE', #306, .T. ) ;
#1805 = CARTESIAN_POINT ( 'NONE',  ( 0.3579233739251985200, 0.2171683266629907100, 2.973502033954856100 ) ) ;
#1806 = STYLED_ITEM ( 'NONE', ( #4198 ), #4340 ) ;
#1807 = ORIENTED_EDGE ( 'NONE', *, *, #6079, .T. ) ;
#1808 = VECTOR ( 'NONE', #1227, 1000.000000000000000 ) ;
#1809 = EDGE_CURVE ( 'NONE', #4803, #4059, #6371, .T. ) ;
#1810 = ORIENTED_EDGE ( 'NONE', *, *, #5473, .T. ) ;
#1811 = CARTESIAN_POINT ( 'NONE',  ( -1.408647412718748300, 0.1999999999999996500, 1.981538461538457700 ) ) ;
#1812 = VECTOR ( 'NONE', #5364, 1000.000000000000000 ) ;
#1813 = PRESENTATION_STYLE_ASSIGNMENT (( #4705 ) ) ;
#1814 = MECHANICAL_DESIGN_GEOMETRIC_PRESENTATION_REPRESENTATION (  '', ( #3716 ), #696 ) ;
#1815 = ORIENTED_EDGE ( 'NONE', *, *, #1225, .F. ) ;
#1816 = DIRECTION ( 'NONE',  ( -1.000000000000000000, 0.0000000000000000000, 0.0000000000000000000 ) ) ;
#1817 = VERTEX_POINT ( 'NONE', #499 ) ;
#1818 = CARTESIAN_POINT ( 'NONE',  ( -0.9663397204113539600, 0.09999999999999982500, 3.000000000000250900 ) ) ;
#1819 = EDGE_LOOP ( 'NONE', ( #834, #4629, #779, #3517 ) ) ;
#1820 = EDGE_CURVE ( 'NONE', #5776, #1220, #4149, .T. ) ;
#1821 = COLOUR_RGB ( '',1.000000000000000000, 1.000000000000000000, 1.000000000000000000 ) ;
#1822 = MECHANICAL_DESIGN_GEOMETRIC_PRESENTATION_REPRESENTATION (  '', ( #4700 ), #2172 ) ;
#1823 = CARTESIAN_POINT ( 'NONE',  ( -2.116339720411216900, 0.1999999999999996500, 3.000000000000023100 ) ) ;
#1824 = CARTESIAN_POINT ( 'NONE',  ( -1.916339720410946900, 0.09999999999999982500, 2.100000000000042700 ) ) ;
#1825 = EDGE_LOOP ( 'NONE', ( #3421, #1984, #5262, #5372 ) ) ;
#1826 = CARTESIAN_POINT ( 'NONE',  ( -1.616339720411216900, 0.1999999999999996500, 1.900000000000000400 ) ) ;
#1827 = EDGE_LOOP ( 'NONE', ( #5430, #4713, #1991, #1211 ) ) ;
#1828 = DIRECTION ( 'NONE',  ( -1.000000000000000000, -0.0000000000000000000, -0.0000000000000000000 ) ) ;
#1829 = PRESENTATION_LAYER_ASSIGNMENT (  '', '', ( #6177 ) ) ;
#1830 = ORIENTED_EDGE ( 'NONE', *, *, #245, .F. ) ;
#1831 = CARTESIAN_POINT ( 'NONE',  ( 0.3844177122987553200, 0.5200000000000000200, 2.000003627672315400 ) ) ;
#1832 = ORIENTED_EDGE ( 'NONE', *, *, #5425, .T. ) ;
#1833 = EDGE_CURVE ( 'NONE', #3071, #4330, #4535, .T. ) ;
#1834 = DIRECTION ( 'NONE',  ( -0.0000000000000000000, -1.000000000000000000, 0.0000000000000000000 ) ) ;
#1835 = CARTESIAN_POINT ( 'NONE',  ( -1.333006387077913900, 0.09999999999999982500, 1.800000000000091300 ) ) ;
#1836 = CIRCLE ( 'NONE', #5744, 0.1000000000000241100 ) ;
#1837 = ORIENTED_EDGE ( 'NONE', *, *, #1607, .T. ) ;
#1838 = DIRECTION ( 'NONE',  ( 1.000000000000000000, 0.0000000000000000000, 0.0000000000000000000 ) ) ;
#1839 = ORIENTED_EDGE ( 'NONE', *, *, #3313, .F. ) ;
#1840 = DIRECTION ( 'NONE',  ( 1.000000000000000000, 0.0000000000000000000, -3.209939973140664600E-013 ) ) ;
#1841 = AXIS2_PLACEMENT_3D ( 'NONE', #1547, #1071, #3532 ) ;
#1842 = CARTESIAN_POINT ( 'NONE',  ( 0.5836566519171041400, 0.5200000000000004600, 2.800757432710078800 ) ) ;
#1843 = VECTOR ( 'NONE', #3307, 1000.000000000000000 ) ;
#1844 = VERTEX_POINT ( 'NONE', #2479 ) ;
#1845 = AXIS2_PLACEMENT_3D ( 'NONE', #185, #4223, #5199 ) ;
#1846 = UNCERTAINTY_MEASURE_WITH_UNIT (LENGTH_MEASURE( 1.000000000000000100E-005 ), #3628, 'distance_accuracy_value', 'NONE');
#1847 = CARTESIAN_POINT ( 'NONE',  ( -1.274032028103503800, 0.1999999999999996500, 3.018461538461815900 ) ) ;
#1848 = CARTESIAN_POINT ( 'NONE',  ( -2.016339720410853100, 0.09999999999999982500, 2.900000000000055900 ) ) ;
#1849 = DIRECTION ( 'NONE',  ( 1.000000000000000000, 0.0000000000000000000, 5.685285141969572400E-013 ) ) ;
#1850 = AXIS2_PLACEMENT_3D ( 'NONE', #4111, #3166, #140 ) ;
#1851 = EDGE_LOOP ( 'NONE', ( #1541, #5541, #5023, #2779 ) ) ;
#1852 = EDGE_CURVE ( 'NONE', #689, #188, #2069, .T. ) ;
#1853 = FILL_AREA_STYLE ('',( #2377 ) ) ;
#1854 = ADVANCED_FACE ( 'NONE', ( #4697 ), #64, .T. ) ;
#1855 = VECTOR ( 'NONE', #2963, 1000.000000000000100 ) ;
#1856 = AXIS2_PLACEMENT_3D ( 'NONE', #2763, #3243, #139 ) ;
#1857 = ORIENTED_EDGE ( 'NONE', *, *, #6095, .F. ) ;
#1858 = CARTESIAN_POINT ( 'NONE',  ( 0.4836602795891473100, 0.0000000000000000000, 2.000000000000136800 ) ) ;
#1859 = LINE ( 'NONE', #3278, #797 ) ;
#1860 = DIRECTION ( 'NONE',  ( -0.0000000000000000000, -1.000000000000000000, -0.0000000000000000000 ) ) ;
#1861 = EDGE_CURVE ( 'NONE', #2550, #4109, #755, .T. ) ;
#1862 = CARTESIAN_POINT ( 'NONE',  ( -2.216339720411125900, 0.0000000000000000000, 3.200000000000182300 ) ) ;
#1863 = DIRECTION ( 'NONE',  ( -1.000000000000000000, 0.0000000000000000000, 0.0000000000000000000 ) ) ;
#1864 = VERTEX_POINT ( 'NONE', #3633 ) ;
#1865 = SURFACE_STYLE_USAGE ( .BOTH. , #275 ) ;
#1866 = CARTESIAN_POINT ( 'NONE',  ( -0.2913397204113994400, 0.1999999999999996500, 1.800000000000091300 ) ) ;
#1867 = PRESENTATION_STYLE_ASSIGNMENT (( #4021 ) ) ;
#1868 = VERTEX_POINT ( 'NONE', #1565 ) ;
#1869 = CARTESIAN_POINT ( 'NONE',  ( -1.966339720411126600, 0.1999999999999996500, 1.900000000000000400 ) ) ;
#1870 =( LENGTH_UNIT ( ) NAMED_UNIT ( * ) SI_UNIT ( .MILLI., .METRE. ) );
#1871 = EDGE_CURVE ( 'NONE', #3259, #3990, #1246, .T. ) ;
#1872 = CARTESIAN_POINT ( 'NONE',  ( -2.216339720411125900, 0.5200000000000000200, 2.000003627672315400 ) ) ;
#1873 =( NAMED_UNIT ( * ) SI_UNIT ( $, .STERADIAN. ) SOLID_ANGLE_UNIT ( ) );
#1874 = ORIENTED_EDGE ( 'NONE', *, *, #2959, .T. ) ;
#1875 = ORIENTED_EDGE ( 'NONE', *, *, #3786, .F. ) ;
#1876 = MECHANICAL_DESIGN_GEOMETRIC_PRESENTATION_REPRESENTATION (  '', ( #5651 ), #2223 ) ;
#1877 = VECTOR ( 'NONE', #5619, 1000.000000000000000 ) ;
#1878 = EDGE_CURVE ( 'NONE', #3417, #2589, #6221, .T. ) ;
#1879 = UNCERTAINTY_MEASURE_WITH_UNIT (LENGTH_MEASURE( 1.000000000000000100E-005 ), #2326, 'distance_accuracy_value', 'NONE');
#1880 =( NAMED_UNIT ( * ) SI_UNIT ( $, .STERADIAN. ) SOLID_ANGLE_UNIT ( ) );
#1881 = CARTESIAN_POINT ( 'NONE',  ( -2.216339720411125900, 0.09999999999999982500, 1.900000000000000400 ) ) ;
#1882 = ADVANCED_FACE ( 'NONE', ( #4218 ), #3611, .F. ) ;
#1883 = ORIENTED_EDGE ( 'NONE', *, *, #1852, .F. ) ;
#1884 = CIRCLE ( 'NONE', #15, 0.09999999999945426200 ) ;
#1885 = CARTESIAN_POINT ( 'NONE',  ( -1.274032028103555300, 0.1999999999999996500, 3.018461538461939800 ) ) ;
#1886 = DIRECTION ( 'NONE',  ( 0.0000000000000000000, -1.000000000000000000, -0.0000000000000000000 ) ) ;
#1887 = SURFACE_STYLE_FILL_AREA ( #4750 ) ;
#1888 =( NAMED_UNIT ( * ) SI_UNIT ( $, .STERADIAN. ) SOLID_ANGLE_UNIT ( ) );
#1889 = SURFACE_STYLE_FILL_AREA ( #1490 ) ;
#1890 = VECTOR ( 'NONE', #1057, 1000.000000000000000 ) ;
#1891 = ORIENTED_EDGE ( 'NONE', *, *, #1165, .F. ) ;
#1892 = VERTEX_POINT ( 'NONE', #1061 ) ;
#1893 =( NAMED_UNIT ( * ) PLANE_ANGLE_UNIT ( ) SI_UNIT ( $, .RADIAN. ) );
#1894 = VERTEX_POINT ( 'NONE', #4582 ) ;
#1895 = DIRECTION ( 'NONE',  ( -1.000000000000000000, 0.0000000000000000000, 0.0000000000000000000 ) ) ;
#1896 = STYLED_ITEM ( 'NONE', ( #2880 ), #4993 ) ;
#1897 = CIRCLE ( 'NONE', #1344, 0.1000000000002500600 ) ;
#1898 = LINE ( 'NONE', #6331, #839 ) ;
#1899 = EDGE_CURVE ( 'NONE', #1868, #1108, #3431, .T. ) ;
#1900 = CARTESIAN_POINT ( 'NONE',  ( -1.781767273871507100, 0.1336087808856264700, 2.234572446539453900 ) ) ;
#1901 = ORIENTED_EDGE ( 'NONE', *, *, #1774, .T. ) ;
#1902 = CARTESIAN_POINT ( 'NONE',  ( -2.116339720411217800, 0.1999999999999996500, 1.999999999999907200 ) ) ;
#1903 = ORIENTED_EDGE ( 'NONE', *, *, #97, .T. ) ;
#1904 = LINE ( 'NONE', #1916, #538 ) ;
#1905 = DIRECTION ( 'NONE',  ( 3.209939973140664600E-013, 0.0000000000000000000, 1.000000000000000000 ) ) ;
#1906 = SURFACE_STYLE_FILL_AREA ( #388 ) ;
#1907 = DIRECTION ( 'NONE',  ( -0.08682659386416474700, 0.9924325091389741800, -0.08682659386424841600 ) ) ;
#1908 = CARTESIAN_POINT ( 'NONE',  ( -1.333006387077914500, 0.1999999999999996500, 1.800000000000091300 ) ) ;
#1909 = ORIENTED_EDGE ( 'NONE', *, *, #4038, .T. ) ;
#1910 = ORIENTED_EDGE ( 'NONE', *, *, #3000, .T. ) ;
#1911 = DIRECTION ( 'NONE',  ( -1.000000000000000000, -0.0000000000000000000, -0.0000000000000000000 ) ) ;
#1912 = CARTESIAN_POINT ( 'NONE',  ( 0.7836602795884186600, 0.1999999999999996500, 2.325000000000181800 ) ) ;
#1913 = FILL_AREA_STYLE ('',( #1340 ) ) ;
#1914 = CIRCLE ( 'NONE', #4977, 0.1000000000000251900 ) ;
#1915 = EDGE_LOOP ( 'NONE', ( #5804, #3211, #5896, #422 ) ) ;
#1916 = CARTESIAN_POINT ( 'NONE',  ( -2.116339720411217300, 0.1999999999999996500, 3.200000000000071200 ) ) ;
#1917 = VERTEX_POINT ( 'NONE', #1112 ) ;
#1918 = AXIS2_PLACEMENT_3D ( 'NONE', #4200, #3173, #147 ) ;
#1919 = ADVANCED_FACE ( 'NONE', ( #1074 ), #4138, .F. ) ;
#1920 = DIRECTION ( 'NONE',  ( -1.000000000000000000, 0.0000000000000000000, 0.0000000000000000000 ) ) ;
#1921 = LINE ( 'NONE', #2407, #5034 ) ;
#1922 = EDGE_LOOP ( 'NONE', ( #5138, #2450, #4342, #1255 ) ) ;
#1923 = EDGE_CURVE ( 'NONE', #3417, #1436, #6157, .T. ) ;
#1924 =( NAMED_UNIT ( * ) SI_UNIT ( $, .STERADIAN. ) SOLID_ANGLE_UNIT ( ) );
#1925 = DIRECTION ( 'NONE',  ( -1.000000000000000000, 0.0000000000000000000, 0.0000000000000000000 ) ) ;
#1926 = ORIENTED_EDGE ( 'NONE', *, *, #6417, .F. ) ;
#1927 = PRESENTATION_LAYER_ASSIGNMENT (  '', '', ( #3171 ) ) ;
#1928 = UNCERTAINTY_MEASURE_WITH_UNIT (LENGTH_MEASURE( 1.000000000000000100E-005 ), #4737, 'distance_accuracy_value', 'NONE');
#1929 = CARTESIAN_POINT ( 'NONE',  ( -1.716339720410671800, 0.0000000000000000000, 2.900000000000000400 ) ) ;
#1930 = ORIENTED_EDGE ( 'NONE', *, *, #6142, .T. ) ;
#1931 = CARTESIAN_POINT ( 'NONE',  ( 0.5836566519171041400, 0.5200000000000000200, 3.200000000000182300 ) ) ;
#1932 = FILL_AREA_STYLE_COLOUR ( '', #1402 ) ;
#1933 = ADVANCED_FACE ( 'NONE', ( #3513 ), #1590, .F. ) ;
#1934 = FILL_AREA_STYLE_COLOUR ( '', #30 ) ;
#1935 =( GEOMETRIC_REPRESENTATION_CONTEXT ( 3 ) GLOBAL_UNCERTAINTY_ASSIGNED_CONTEXT ( ( #4746 ) ) GLOBAL_UNIT_ASSIGNED_CONTEXT ( ( #5195, #2235, #5155 ) ) REPRESENTATION_CONTEXT ( 'NONE', 'WORKASPACE' ) );
#1936 = DIRECTION ( 'NONE',  ( -1.000000000000000000, 0.0000000000000000000, 0.0000000000000000000 ) ) ;
#1937 = EDGE_CURVE ( 'NONE', #1017, #6241, #5831, .T. ) ;
#1938 = LINE ( 'NONE', #2967, #2800 ) ;
#1939 = DIRECTION ( 'NONE',  ( -1.000000000000000000, 0.0000000000000000000, 0.0000000000000000000 ) ) ;
#1940 = EDGE_LOOP ( 'NONE', ( #4835, #4814, #4009, #6305 ) ) ;
#1941 = AXIS2_PLACEMENT_3D ( 'NONE', #5625, #644, #664 ) ;
#1942 = CARTESIAN_POINT ( 'NONE',  ( -1.266339720411308300, 0.1999999999999996500, 2.100000000000098200 ) ) ;
#1943 = LINE ( 'NONE', #5675, #5801 ) ;
#1944 = ORIENTED_EDGE ( 'NONE', *, *, #1, .T. ) ;
#1945 = CARTESIAN_POINT ( 'NONE',  ( -1.490698694770313800, 0.1999999999999996500, 1.838461538461795300 ) ) ;
#1946 = ORIENTED_EDGE ( 'NONE', *, *, #6117, .F. ) ;
#1947 = EDGE_CURVE ( 'NONE', #4742, #2482, #5532, .T. ) ;
#1948 = DIRECTION ( 'NONE',  ( -0.0000000000000000000, 1.000000000000000000, 0.0000000000000000000 ) ) ;
#1949 = DIRECTION ( 'NONE',  ( 0.0000000000000000000, 1.000000000000000000, 0.0000000000000000000 ) ) ;
#1950 = CIRCLE ( 'NONE', #4934, 0.1999999999999317900 ) ;
#1951 = ADVANCED_FACE ( 'NONE', ( #2221 ), #2997, .F. ) ;
#1952 = ORIENTED_EDGE ( 'NONE', *, *, #2502, .T. ) ;
#1953 = DIRECTION ( 'NONE',  ( 0.0000000000000000000, -1.000000000000000000, -0.0000000000000000000 ) ) ;
#1954 = CARTESIAN_POINT ( 'NONE',  ( 0.6836602795889648000, 0.1999999999999996500, 2.999999999999852600 ) ) ;
#1955 =( GEOMETRIC_REPRESENTATION_CONTEXT ( 3 ) GLOBAL_UNCERTAINTY_ASSIGNED_CONTEXT ( ( #3091 ) ) GLOBAL_UNIT_ASSIGNED_CONTEXT ( ( #2575, #4547, #2595 ) ) REPRESENTATION_CONTEXT ( 'NONE', 'WORKASPACE' ) );
#1956 = DIRECTION ( 'NONE',  ( -0.0000000000000000000, -1.000000000000000000, 0.0000000000000000000 ) ) ;
#1957 = COLOUR_RGB ( '',0.7921568627450980000, 0.8196078431372548800, 0.9333333333333333500 ) ;
#1958 = VERTEX_POINT ( 'NONE', #4664 ) ;
#1959 = DIRECTION ( 'NONE',  ( -0.0000000000000000000, -1.000000000000000000, 0.0000000000000000000 ) ) ;
#1960 = ORIENTED_EDGE ( 'NONE', *, *, #1119, .T. ) ;
#1961 = EDGE_CURVE ( 'NONE', #459, #4099, #4837, .T. ) ;
#1962 =( NAMED_UNIT ( * ) PLANE_ANGLE_UNIT ( ) SI_UNIT ( $, .RADIAN. ) );
#1963 = ORIENTED_EDGE ( 'NONE', *, *, #6018, .F. ) ;
#1964 =( BOUNDED_CURVE ( )  B_SPLINE_CURVE ( 3, ( #1161, #1188, #5183, #4241 ),
 .UNSPECIFIED., .F., .F. ) 
 B_SPLINE_CURVE_WITH_KNOTS ( ( 4, 4 ),
 ( 2.359992588465630100, 3.923192718713481000 ),
 .UNSPECIFIED. ) 
 CURVE ( )  GEOMETRIC_REPRESENTATION_ITEM ( )  RATIONAL_B_SPLINE_CURVE ( ( 1.000000000000000000, 0.8065248903854614900, 0.8065248903854614900, 1.000000000000000000 ) ) 
 REPRESENTATION_ITEM ( '' )  );
#1965 = LINE ( 'NONE', #5337, #6135 ) ;
#1966 =( GEOMETRIC_REPRESENTATION_CONTEXT ( 3 ) GLOBAL_UNCERTAINTY_ASSIGNED_CONTEXT ( ( #161 ) ) GLOBAL_UNIT_ASSIGNED_CONTEXT ( ( #879, #4390, #1924 ) ) REPRESENTATION_CONTEXT ( 'NONE', 'WORKASPACE' ) );
#1967 = FILL_AREA_STYLE ('',( #3912 ) ) ;
#1968 = ADVANCED_FACE ( 'NONE', ( #6146 ), #233, .F. ) ;
#1969 = FILL_AREA_STYLE_COLOUR ( '', #3155 ) ;
#1970 = LINE ( 'NONE', #29, #674 ) ;
#1971 = ORIENTED_EDGE ( 'NONE', *, *, #4683, .F. ) ;
#1972 = FACE_BOUND ( 'NONE', #1763, .T. ) ;
#1973 = PLANE ( 'NONE',  #2156 ) ;
#1974 = DIRECTION ( 'NONE',  ( 0.0000000000000000000, 1.000000000000000000, 0.0000000000000000000 ) ) ;
#1975 = CARTESIAN_POINT ( 'NONE',  ( -1.266339720411307800, 0.1999999999999996500, 2.980000000000155000 ) ) ;
#1976 = ORIENTED_EDGE ( 'NONE', *, *, #2618, .T. ) ;
#1977 = DIRECTION ( 'NONE',  ( -1.000000000000000000, 0.0000000000000000000, -0.0000000000000000000 ) ) ;
#1978 = AXIS2_PLACEMENT_3D ( 'NONE', #2566, #2029, #6032 ) ;
#1979 = LINE ( 'NONE', #870, #3271 ) ;
#1980 = EDGE_CURVE ( 'NONE', #6395, #6446, #3207, .T. ) ;
#1981 = DIRECTION ( 'NONE',  ( -1.000000000000000000, 0.0000000000000000000, -0.0000000000000000000 ) ) ;
#1982 = VERTEX_POINT ( 'NONE', #4689 ) ;
#1983 = FILL_AREA_STYLE ('',( #5922 ) ) ;
#1984 = ORIENTED_EDGE ( 'NONE', *, *, #4096, .F. ) ;
#1985 = DIRECTION ( 'NONE',  ( -1.000000000000000000, 0.0000000000000000000, 0.0000000000000000000 ) ) ;
#1986 = PRESENTATION_LAYER_ASSIGNMENT (  '', '', ( #1630 ) ) ;
#1987 = VERTEX_POINT ( 'NONE', #5654 ) ;
#1988 = ADVANCED_FACE ( 'NONE', ( #4688 ), #187, .F. ) ;
#1989 = PLANE ( 'NONE',  #4951 ) ;
#1990 = AXIS2_PLACEMENT_3D ( 'NONE', #3565, #528, #1070 ) ;
#1991 = ORIENTED_EDGE ( 'NONE', *, *, #3962, .F. ) ;
#1992 = EDGE_CURVE ( 'NONE', #878, #5458, #4137, .T. ) ;
#1993 = SURFACE_STYLE_FILL_AREA ( #6398 ) ;
#1994 = ADVANCED_FACE ( 'NONE', ( #1162 ), #680, .F. ) ;
#1995 = DIRECTION ( 'NONE',  ( -1.000000000000000000, 0.0000000000000000000, 0.0000000000000000000 ) ) ;
#1996 = CARTESIAN_POINT ( 'NONE',  ( 0.7836602795888739600, 0.09999999999999982500, 1.800000000000091300 ) ) ;
#1997 = ORIENTED_EDGE ( 'NONE', *, *, #3711, .F. ) ;
#1998 = EDGE_LOOP ( 'NONE', ( #302, #3297, #6434, #251 ) ) ;
#1999 = PRESENTATION_STYLE_ASSIGNMENT (( #5104 ) ) ;
#2000 = CARTESIAN_POINT ( 'NONE',  ( -2.116339720411216900, 0.1999999999999996500, 1.999999999999907200 ) ) ;
#2001 = VECTOR ( 'NONE', #4804, 1000.000000000000000 ) ;
#2002 = EDGE_CURVE ( 'NONE', #3524, #1256, #4207, .T. ) ;
#2003 = ORIENTED_EDGE ( 'NONE', *, *, #3316, .F. ) ;
#2004 = VERTEX_POINT ( 'NONE', #5671 ) ;
#2005 = EDGE_CURVE ( 'NONE', #1256, #1325, #5002, .T. ) ;
#2006 = DIRECTION ( 'NONE',  ( 0.0000000000000000000, 1.000000000000000000, 0.0000000000000000000 ) ) ;
#2007 = CARTESIAN_POINT ( 'NONE',  ( -0.3913397204110807300, 0.09999999999999982500, 3.100000000000045800 ) ) ;
#2008 = ADVANCED_FACE ( 'NONE', ( #52 ), #206, .F. ) ;
#2009 = SURFACE_STYLE_USAGE ( .BOTH. , #997 ) ;
#2010 = CARTESIAN_POINT ( 'NONE',  ( -0.1413397204103989700, 0.09999999999999982500, 3.200000000000182300 ) ) ;
#2011 = FACE_OUTER_BOUND ( 'NONE', #1915, .T. ) ;
#2012 = ORIENTED_EDGE ( 'NONE', *, *, #5967, .T. ) ;
#2013 = CARTESIAN_POINT ( 'NONE',  ( -2.216339720411130400, 0.1999999999999996500, 2.675000000000095700 ) ) ;
#2014 = CIRCLE ( 'NONE', #6461, 0.1000000000001364400 ) ;
#2015 = AXIS2_PLACEMENT_3D ( 'NONE', #2500, #3124, #5587 ) ;
#2016 =( GEOMETRIC_REPRESENTATION_CONTEXT ( 3 ) GLOBAL_UNCERTAINTY_ASSIGNED_CONTEXT ( ( #1846 ) ) GLOBAL_UNIT_ASSIGNED_CONTEXT ( ( #3628, #5583, #6118 ) ) REPRESENTATION_CONTEXT ( 'NONE', 'WORKASPACE' ) );
#2017 = CARTESIAN_POINT ( 'NONE',  ( -1.266339720411307800, 0.1999999999999996500, 2.100000000000045800 ) ) ;
#2018 = VERTEX_POINT ( 'NONE', #1752 ) ;
#2019 = CARTESIAN_POINT ( 'NONE',  ( -0.3913397204113075500, 0.09999999999999982500, 1.900000000000000400 ) ) ;
#2020 = CARTESIAN_POINT ( 'NONE',  ( -0.9663397204111253700, 0.09999999999999982500, 2.000000000000136800 ) ) ;
#2021 = DIRECTION ( 'NONE',  ( -1.000000000000000000, 0.0000000000000000000, 0.0000000000000000000 ) ) ;
#2022 = AXIS2_PLACEMENT_3D ( 'NONE', #1637, #5121, #67 ) ;
#2023 = DIRECTION ( 'NONE',  ( -1.000000000000000000, 0.0000000000000000000, 0.0000000000000000000 ) ) ;
#2024 = ORIENTED_EDGE ( 'NONE', *, *, #831, .T. ) ;
#2025 = VECTOR ( 'NONE', #380, 1000.000000000000000 ) ;
#2026 = ADVANCED_FACE ( 'NONE', ( #4363 ), #1163, .T. ) ;
#2027 = CARTESIAN_POINT ( 'NONE',  ( -1.966339720411125900, 0.1999999999999996500, 3.100000000000045800 ) ) ;
#2028 = FACE_OUTER_BOUND ( 'NONE', #4489, .T. ) ;
#2029 = DIRECTION ( 'NONE',  ( -0.0000000000000000000, -1.000000000000000000, 0.0000000000000000000 ) ) ;
#2030 = AXIS2_PLACEMENT_3D ( 'NONE', #5827, #2898, #2346 ) ;
#2031 = ORIENTED_EDGE ( 'NONE', *, *, #6263, .T. ) ;
#2032 = PLANE ( 'NONE',  #4930 ) ;
#2033 = AXIS2_PLACEMENT_3D ( 'NONE', #1766, #4761, #284 ) ;
#2034 = EDGE_CURVE ( 'NONE', #3343, #763, #6450, .T. ) ;
#2035 = CARTESIAN_POINT ( 'NONE',  ( -1.583006387077914500, 0.1999999999999996500, 1.900000000000000400 ) ) ;
#2036 = ORIENTED_EDGE ( 'NONE', *, *, #260, .T. ) ;
#2037 = CARTESIAN_POINT ( 'NONE',  ( -2.116339720411216900, 0.1999999999999996500, 3.000000000000023100 ) ) ;
#2038 = ORIENTED_EDGE ( 'NONE', *, *, #5840, .T. ) ;
#2039 = VECTOR ( 'NONE', #5584, 1000.000000000000000 ) ;
#2040 =( LENGTH_UNIT ( ) NAMED_UNIT ( * ) SI_UNIT ( .MILLI., .METRE. ) );
#2041 =( NAMED_UNIT ( * ) PLANE_ANGLE_UNIT ( ) SI_UNIT ( $, .RADIAN. ) );
#2042 = CARTESIAN_POINT ( 'NONE',  ( -1.916339720411399400, 0.09999999999999982500, 2.100000000000045800 ) ) ;
#2043 = LINE ( 'NONE', #3270, #3411 ) ;
#2044 = ORIENTED_EDGE ( 'NONE', *, *, #4428, .F. ) ;
#2045 = CARTESIAN_POINT ( 'NONE',  ( -2.116339720411217800, 0.1999999999999996500, 2.325000000000182300 ) ) ;
#2046 = ORIENTED_EDGE ( 'NONE', *, *, #4709, .F. ) ;
#2047 = CARTESIAN_POINT ( 'NONE',  ( 0.4836602795886915100, 0.0000000000000000000, 2.900000000000000400 ) ) ;
#2048 = PRESENTATION_LAYER_ASSIGNMENT (  '', '', ( #2577 ) ) ;
#2049 = DIRECTION ( 'NONE',  ( -1.000000000000000000, 0.0000000000000000000, 0.0000000000000000000 ) ) ;
#2050 = LINE ( 'NONE', #6134, #1877 ) ;
#2051 = EDGE_LOOP ( 'NONE', ( #2384, #4812, #4376, #3583 ) ) ;
#2052 = DIRECTION ( 'NONE',  ( -0.0000000000000000000, -1.000000000000000000, 0.0000000000000000000 ) ) ;
#2053 = PLANE ( 'NONE',  #3412 ) ;
#2054 = AXIS2_PLACEMENT_3D ( 'NONE', #1382, #1959, #5351 ) ;
#2055 = VECTOR ( 'NONE', #985, 1000.000000000000000 ) ;
#2056 = VERTEX_POINT ( 'NONE', #1818 ) ;
#2057 = EDGE_CURVE ( 'NONE', #1894, #2589, #3825, .T. ) ;
#2058 = UNCERTAINTY_MEASURE_WITH_UNIT (LENGTH_MEASURE( 1.000000000000000100E-005 ), #5731, 'distance_accuracy_value', 'NONE');
#2059 = CARTESIAN_POINT ( 'NONE',  ( -1.266339720411308300, 0.09999999999999982500, 2.100000000000098200 ) ) ;
#2060 = ADVANCED_FACE ( 'NONE', ( #991 ), #65, .T. ) ;
#2061 = CARTESIAN_POINT ( 'NONE',  ( -1.266339720411307800, 0.1999999999999996500, 2.980000000000326400 ) ) ;
#2062 = FACE_BOUND ( 'NONE', #2590, .T. ) ;
#2063 = VECTOR ( 'NONE', #5142, 1000.000000000000000 ) ;
#2064 = ORIENTED_EDGE ( 'NONE', *, *, #2398, .T. ) ;
#2065 = AXIS2_PLACEMENT_3D ( 'NONE', #2953, #2993, #5378 ) ;
#2066 = DIRECTION ( 'NONE',  ( 1.000000000000000000, 0.0000000000000000000, 0.0000000000000000000 ) ) ;
#2067 = VERTEX_POINT ( 'NONE', #4348 ) ;
#2068 = DIRECTION ( 'NONE',  ( 0.0000000000000000000, 1.000000000000000000, -0.0000000000000000000 ) ) ;
#2069 = LINE ( 'NONE', #4460, #4067 ) ;
#2070 = DIRECTION ( 'NONE',  ( -0.0000000000000000000, -1.000000000000000000, 0.0000000000000000000 ) ) ;
#2071 = VERTEX_POINT ( 'NONE', #2389 ) ;
#2072 = CARTESIAN_POINT ( 'NONE',  ( -2.016339720411310500, 0.09999999999999982500, 1.900000000000000400 ) ) ;
#2073 = EDGE_LOOP ( 'NONE', ( #4830, #2687, #4566, #1702 ) ) ;
#2074 = AXIS2_PLACEMENT_3D ( 'NONE', #5810, #3348, #4326 ) ;
#2075 = LINE ( 'NONE', #2639, #3445 ) ;
#2076 = VECTOR ( 'NONE', #3392, 1000.000000000000000 ) ;
#2077 = EDGE_CURVE ( 'NONE', #661, #1892, #5228, .T. ) ;
#2078 =( NAMED_UNIT ( * ) SI_UNIT ( $, .STERADIAN. ) SOLID_ANGLE_UNIT ( ) );
#2079 = PLANE ( 'NONE',  #3106 ) ;
#2080 = ADVANCED_FACE ( 'NONE', ( #1483, #2681 ), #6271, .F. ) ;
#2081 = EDGE_LOOP ( 'NONE', ( #3438, #5435, #3245, #4285 ) ) ;
#2082 = DIRECTION ( 'NONE',  ( -1.000000000000000000, -0.0000000000000000000, -0.0000000000000000000 ) ) ;
#2083 = ORIENTED_EDGE ( 'NONE', *, *, #2874, .F. ) ;
#2084 = DIRECTION ( 'NONE',  ( 0.0000000000000000000, -1.000000000000000000, 0.0000000000000000000 ) ) ;
#2085 = CARTESIAN_POINT ( 'NONE',  ( 0.5836602795890552000, 0.09999999999999982500, 2.100000000000045800 ) ) ;
#2086 = VECTOR ( 'NONE', #3742, 1000.000000000000000 ) ;
#2087 = VERTEX_POINT ( 'NONE', #4813 ) ;
#2088 = EDGE_CURVE ( 'NONE', #4155, #3972, #2761, .T. ) ;
#2089 = DIRECTION ( 'NONE',  ( 0.0000000000000000000, -1.000000000000000000, -0.0000000000000000000 ) ) ;
#2090 = ORIENTED_EDGE ( 'NONE', *, *, #3191, .F. ) ;
#2091 = VECTOR ( 'NONE', #3359, 1000.000000000000200 ) ;
#2092 = PRESENTATION_STYLE_ASSIGNMENT (( #4430 ) ) ;
#2093 = SURFACE_SIDE_STYLE ('',( #2998 ) ) ;
#2094 = LINE ( 'NONE', #5054, #4560 ) ;
#2095 = FILL_AREA_STYLE ('',( #3045 ) ) ;
#2096 = MECHANICAL_DESIGN_GEOMETRIC_PRESENTATION_REPRESENTATION (  '', ( #6177 ), #2177 ) ;
#2097 = ORIENTED_EDGE ( 'NONE', *, *, #1063, .F. ) ;
#2098 = EDGE_CURVE ( 'NONE', #3083, #762, #4917, .T. ) ;
#2099 = DIRECTION ( 'NONE',  ( -0.0000000000000000000, -1.000000000000000000, 0.0000000000000000000 ) ) ;
#2100 =( NAMED_UNIT ( * ) SI_UNIT ( $, .STERADIAN. ) SOLID_ANGLE_UNIT ( ) );
#2101 = DIRECTION ( 'NONE',  ( 0.0000000000000000000, 1.000000000000000000, -0.0000000000000000000 ) ) ;
#2102 = DIRECTION ( 'NONE',  ( -0.3846153846147276100, 0.0000000000000000000, 0.9230769230771968000 ) ) ;
#2103 = LINE ( 'NONE', #5815, #5720 ) ;
#2104 = CARTESIAN_POINT ( 'NONE',  ( -1.099673053744418800, 0.1999999999999996500, 3.100000000000273200 ) ) ;
#2105 = ORIENTED_EDGE ( 'NONE', *, *, #3910, .T. ) ;
#2106 = AXIS2_PLACEMENT_3D ( 'NONE', #1779, #6308, #750 ) ;
#2107 = VECTOR ( 'NONE', #3785, 1000.000000000000000 ) ;
#2108 = CARTESIAN_POINT ( 'NONE',  ( -0.2913397204109440800, 0.1999999999999996500, 3.200000000000182300 ) ) ;
#2109 = LINE ( 'NONE', #756, #2565 ) ;
#2110 = VERTEX_POINT ( 'NONE', #338 ) ;
#2111 = EDGE_LOOP ( 'NONE', ( #5905, #5954, #2336, #5055 ) ) ;
#2112 = CARTESIAN_POINT ( 'NONE',  ( 0.5556602795888085900, 0.2000000000000005100, 2.028000000000612000 ) ) ;
#2113 = STYLED_ITEM ( 'NONE', ( #4675 ), #3965 ) ;
#2114 = LINE ( 'NONE', #3233, #1288 ) ;
#2115 = DIRECTION ( 'NONE',  ( 1.000000000000000000, 0.0000000000000000000, 0.0000000000000000000 ) ) ;
#2116 = DIRECTION ( 'NONE',  ( 1.000000000000000000, 0.0000000000000000000, 0.0000000000000000000 ) ) ;
#2117 = FILL_AREA_STYLE ('',( #2132 ) ) ;
#2118 = CARTESIAN_POINT ( 'NONE',  ( -1.266339720411308300, 0.1999999999999996500, 2.100000000000045800 ) ) ;
#2119 = AXIS2_PLACEMENT_3D ( 'NONE', #5226, #3175, #4202 ) ;
#2120 =( GEOMETRIC_REPRESENTATION_CONTEXT ( 3 ) GLOBAL_UNCERTAINTY_ASSIGNED_CONTEXT ( ( #3572 ) ) GLOBAL_UNIT_ASSIGNED_CONTEXT ( ( #458, #4994, #5043 ) ) REPRESENTATION_CONTEXT ( 'NONE', 'WORKASPACE' ) );
#2121 = DIRECTION ( 'NONE',  ( -1.000000000000000000, 0.0000000000000000000, 0.0000000000000000000 ) ) ;
#2122 = EDGE_CURVE ( 'NONE', #5947, #2695, #3573, .T. ) ;
#2123 =( LENGTH_UNIT ( ) NAMED_UNIT ( * ) SI_UNIT ( .MILLI., .METRE. ) );
#2124 = FILL_AREA_STYLE_COLOUR ( '', #5917 ) ;
#2125 = LINE ( 'NONE', #4190, #4514 ) ;
#2126 = CARTESIAN_POINT ( 'NONE',  ( -0.2913397204113994400, 0.09999999999999982500, 1.800000000000091300 ) ) ;
#2127 = ORIENTED_EDGE ( 'NONE', *, *, #3435, .T. ) ;
#2128 = PLANE ( 'NONE',  #6443 ) ;
#2129 = PRESENTATION_LAYER_ASSIGNMENT (  '', '', ( #3685 ) ) ;
#2130 = CYLINDRICAL_SURFACE ( 'NONE', #6192, 0.1000000000000228200 ) ;
#2131 = ORIENTED_EDGE ( 'NONE', *, *, #4599, .F. ) ;
#2132 = FILL_AREA_STYLE_COLOUR ( '', #1297 ) ;
#2133 = UNCERTAINTY_MEASURE_WITH_UNIT (LENGTH_MEASURE( 1.000000000000000100E-005 ), #5636, 'distance_accuracy_value', 'NONE');
#2134 = CARTESIAN_POINT ( 'NONE',  ( 0.3579233739251807500, 0.2345994752125223900, 2.774263094336507000 ) ) ;
#2135 = EDGE_LOOP ( 'NONE', ( #2301, #3535, #3139, #2090 ) ) ;
#2136 = DIRECTION ( 'NONE',  ( -1.000000000000000000, 0.0000000000000000000, 0.0000000000000000000 ) ) ;
#2137 = CARTESIAN_POINT ( 'NONE',  ( -1.416339720411399400, 0.1999999999999996500, 2.900000000000000800 ) ) ;
#2138 = COLOUR_RGB ( '',1.000000000000000000, 1.000000000000000000, 1.000000000000000000 ) ;
#2139 = CIRCLE ( 'NONE', #1271, 0.1000000000001364400 ) ;
#2140 = SURFACE_STYLE_FILL_AREA ( #4176 ) ;
#2141 = MECHANICAL_DESIGN_GEOMETRIC_PRESENTATION_REPRESENTATION (  '', ( #1794 ), #2462 ) ;
#2142 = DIRECTION ( 'NONE',  ( 0.0000000000000000000, 0.0000000000000000000, -1.000000000000000000 ) ) ;
#2143 = ORIENTED_EDGE ( 'NONE', *, *, #443, .T. ) ;
#2144 = DIRECTION ( 'NONE',  ( 0.0000000000000000000, 1.000000000000000000, 0.0000000000000000000 ) ) ;
#2145 = LINE ( 'NONE', #5838, #5766 ) ;
#2146 = CARTESIAN_POINT ( 'NONE',  ( -2.116339720411216900, 0.09999999999999982500, 3.000000000000023100 ) ) ;
#2147 = CYLINDRICAL_SURFACE ( 'NONE', #5571, 0.1000000000000256400 ) ;
#2148 = PRESENTATION_LAYER_ASSIGNMENT (  '', '', ( #752 ) ) ;
#2149 = FILL_AREA_STYLE ('',( #3951 ) ) ;
#2150 = ORIENTED_EDGE ( 'NONE', *, *, #1833, .F. ) ;
#2151 = ORIENTED_EDGE ( 'NONE', *, *, #2490, .T. ) ;
#2152 = CARTESIAN_POINT ( 'NONE',  ( -1.616339720410989900, 0.09999999999999982500, 1.800000000000318700 ) ) ;
#2153 = VECTOR ( 'NONE', #1911, 1000.000000000000000 ) ;
#2154 = STYLED_ITEM ( 'NONE', ( #4796 ), #5422 ) ;
#2155 = ORIENTED_EDGE ( 'NONE', *, *, #4269, .F. ) ;
#2156 = AXIS2_PLACEMENT_3D ( 'NONE', #948, #1948, #1468 ) ;
#2157 = CARTESIAN_POINT ( 'NONE',  ( -0.2913397204109446900, 0.1999999999999996500, 3.200000000000182300 ) ) ;
#2158 = VERTEX_POINT ( 'NONE', #2856 ) ;
#2159 = EDGE_CURVE ( 'NONE', #5408, #3979, #5906, .T. ) ;
#2160 = FILL_AREA_STYLE_COLOUR ( '', #4183 ) ;
#2161 = CARTESIAN_POINT ( 'NONE',  ( 0.5556602795888090400, 0.2000000000000004800, 2.110344612875549000 ) ) ;
#2162 = DIRECTION ( 'NONE',  ( -0.0000000000000000000, -1.000000000000000000, -0.0000000000000000000 ) ) ;
#2163 = CARTESIAN_POINT ( 'NONE',  ( -1.616339720411217500, 0.1999999999999996500, 1.900000000000000400 ) ) ;
#2164 = ORIENTED_EDGE ( 'NONE', *, *, #5102, .T. ) ;
#2165 = CARTESIAN_POINT ( 'NONE',  ( -1.333006387077913900, 0.0000000000000000000, 1.800000000000091300 ) ) ;
#2166 = CARTESIAN_POINT ( 'NONE',  ( -2.016339720410853100, 0.09999999999999982500, 2.100000000000045800 ) ) ;
#2167 = EDGE_CURVE ( 'NONE', #6311, #4152, #6057, .T. ) ;
#2168 = CARTESIAN_POINT ( 'NONE',  ( -1.866339720411217500, 0.1999999999999996500, 3.200000000000182300 ) ) ;
#2169 = ORIENTED_EDGE ( 'NONE', *, *, #5139, .F. ) ;
#2170 = CARTESIAN_POINT ( 'NONE',  ( -1.966339720411126600, 0.1999999999999996500, 3.100000000000045800 ) ) ;
#2171 = VECTOR ( 'NONE', #4001, 1000.000000000000000 ) ;
#2172 =( GEOMETRIC_REPRESENTATION_CONTEXT ( 3 ) GLOBAL_UNCERTAINTY_ASSIGNED_CONTEXT ( ( #2899 ) ) GLOBAL_UNIT_ASSIGNED_CONTEXT ( ( #6063, #3600, #1601 ) ) REPRESENTATION_CONTEXT ( 'NONE', 'WORKASPACE' ) );
#2173 = DIRECTION ( 'NONE',  ( 0.0000000000000000000, 1.000000000000000000, -0.0000000000000000000 ) ) ;
#2174 = UNCERTAINTY_MEASURE_WITH_UNIT (LENGTH_MEASURE( 1.000000000000000100E-005 ), #4534, 'distance_accuracy_value', 'NONE');
#2175 = VECTOR ( 'NONE', #6145, 1000.000000000000000 ) ;
#2176 = EDGE_LOOP ( 'NONE', ( #2205, #2426, #1662, #920, #358, #4292, #3330, #2064, #461, #2797, #608, #5010, #1444, #3440, #3846, #4856, #1540, #1193, #497, #3694, #5474, #1971, #6075, #4336, #634, #806, #2391, #2982, #1034 ) ) ;
#2177 =( GEOMETRIC_REPRESENTATION_CONTEXT ( 3 ) GLOBAL_UNCERTAINTY_ASSIGNED_CONTEXT ( ( #1716 ) ) GLOBAL_UNIT_ASSIGNED_CONTEXT ( ( #3636, #6084, #631 ) ) REPRESENTATION_CONTEXT ( 'NONE', 'WORKASPACE' ) );
#2178 = DIRECTION ( 'NONE',  ( 0.0000000000000000000, 1.000000000000000000, -0.0000000000000000000 ) ) ;
#2179 = DIRECTION ( 'NONE',  ( 1.000000000000000000, 0.0000000000000000000, 0.0000000000000000000 ) ) ;
#2180 = EDGE_CURVE ( 'NONE', #6164, #3259, #3432, .T. ) ;
#2181 = VERTEX_POINT ( 'NONE', #3261 ) ;
#2182 = CARTESIAN_POINT ( 'NONE',  ( -1.349673053744338000, 0.09999999999999982500, 3.200000000000182300 ) ) ;
#2183 = LINE ( 'NONE', #1606, #2646 ) ;
#2184 = CARTESIAN_POINT ( 'NONE',  ( -2.016339720410853100, 0.0000000000000000000, 3.200000000000182300 ) ) ;
#2185 = MECHANICAL_DESIGN_GEOMETRIC_PRESENTATION_REPRESENTATION (  '', ( #5245 ), #4831 ) ;
#2186 = CIRCLE ( 'NONE', #3970, 0.09999999999990896700 ) ;
#2187 = ORIENTED_EDGE ( 'NONE', *, *, #5241, .T. ) ;
#2188 = FILL_AREA_STYLE ('',( #1094 ) ) ;
#2189 = CARTESIAN_POINT ( 'NONE',  ( 0.4836602795890319600, 0.0000000000000000000, 2.900000000000112700 ) ) ;
#2190 = ORIENTED_EDGE ( 'NONE', *, *, #4709, .T. ) ;
#2191 =( GEOMETRIC_REPRESENTATION_CONTEXT ( 3 ) GLOBAL_UNCERTAINTY_ASSIGNED_CONTEXT ( ( #759 ) ) GLOBAL_UNIT_ASSIGNED_CONTEXT ( ( #926, #2981, #950 ) ) REPRESENTATION_CONTEXT ( 'NONE', 'WORKASPACE' ) );
#2192 = CARTESIAN_POINT ( 'NONE',  ( 0.4733156667138805300, 0.2000000000000004800, 2.972000000000123000 ) ) ;
#2193 = SURFACE_STYLE_USAGE ( .BOTH. , #3180 ) ;
#2194 = ORIENTED_EDGE ( 'NONE', *, *, #3973, .T. ) ;
#2195 = AXIS2_PLACEMENT_3D ( 'NONE', #2453, #5920, #2987 ) ;
#2196 = EDGE_CURVE ( 'NONE', #6195, #1220, #909, .T. ) ;
#2197 = ORIENTED_EDGE ( 'NONE', *, *, #35, .F. ) ;
#2198 = CARTESIAN_POINT ( 'NONE',  ( 0.4836602795891468700, 0.09999999999999982500, 2.000000000000137200 ) ) ;
#2199 = SURFACE_STYLE_USAGE ( .BOTH. , #4133 ) ;
#2200 = FILL_AREA_STYLE_COLOUR ( '', #3956 ) ;
#2201 = FILL_AREA_STYLE ('',( #5163 ) ) ;
#2202 =( GEOMETRIC_REPRESENTATION_CONTEXT ( 3 ) GLOBAL_UNCERTAINTY_ASSIGNED_CONTEXT ( ( #3869 ) ) GLOBAL_UNIT_ASSIGNED_CONTEXT ( ( #5040, #5561, #2078 ) ) REPRESENTATION_CONTEXT ( 'NONE', 'WORKASPACE' ) );
#2203 = CARTESIAN_POINT ( 'NONE',  ( -1.066339720411157800, 0.1999999999999996500, 2.100000000000150600 ) ) ;
#2204 = EDGE_CURVE ( 'NONE', #1982, #60, #3754, .T. ) ;
#2205 = ORIENTED_EDGE ( 'NONE', *, *, #4666, .F. ) ;
#2206 = CARTESIAN_POINT ( 'NONE',  ( -1.583006387077916300, 0.09999999999999982500, 1.799999999999975200 ) ) ;
#2207 = DIRECTION ( 'NONE',  ( 2.841964944626982800E-013, 0.0000000000000000000, 1.000000000000000000 ) ) ;
#2208 = CARTESIAN_POINT ( 'NONE',  ( 0.4836602795889113900, 0.0000000000000000000, 3.000000000000364200 ) ) ;
#2209 = DIRECTION ( 'NONE',  ( 1.000000000000000000, 0.0000000000000000000, 0.0000000000000000000 ) ) ;
#2210 = VERTEX_POINT ( 'NONE', #5411 ) ;
#2211 = LINE ( 'NONE', #2645, #3064 ) ;
#2212 = PRESENTATION_STYLE_ASSIGNMENT (( #2281 ) ) ;
#2213 = CARTESIAN_POINT ( 'NONE',  ( -1.416339720411399000, 0.09999999999999982500, 2.020000000000515600 ) ) ;
#2214 = LINE ( 'NONE', #3148, #3901 ) ;
#2215 = EDGE_LOOP ( 'NONE', ( #2436, #68, #5166, #5066 ) ) ;
#2216 = VERTEX_POINT ( 'NONE', #3890 ) ;
#2217 = EDGE_CURVE ( 'NONE', #2018, #3381, #4068, .T. ) ;
#2218 = UNCERTAINTY_MEASURE_WITH_UNIT (LENGTH_MEASURE( 1.000000000000000100E-005 ), #2629, 'distance_accuracy_value', 'NONE');
#2219 = VERTEX_POINT ( 'NONE', #2449 ) ;
#2220 = VERTEX_POINT ( 'NONE', #4373 ) ;
#2221 = FACE_OUTER_BOUND ( 'NONE', #2602, .T. ) ;
#2222 = FILL_AREA_STYLE ('',( #5601 ) ) ;
#2223 =( GEOMETRIC_REPRESENTATION_CONTEXT ( 3 ) GLOBAL_UNCERTAINTY_ASSIGNED_CONTEXT ( ( #5767 ) ) GLOBAL_UNIT_ASSIGNED_CONTEXT ( ( #4985, #5426, #3933 ) ) REPRESENTATION_CONTEXT ( 'NONE', 'WORKASPACE' ) );
#2224 = CARTESIAN_POINT ( 'NONE',  ( -0.1413397204103989700, 0.1999999999999996500, 3.200000000000182300 ) ) ;
#2225 = DIRECTION ( 'NONE',  ( -1.000000000000000000, 0.0000000000000000000, 0.0000000000000000000 ) ) ;
#2226 = ORIENTED_EDGE ( 'NONE', *, *, #1, .F. ) ;
#2227 = FACE_OUTER_BOUND ( 'NONE', #3056, .T. ) ;
#2228 = VECTOR ( 'NONE', #868, 1000.000000000000000 ) ;
#2229 = DIRECTION ( 'NONE',  ( 1.000000000000000000, 0.0000000000000000000, 0.0000000000000000000 ) ) ;
#2230 = DIRECTION ( 'NONE',  ( 1.000000000000000000, 0.0000000000000000000, 0.0000000000000000000 ) ) ;
#2231 = ORIENTED_EDGE ( 'NONE', *, *, #2242, .F. ) ;
#2232 = CARTESIAN_POINT ( 'NONE',  ( -2.216339720411125900, 0.0000000000000000000, 2.000000000000136800 ) ) ;
#2233 = ORIENTED_EDGE ( 'NONE', *, *, #5602, .T. ) ;
#2234 = AXIS2_PLACEMENT_3D ( 'NONE', #1912, #956, #2948 ) ;
#2235 =( NAMED_UNIT ( * ) PLANE_ANGLE_UNIT ( ) SI_UNIT ( $, .RADIAN. ) );
#2236 = ORIENTED_EDGE ( 'NONE', *, *, #4074, .T. ) ;
#2237 = VERTEX_POINT ( 'NONE', #2922 ) ;
#2238 = AXIS2_PLACEMENT_3D ( 'NONE', #3773, #4246, #278 ) ;
#2239 = DIRECTION ( 'NONE',  ( 0.0000000000000000000, 1.000000000000000000, 0.0000000000000000000 ) ) ;
#2240 = SURFACE_STYLE_FILL_AREA ( #2546 ) ;
#2241 = EDGE_LOOP ( 'NONE', ( #4191, #4518, #5931, #2097 ) ) ;
#2242 = EDGE_CURVE ( 'NONE', #5307, #3614, #1566, .T. ) ;
#2243 =( NAMED_UNIT ( * ) PLANE_ANGLE_UNIT ( ) SI_UNIT ( $, .RADIAN. ) );
#2244 = VECTOR ( 'NONE', #3766, 1000.000000000000000 ) ;
#2245 = ORIENTED_EDGE ( 'NONE', *, *, #1109, .T. ) ;
#2246 = CARTESIAN_POINT ( 'NONE',  ( 0.7836602795888739600, 0.5200000000000000200, 2.575000000000637000 ) ) ;
#2247 = FILL_AREA_STYLE ('',( #6189 ) ) ;
#2248 = CARTESIAN_POINT ( 'NONE',  ( -1.966339720411140600, 0.1999999999999996500, 1.900000000000000400 ) ) ;
#2249 = CARTESIAN_POINT ( 'NONE',  ( -0.1413397204103989700, 0.09999999999999982500, 3.200000000000182300 ) ) ;
#2250 = UNCERTAINTY_MEASURE_WITH_UNIT (LENGTH_MEASURE( 1.000000000000000100E-005 ), #5642, 'distance_accuracy_value', 'NONE');
#2251 = FILL_AREA_STYLE ('',( #1738 ) ) ;
#2252 = EDGE_LOOP ( 'NONE', ( #5633, #2877, #6127, #796 ) ) ;
#2253 = AXIS2_PLACEMENT_3D ( 'NONE', #4237, #6203, #728 ) ;
#2254 = VECTOR ( 'NONE', #4239, 1000.000000000000000 ) ;
#2255 = CARTESIAN_POINT ( 'NONE',  ( 0.7836602795888739600, 0.1999999999999996500, 2.424999999999636600 ) ) ;
#2256 = ORIENTED_EDGE ( 'NONE', *, *, #1192, .F. ) ;
#2257 = CARTESIAN_POINT ( 'NONE',  ( -0.9663397204111260400, 0.09999999999999982500, 2.000000000000136800 ) ) ;
#2258 = AXIS2_PLACEMENT_3D ( 'NONE', #6167, #6121, #2225 ) ;
#2259 = DIRECTION ( 'NONE',  ( -0.0000000000000000000, -1.000000000000000000, 0.0000000000000000000 ) ) ;
#2260 = DIRECTION ( 'NONE',  ( -0.0000000000000000000, -1.000000000000000000, 0.0000000000000000000 ) ) ;
#2261 = EDGE_CURVE ( 'NONE', #2087, #3135, #1898, .T. ) ;
#2262 = FILL_AREA_STYLE ('',( #3205 ) ) ;
#2263 = CARTESIAN_POINT ( 'NONE',  ( 0.6836602795889643600, 0.1999999999999996500, 2.675000000000091300 ) ) ;
#2264 = FACE_BOUND ( 'NONE', #5244, .T. ) ;
#2265 = ORIENTED_EDGE ( 'NONE', *, *, #4157, .F. ) ;
#2266 = PRESENTATION_LAYER_ASSIGNMENT (  '', '', ( #4961 ) ) ;
#2267 =( NAMED_UNIT ( * ) SI_UNIT ( $, .STERADIAN. ) SOLID_ANGLE_UNIT ( ) );
#2268 = ORIENTED_EDGE ( 'NONE', *, *, #5509, .F. ) ;
#2269 = DIRECTION ( 'NONE',  ( -0.08715574274765836000, -0.9961946980917455500, -0.0000000000000000000 ) ) ;
#2270 = LINE ( 'NONE', #533, #2424 ) ;
#2271 = VERTEX_POINT ( 'NONE', #1908 ) ;
#2272 = EDGE_CURVE ( 'NONE', #5450, #3666, #2139, .T. ) ;
#2273 = DIRECTION ( 'NONE',  ( 1.000000000000000000, -0.0000000000000000000, 0.0000000000000000000 ) ) ;
#2274 = SURFACE_STYLE_USAGE ( .BOTH. , #5706 ) ;
#2275 = LINE ( 'NONE', #1645, #906 ) ;
#2276 = ORIENTED_EDGE ( 'NONE', *, *, #5358, .F. ) ;
#2277 = DIRECTION ( 'NONE',  ( 0.08682659386416474700, -0.9924325091389741800, 0.08682659386424841600 ) ) ;
#2278 =( GEOMETRIC_REPRESENTATION_CONTEXT ( 3 ) GLOBAL_UNCERTAINTY_ASSIGNED_CONTEXT ( ( #1372 ) ) GLOBAL_UNIT_ASSIGNED_CONTEXT ( ( #6143, #4731, #2678 ) ) REPRESENTATION_CONTEXT ( 'NONE', 'WORKASPACE' ) );
#2279 =( NAMED_UNIT ( * ) PLANE_ANGLE_UNIT ( ) SI_UNIT ( $, .RADIAN. ) );
#2280 = VECTOR ( 'NONE', #5282, 1000.000000000000000 ) ;
#2281 = SURFACE_STYLE_USAGE ( .BOTH. , #5712 ) ;
#2282 = LINE ( 'NONE', #4469, #2055 ) ;
#2283 = LINE ( 'NONE', #2961, #5524 ) ;
#2284 = EDGE_CURVE ( 'NONE', #1295, #4236, #5832, .T. ) ;
#2285 = ORIENTED_EDGE ( 'NONE', *, *, #6040, .F. ) ;
#2286 = ORIENTED_EDGE ( 'NONE', *, *, #1063, .T. ) ;
#2287 = CARTESIAN_POINT ( 'NONE',  ( -0.04133972041139941800, 0.1999999999999996500, 1.900000000000000400 ) ) ;
#2288 = DIRECTION ( 'NONE',  ( -0.0000000000000000000, -1.000000000000000000, -0.0000000000000000000 ) ) ;
#2289 = COLOUR_RGB ( '',1.000000000000000000, 1.000000000000000000, 1.000000000000000000 ) ;
#2290 = CARTESIAN_POINT ( 'NONE',  ( -1.066339720411490400, 0.0000000000000000000, 2.900000000000227700 ) ) ;
#2291 = VECTOR ( 'NONE', #690, 1000.000000000000000 ) ;
#2292 = CIRCLE ( 'NONE', #6107, 0.1000000000003639100 ) ;
#2293 = ORIENTED_EDGE ( 'NONE', *, *, #5067, .T. ) ;
#2294 = EDGE_LOOP ( 'NONE', ( #6023, #3053, #4468, #6414 ) ) ;
#2295 =( NAMED_UNIT ( * ) SI_UNIT ( $, .STERADIAN. ) SOLID_ANGLE_UNIT ( ) );
#2296 = CARTESIAN_POINT ( 'NONE',  ( -1.066339720411490400, 0.0000000000000000000, 2.900000000000227700 ) ) ;
#2297 = VECTOR ( 'NONE', #2229, 1000.000000000000000 ) ;
#2298 = CIRCLE ( 'NONE', #3701, 0.09999999999990918900 ) ;
#2299 = EDGE_CURVE ( 'NONE', #1844, #1917, #5759, .T. ) ;
#2300 = ORIENTED_EDGE ( 'NONE', *, *, #5904, .T. ) ;
#2301 = ORIENTED_EDGE ( 'NONE', *, *, #203, .T. ) ;
#2302 = CARTESIAN_POINT ( 'NONE',  ( -1.716339720411183400, 0.0000000000000000000, 1.999999999999909400 ) ) ;
#2303 = PRESENTATION_STYLE_ASSIGNMENT (( #122 ) ) ;
#2304 = AXIS2_PLACEMENT_3D ( 'NONE', #316, #5752, #4308 ) ;
#2305 = CARTESIAN_POINT ( 'NONE',  ( -1.988339720410152500, 0.2000000000000170000, 2.028000000000612000 ) ) ;
#2306 = DIRECTION ( 'NONE',  ( -1.000000000000000000, 0.0000000000000000000, 0.0000000000000000000 ) ) ;
#2307 = ORIENTED_EDGE ( 'NONE', *, *, #5102, .F. ) ;
#2308 = ORIENTED_EDGE ( 'NONE', *, *, #4895, .T. ) ;
#2309 = FACE_OUTER_BOUND ( 'NONE', #2676, .T. ) ;
#2310 = CARTESIAN_POINT ( 'NONE',  ( -1.916339720410944200, 0.09999999999999982500, 3.000000000000136800 ) ) ;
#2311 = CARTESIAN_POINT ( 'NONE',  ( -2.216339720411125900, 0.5200000000000000200, 1.800000000000091300 ) ) ;
#2312 = CARTESIAN_POINT ( 'NONE',  ( -0.9663397204115812300, 0.0000000000000000000, 2.900000000000227700 ) ) ;
#2313 = CYLINDRICAL_SURFACE ( 'NONE', #3255, 0.09999999999992220700 ) ;
#2314 = ORIENTED_EDGE ( 'NONE', *, *, #1324, .T. ) ;
#2315 =( GEOMETRIC_REPRESENTATION_CONTEXT ( 3 ) GLOBAL_UNCERTAINTY_ASSIGNED_CONTEXT ( ( #1879 ) ) GLOBAL_UNIT_ASSIGNED_CONTEXT ( ( #2326, #4829, #5324 ) ) REPRESENTATION_CONTEXT ( 'NONE', 'WORKASPACE' ) );
#2316 = ORIENTED_EDGE ( 'NONE', *, *, #3934, .F. ) ;
#2317 = EDGE_CURVE ( 'NONE', #1154, #4445, #3016, .T. ) ;
#2318 = CARTESIAN_POINT ( 'NONE',  ( 0.3564213399704775400, 0.2000000000000087500, 2.972000000000135400 ) ) ;
#2319 = DIRECTION ( 'NONE',  ( 5.685285141969572400E-013, 0.0000000000000000000, -1.000000000000000000 ) ) ;
#2320 = SURFACE_STYLE_FILL_AREA ( #666 ) ;
#2321 = ORIENTED_EDGE ( 'NONE', *, *, #2725, .F. ) ;
#2322 = CYLINDRICAL_SURFACE ( 'NONE', #3556, 0.2000000000000002300 ) ;
#2323 =( GEOMETRIC_REPRESENTATION_CONTEXT ( 3 ) GLOBAL_UNCERTAINTY_ASSIGNED_CONTEXT ( ( #4667 ) ) GLOBAL_UNIT_ASSIGNED_CONTEXT ( ( #3439, #4333, #3396 ) ) REPRESENTATION_CONTEXT ( 'NONE', 'WORKASPACE' ) );
#2324 = CARTESIAN_POINT ( 'NONE',  ( -1.616339720410762300, 0.09999999999999982500, 2.900000000000227700 ) ) ;
#2325 = EDGE_CURVE ( 'NONE', #1731, #5865, #2925, .T. ) ;
#2326 =( LENGTH_UNIT ( ) NAMED_UNIT ( * ) SI_UNIT ( .MILLI., .METRE. ) );
#2327 = ORIENTED_EDGE ( 'NONE', *, *, #6205, .T. ) ;
#2328 = SURFACE_STYLE_USAGE ( .BOTH. , #1287 ) ;
#2329 =( NAMED_UNIT ( * ) PLANE_ANGLE_UNIT ( ) SI_UNIT ( $, .RADIAN. ) );
#2330 =( BOUNDED_CURVE ( )  B_SPLINE_CURVE ( 3, ( #6234, #301, #6313, #5778 ),
 .UNSPECIFIED., .F., .F. ) 
 B_SPLINE_CURVE_WITH_KNOTS ( ( 4, 4 ),
 ( 2.359992588465671400, 3.923192718713961000 ),
 .UNSPECIFIED. ) 
 CURVE ( )  GEOMETRIC_REPRESENTATION_ITEM ( )  RATIONAL_B_SPLINE_CURVE ( ( 1.000000000000000000, 0.8065248903853584600, 0.8065248903853584600, 1.000000000000000000 ) ) 
 REPRESENTATION_ITEM ( '' )  );
#2331 = ORIENTED_EDGE ( 'NONE', *, *, #3654, .T. ) ;
#2332 = CARTESIAN_POINT ( 'NONE',  ( -1.066339720411035000, 0.0000000000000000000, 2.100000000000046300 ) ) ;
#2333 = CARTESIAN_POINT ( 'NONE',  ( -1.966339720411126600, 0.1999999999999996500, 1.900000000000000400 ) ) ;
#2334 = EDGE_CURVE ( 'NONE', #5201, #3426, #1077, .T. ) ;
#2335 = FILL_AREA_STYLE_COLOUR ( '', #5883 ) ;
#2336 = ORIENTED_EDGE ( 'NONE', *, *, #401, .T. ) ;
#2337 = DIRECTION ( 'NONE',  ( -0.08682659386424784700, -0.9924325091389677400, -0.08682659386424009000 ) ) ;
#2338 = AXIS2_PLACEMENT_3D ( 'NONE', #5851, #6347, #3410 ) ;
#2339 = CARTESIAN_POINT ( 'NONE',  ( -1.789100780791993600, 0.2000000000000005100, 2.028000000000611500 ) ) ;
#2340 = VECTOR ( 'NONE', #3506, 1000.000000000000000 ) ;
#2341 = VERTEX_POINT ( 'NONE', #5297 ) ;
#2342 =( LENGTH_UNIT ( ) NAMED_UNIT ( * ) SI_UNIT ( .MILLI., .METRE. ) );
#2343 = CARTESIAN_POINT ( 'NONE',  ( -1.208006387077914500, 0.1999999999999996500, 3.200000000000182300 ) ) ;
#2344 = STYLED_ITEM ( 'NONE', ( #3554 ), #14 ) ;
#2345 = DIRECTION ( 'NONE',  ( -0.0000000000000000000, -0.0000000000000000000, 1.000000000000000000 ) ) ;
#2346 = DIRECTION ( 'NONE',  ( -1.000000000000000000, 0.0000000000000000000, 0.0000000000000000000 ) ) ;
#2347 = CARTESIAN_POINT ( 'NONE',  ( -2.216339720411130800, 0.1999999999999996500, 2.675000000000095700 ) ) ;
#2348 = CLOSED_SHELL ( 'NONE', ( #3995, #472, #5866, #3430, #1988, #3499, #5860, #5493, #5830, #5951, #1712, #4950, #5487, #6400, #5964, #1919, #1755, #929, #586, #990, #3929, #4984, #2947, #1933, #6322, #2843, #1404, #1300, #5929, #2988, #3493, #4384, #1968, #4610 ) ) ;
#2349 = ADVANCED_FACE ( 'NONE', ( #692 ), #600, .T. ) ;
#2350 = ORIENTED_EDGE ( 'NONE', *, *, #2159, .T. ) ;
#2351 =( GEOMETRIC_REPRESENTATION_CONTEXT ( 3 ) GLOBAL_UNCERTAINTY_ASSIGNED_CONTEXT ( ( #2700 ) ) GLOBAL_UNIT_ASSIGNED_CONTEXT ( ( #2758, #6200, #225 ) ) REPRESENTATION_CONTEXT ( 'NONE', 'WORKASPACE' ) );
#2352 = DIRECTION ( 'NONE',  ( -1.000000000000000000, 0.0000000000000000000, 0.0000000000000000000 ) ) ;
#2353 = CARTESIAN_POINT ( 'NONE',  ( -1.191980746052051300, 0.1999999999999996500, 3.161538461538521400 ) ) ;
#2354 = PLANE ( 'NONE',  #3543 ) ;
#2355 = CARTESIAN_POINT ( 'NONE',  ( -1.616339720411100300, 0.1999999999999996500, 3.200000000000071700 ) ) ;
#2356 = ORIENTED_EDGE ( 'NONE', *, *, #4895, .F. ) ;
#2357 = MECHANICAL_DESIGN_GEOMETRIC_PRESENTATION_REPRESENTATION (  '', ( #3339 ), #2191 ) ;
#2358 = CARTESIAN_POINT ( 'NONE',  ( -1.716339720411126400, 0.09999999999999982500, 2.100000000000273600 ) ) ;
#2359 = AXIS2_PLACEMENT_3D ( 'NONE', #263, #242, #1742 ) ;
#2360 = ORIENTED_EDGE ( 'NONE', *, *, #894, .F. ) ;
#2361 = EDGE_CURVE ( 'NONE', #3537, #2220, #451, .T. ) ;
#2362 = VECTOR ( 'NONE', #4314, 1000.000000000000000 ) ;
#2363 = CIRCLE ( 'NONE', #1850, 0.09999999999968171800 ) ;
#2364 = DIRECTION ( 'NONE',  ( 0.0000000000000000000, 1.000000000000000000, 0.0000000000000000000 ) ) ;
#2365 = ORIENTED_EDGE ( 'NONE', *, *, #1208, .F. ) ;
#2366 = ORIENTED_EDGE ( 'NONE', *, *, #2122, .T. ) ;
#2367 = VERTEX_POINT ( 'NONE', #1858 ) ;
#2368 = DIRECTION ( 'NONE',  ( 0.0000000000000000000, -1.000000000000000000, -0.0000000000000000000 ) ) ;
#2369 = MECHANICAL_DESIGN_GEOMETRIC_PRESENTATION_REPRESENTATION (  '', ( #3685 ), #4028 ) ;
#2370 = CARTESIAN_POINT ( 'NONE',  ( -2.216339720411125900, 0.0000000000000000000, 3.200000000000182300 ) ) ;
#2371 = ORIENTED_EDGE ( 'NONE', *, *, #4562, .T. ) ;
#2372 = CARTESIAN_POINT ( 'NONE',  ( -1.966339720411126600, 0.1999999999999996500, 1.900000000000000400 ) ) ;
#2373 = ORIENTED_EDGE ( 'NONE', *, *, #6030, .T. ) ;
#2374 = LINE ( 'NONE', #2246, #3519 ) ;
#2375 = DIRECTION ( 'NONE',  ( -1.000000000000000000, -0.0000000000000000000, -0.0000000000000000000 ) ) ;
#2376 = CIRCLE ( 'NONE', #3418, 0.1000000000004684200 ) ;
#2377 = FILL_AREA_STYLE_COLOUR ( '', #2656 ) ;
#2378 = ORIENTED_EDGE ( 'NONE', *, *, #2867, .T. ) ;
#2379 = DIRECTION ( 'NONE',  ( -0.08682659386433068400, 0.9924325091389592000, 0.08682659386425487000 ) ) ;
#2380 = ORIENTED_EDGE ( 'NONE', *, *, #4772, .F. ) ;
#2381 = EDGE_CURVE ( 'NONE', #4671, #1396, #534, .T. ) ;
#2382 = FILL_AREA_STYLE_COLOUR ( '', #3277 ) ;
#2383 = DIRECTION ( 'NONE',  ( -1.000000000000000000, 0.0000000000000000000, 0.0000000000000000000 ) ) ;
#2384 = ORIENTED_EDGE ( 'NONE', *, *, #5266, .F. ) ;
#2385 = ORIENTED_EDGE ( 'NONE', *, *, #2516, .F. ) ;
#2386 = AXIS2_PLACEMENT_3D ( 'NONE', #3134, #4567, #3568 ) ;
#2387 = CARTESIAN_POINT ( 'NONE',  ( -0.2913397204109440800, 0.1999999999999996500, 3.200000000000182300 ) ) ;
#2388 = SURFACE_STYLE_FILL_AREA ( #2509 ) ;
#2389 = CARTESIAN_POINT ( 'NONE',  ( -1.349673053744338000, 0.09999999999999982500, 3.200000000000182300 ) ) ;
#2390 = PRESENTATION_STYLE_ASSIGNMENT (( #1015 ) ) ;
#2391 = ORIENTED_EDGE ( 'NONE', *, *, #2618, .F. ) ;
#2392 =( NAMED_UNIT ( * ) SI_UNIT ( $, .STERADIAN. ) SOLID_ANGLE_UNIT ( ) );
#2393 = CARTESIAN_POINT ( 'NONE',  ( -1.916339720410945800, 0.0000000000000000000, 2.000000000000136800 ) ) ;
#2394 = CARTESIAN_POINT ( 'NONE',  ( -2.216339720411125900, 0.5200000000000000200, 3.200000000000182300 ) ) ;
#2395 =( LENGTH_UNIT ( ) NAMED_UNIT ( * ) SI_UNIT ( .MILLI., .METRE. ) );
#2396 = LINE ( 'NONE', #3966, #2555 ) ;
#2397 = VERTEX_POINT ( 'NONE', #5821 ) ;
#2398 = EDGE_CURVE ( 'NONE', #3046, #6325, #4524, .T. ) ;
#2399 =( NAMED_UNIT ( * ) SI_UNIT ( $, .STERADIAN. ) SOLID_ANGLE_UNIT ( ) );
#2400 = LINE ( 'NONE', #4261, #6100 ) ;
#2401 = ORIENTED_EDGE ( 'NONE', *, *, #6227, .T. ) ;
#2402 = LINE ( 'NONE', #3695, #2107 ) ;
#2403 = DIRECTION ( 'NONE',  ( -0.0000000000000000000, -1.000000000000000000, 0.0000000000000000000 ) ) ;
#2404 = EDGE_CURVE ( 'NONE', #3494, #5534, #5455, .T. ) ;
#2405 = CARTESIAN_POINT ( 'NONE',  ( -1.066339720411035000, 0.1999999999999996500, 1.900000000000000100 ) ) ;
#2406 = CARTESIAN_POINT ( 'NONE',  ( 0.5836602795890552000, 0.09999999999999982500, 3.199999999999500100 ) ) ;
#2407 = CARTESIAN_POINT ( 'NONE',  ( 0.5556602795888085900, 0.1999999999999996500, 2.028000000000612000 ) ) ;
#2408 = UNCERTAINTY_MEASURE_WITH_UNIT (LENGTH_MEASURE( 1.000000000000000100E-005 ), #5069, 'distance_accuracy_value', 'NONE');
#2409 = DIRECTION ( 'NONE',  ( 0.0000000000000000000, 1.000000000000000000, -0.0000000000000000000 ) ) ;
#2410 = ORIENTED_EDGE ( 'NONE', *, *, #1542, .F. ) ;
#2411 = ADVANCED_FACE ( 'NONE', ( #4365 ), #6292, .F. ) ;
#2412 = LINE ( 'NONE', #2108, #3479 ) ;
#2413 =( GEOMETRIC_REPRESENTATION_CONTEXT ( 3 ) GLOBAL_UNCERTAINTY_ASSIGNED_CONTEXT ( ( #1008 ) ) GLOBAL_UNIT_ASSIGNED_CONTEXT ( ( #1595, #4648, #3593 ) ) REPRESENTATION_CONTEXT ( 'NONE', 'WORKASPACE' ) );
#2414 =( NAMED_UNIT ( * ) PLANE_ANGLE_UNIT ( ) SI_UNIT ( $, .RADIAN. ) );
#2415 = ORIENTED_EDGE ( 'NONE', *, *, #3422, .T. ) ;
#2416 = CARTESIAN_POINT ( 'NONE',  ( -1.191980746052013100, 0.1999999999999996500, 3.161538461538429400 ) ) ;
#2417 = EDGE_CURVE ( 'NONE', #218, #4386, #526, .T. ) ;
#2418 = DIRECTION ( 'NONE',  ( 1.000000000000000000, 0.0000000000000000000, 0.0000000000000000000 ) ) ;
#2419 = VERTEX_POINT ( 'NONE', #1942 ) ;
#2420 = EDGE_LOOP ( 'NONE', ( #1282, #5192, #5909, #2519 ) ) ;
#2421 = AXIS2_PLACEMENT_3D ( 'NONE', #1389, #1834, #5318 ) ;
#2422 = DIRECTION ( 'NONE',  ( 1.000000000000000000, 7.760391005015702800E-015, -8.870167507720793600E-014 ) ) ;
#2423 =( NAMED_UNIT ( * ) PLANE_ANGLE_UNIT ( ) SI_UNIT ( $, .RADIAN. ) );
#2424 = VECTOR ( 'NONE', #5053, 1000.000000000000000 ) ;
#2425 = CARTESIAN_POINT ( 'NONE',  ( -0.2913397204109446900, 0.1999999999999996500, 3.200000000000182300 ) ) ;
#2426 = ORIENTED_EDGE ( 'NONE', *, *, #953, .F. ) ;
#2427 = DIRECTION ( 'NONE',  ( 1.000000000000000000, -0.0000000000000000000, 0.0000000000000000000 ) ) ;
#2428 = DIRECTION ( 'NONE',  ( 0.0000000000000000000, 1.000000000000000000, -0.0000000000000000000 ) ) ;
#2429 = VECTOR ( 'NONE', #4188, 1000.000000000000000 ) ;
#2430 = SURFACE_STYLE_FILL_AREA ( #424 ) ;
#2431 = AXIS2_PLACEMENT_3D ( 'NONE', #58, #5060, #5950 ) ;
#2432 = PLANE ( 'NONE',  #2195 ) ;
#2433 = PLANE ( 'NONE',  #941 ) ;
#2434 = COLOUR_RGB ( '',1.000000000000000000, 1.000000000000000000, 1.000000000000000000 ) ;
#2435 = FACE_OUTER_BOUND ( 'NONE', #577, .T. ) ;
#2436 = ORIENTED_EDGE ( 'NONE', *, *, #2261, .T. ) ;
#2437 = ORIENTED_EDGE ( 'NONE', *, *, #5215, .F. ) ;
#2438 = ADVANCED_FACE ( 'NONE', ( #828 ), #2534, .F. ) ;
#2439 =( NAMED_UNIT ( * ) SI_UNIT ( $, .STERADIAN. ) SOLID_ANGLE_UNIT ( ) );
#2440 = VECTOR ( 'NONE', #2635, 1000.000000000000000 ) ;
#2441 = VECTOR ( 'NONE', #3918, 1000.000000000000000 ) ;
#2442 = LINE ( 'NONE', #5705, #4771 ) ;
#2443 = EDGE_CURVE ( 'NONE', #4152, #4752, #6148, .T. ) ;
#2444 = LINE ( 'NONE', #2870, #6226 ) ;
#2445 = UNCERTAINTY_MEASURE_WITH_UNIT (LENGTH_MEASURE( 1.000000000000000100E-005 ), #4082, 'distance_accuracy_value', 'NONE');
#2446 = ORIENTED_EDGE ( 'NONE', *, *, #807, .T. ) ;
#2447 = CARTESIAN_POINT ( 'NONE',  ( 0.7836602795884191100, 0.09999999999999982500, 2.675000000000091300 ) ) ;
#2448 = FACE_OUTER_BOUND ( 'NONE', #3931, .T. ) ;
#2449 = CARTESIAN_POINT ( 'NONE',  ( -1.252930181046546100, 0.1999999999999996500, 2.028000000000612000 ) ) ;
#2450 = ORIENTED_EDGE ( 'NONE', *, *, #5425, .F. ) ;
#2451 = ORIENTED_EDGE ( 'NONE', *, *, #2002, .F. ) ;
#2452 = AXIS2_PLACEMENT_3D ( 'NONE', #2977, #5429, #3424 ) ;
#2453 = CARTESIAN_POINT ( 'NONE',  ( -1.066339720411035000, 0.09999999999999982500, 2.900000000000227700 ) ) ;
#2454 = VERTEX_POINT ( 'NONE', #1488 ) ;
#2455 = CARTESIAN_POINT ( 'NONE',  ( 0.5836602795886575200, 0.1999999999999996500, 3.100000000000045800 ) ) ;
#2456 = ORIENTED_EDGE ( 'NONE', *, *, #1584, .F. ) ;
#2457 = VECTOR ( 'NONE', #4056, 1000.000000000000000 ) ;
#2458 =( GEOMETRIC_REPRESENTATION_CONTEXT ( 3 ) GLOBAL_UNCERTAINTY_ASSIGNED_CONTEXT ( ( #4716 ) ) GLOBAL_UNIT_ASSIGNED_CONTEXT ( ( #3544, #1041, #557 ) ) REPRESENTATION_CONTEXT ( 'NONE', 'WORKASPACE' ) );
#2459 = DIRECTION ( 'NONE',  ( -0.0000000000000000000, -1.000000000000000000, 0.0000000000000000000 ) ) ;
#2460 = COLOUR_RGB ( '',1.000000000000000000, 1.000000000000000000, 1.000000000000000000 ) ;
#2461 = ORIENTED_EDGE ( 'NONE', *, *, #1730, .T. ) ;
#2462 =( GEOMETRIC_REPRESENTATION_CONTEXT ( 3 ) GLOBAL_UNCERTAINTY_ASSIGNED_CONTEXT ( ( #2218 ) ) GLOBAL_UNIT_ASSIGNED_CONTEXT ( ( #2629, #3146, #5140 ) ) REPRESENTATION_CONTEXT ( 'NONE', 'WORKASPACE' ) );
#2463 = ORIENTED_EDGE ( 'NONE', *, *, #4442, .F. ) ;
#2464 = CARTESIAN_POINT ( 'NONE',  ( 0.5836602795890560900, 0.0000000000000000000, 3.200000000000182300 ) ) ;
#2465 = LINE ( 'NONE', #4182, #1598 ) ;
#2466 = CARTESIAN_POINT ( 'NONE',  ( -1.966339720411125900, 0.1999999999999996500, 1.900000000000000400 ) ) ;
#2467 = ORIENTED_EDGE ( 'NONE', *, *, #2630, .T. ) ;
#2468 =( GEOMETRIC_REPRESENTATION_CONTEXT ( 3 ) GLOBAL_UNCERTAINTY_ASSIGNED_CONTEXT ( ( #5963 ) ) GLOBAL_UNIT_ASSIGNED_CONTEXT ( ( #428, #362, #3941 ) ) REPRESENTATION_CONTEXT ( 'NONE', 'WORKASPACE' ) );
#2469 = CARTESIAN_POINT ( 'NONE',  ( -1.416339720411399000, 0.1999999999999996500, 2.020000000000119000 ) ) ;
#2470 = VECTOR ( 'NONE', #5789, 1000.000000000000000 ) ;
#2471 = ADVANCED_FACE ( 'NONE', ( #2836 ), #3470, .F. ) ;
#2472 = FACE_OUTER_BOUND ( 'NONE', #4274, .T. ) ;
#2473 = ADVANCED_FACE ( 'NONE', ( #2999 ), #6138, .T. ) ;
#2474 = LINE ( 'NONE', #313, #4573 ) ;
#2475 = DIRECTION ( 'NONE',  ( -1.000000000000000000, 0.0000000000000000000, 0.0000000000000000000 ) ) ;
#2476 = AXIS2_PLACEMENT_3D ( 'NONE', #2581, #1059, #1588 ) ;
#2477 = CARTESIAN_POINT ( 'NONE',  ( -1.274032028103503800, 0.1999999999999996500, 3.018461538461815900 ) ) ;
#2478 =( GEOMETRIC_REPRESENTATION_CONTEXT ( 3 ) GLOBAL_UNCERTAINTY_ASSIGNED_CONTEXT ( ( #5413 ) ) GLOBAL_UNIT_ASSIGNED_CONTEXT ( ( #507, #964, #3001 ) ) REPRESENTATION_CONTEXT ( 'NONE', 'WORKASPACE' ) );
#2479 = CARTESIAN_POINT ( 'NONE',  ( -1.716339720410671200, 0.09999999999999982500, 1.800000000000091300 ) ) ;
#2480 = EDGE_CURVE ( 'NONE', #2482, #3159, #2282, .T. ) ;
#2481 = DIRECTION ( 'NONE',  ( 0.0000000000000000000, 1.000000000000000000, -0.0000000000000000000 ) ) ;
#2482 = VERTEX_POINT ( 'NONE', #2019 ) ;
#2483 = VECTOR ( 'NONE', #6071, 1000.000000000000000 ) ;
#2484 =( LENGTH_UNIT ( ) NAMED_UNIT ( * ) SI_UNIT ( .MILLI., .METRE. ) );
#2485 = PLANE ( 'NONE',  #5254 ) ;
#2486 = DIRECTION ( 'NONE',  ( -1.000000000000000000, 0.0000000000000000000, 0.0000000000000000000 ) ) ;
#2487 = CIRCLE ( 'NONE', #398, 0.1000000000001364400 ) ;
#2488 = EDGE_LOOP ( 'NONE', ( #4282, #5972, #226, #6287 ) ) ;
#2489 = CARTESIAN_POINT ( 'NONE',  ( -0.3913397204110807300, 0.1999999999999996500, 3.100000000000159500 ) ) ;
#2490 = EDGE_CURVE ( 'NONE', #1844, #6311, #1479, .T. ) ;
#2491 = FILL_AREA_STYLE_COLOUR ( '', #2583 ) ;
#2492 = STYLED_ITEM ( 'NONE', ( #2924 ), #899 ) ;
#2493 = ORIENTED_EDGE ( 'NONE', *, *, #932, .T. ) ;
#2494 = ORIENTED_EDGE ( 'NONE', *, *, #5437, .F. ) ;
#2495 = CARTESIAN_POINT ( 'NONE',  ( -1.316339720410931100, 0.1999999999999996500, 2.020000000000912600 ) ) ;
#2496 = CARTESIAN_POINT ( 'NONE',  ( -1.266339720411308300, 0.09999999999999982500, 2.100000000000045800 ) ) ;
#2497 = AXIS2_PLACEMENT_3D ( 'NONE', #4337, #1433, #1895 ) ;
#2498 = CARTESIAN_POINT ( 'NONE',  ( -2.216339720411125900, 0.09999999999999982500, 1.900000000000000400 ) ) ;
#2499 = VECTOR ( 'NONE', #6453, 1000.000000000000000 ) ;
#2500 = CARTESIAN_POINT ( 'NONE',  ( -1.366339720411549100, 0.1999999999999996500, 2.980000000000497800 ) ) ;
#2501 = VERTEX_POINT ( 'NONE', #900 ) ;
#2502 = EDGE_CURVE ( 'NONE', #2067, #1704, #4284, .T. ) ;
#2503 = ADVANCED_FACE ( 'NONE', ( #3201 ), #4916, .F. ) ;
#2504 = DIRECTION ( 'NONE',  ( -0.0000000000000000000, -1.000000000000000000, 0.0000000000000000000 ) ) ;
#2505 = SURFACE_STYLE_FILL_AREA ( #833 ) ;
#2506 = ORIENTED_EDGE ( 'NONE', *, *, #6306, .F. ) ;
#2507 = SURFACE_SIDE_STYLE ('',( #4662 ) ) ;
#2508 = LINE ( 'NONE', #3623, #1153 ) ;
#2509 = FILL_AREA_STYLE ('',( #1969 ) ) ;
#2510 = ORIENTED_EDGE ( 'NONE', *, *, #3505, .F. ) ;
#2511 = ORIENTED_EDGE ( 'NONE', *, *, #5724, .F. ) ;
#2512 = VECTOR ( 'NONE', #144, 1000.000000000000000 ) ;
#2513 = SURFACE_STYLE_FILL_AREA ( #6163 ) ;
#2514 = ORIENTED_EDGE ( 'NONE', *, *, #5077, .F. ) ;
#2515 = ORIENTED_EDGE ( 'NONE', *, *, #1304, .T. ) ;
#2516 = EDGE_CURVE ( 'NONE', #2814, #4437, #1970, .T. ) ;
#2517 = CARTESIAN_POINT ( 'NONE',  ( -1.916339720410944700, 0.0000000000000000000, 3.000000000000136800 ) ) ;
#2518 = DIRECTION ( 'NONE',  ( -1.000000000000000000, 0.0000000000000000000, 0.0000000000000000000 ) ) ;
#2519 = ORIENTED_EDGE ( 'NONE', *, *, #5771, .F. ) ;
#2520 = ADVANCED_FACE ( 'NONE', ( #4995 ), #751, .F. ) ;
#2521 = CARTESIAN_POINT ( 'NONE',  ( -2.116339720411216900, 0.1999999999999996500, 2.675000000000093500 ) ) ;
#2522 = CIRCLE ( 'NONE', #2722, 0.09999999999945426200 ) ;
#2523 = DIRECTION ( 'NONE',  ( -0.0000000000000000000, -1.000000000000000000, 0.0000000000000000000 ) ) ;
#2524 = LINE ( 'NONE', #2165, #1000 ) ;
#2525 = UNCERTAINTY_MEASURE_WITH_UNIT (LENGTH_MEASURE( 1.000000000000000100E-005 ), #3989, 'distance_accuracy_value', 'NONE');
#2526 = PRESENTATION_LAYER_ASSIGNMENT (  '', '', ( #5182 ) ) ;
#2527 = ORIENTED_EDGE ( 'NONE', *, *, #2605, .F. ) ;
#2528 = DIRECTION ( 'NONE',  ( 0.3846153846147275500, 0.0000000000000000000, -0.9230769230771968000 ) ) ;
#2529 = VERTEX_POINT ( 'NONE', #4063 ) ;
#2530 = EDGE_CURVE ( 'NONE', #1516, #5618, #6442, .T. ) ;
#2531 = SURFACE_STYLE_FILL_AREA ( #5569 ) ;
#2532 =( NAMED_UNIT ( * ) SI_UNIT ( $, .STERADIAN. ) SOLID_ANGLE_UNIT ( ) );
#2533 = VECTOR ( 'NONE', #5897, 1000.000000000000000 ) ;
#2534 = PLANE ( 'NONE',  #3018 ) ;
#2535 = CARTESIAN_POINT ( 'NONE',  ( -2.116339720411217800, 0.1999999999999996500, 3.000000000000023100 ) ) ;
#2536 = DIRECTION ( 'NONE',  ( 0.0000000000000000000, 1.000000000000000000, 0.0000000000000000000 ) ) ;
#2537 = VERTEX_POINT ( 'NONE', #3599 ) ;
#2538 = ORIENTED_EDGE ( 'NONE', *, *, #3607, .T. ) ;
#2539 = DIRECTION ( 'NONE',  ( -0.0000000000000000000, -1.000000000000000000, 0.0000000000000000000 ) ) ;
#2540 = SURFACE_STYLE_FILL_AREA ( #5064 ) ;
#2541 = ADVANCED_FACE ( 'NONE', ( #124 ), #1576, .T. ) ;
#2542 = VERTEX_POINT ( 'NONE', #108 ) ;
#2543 = VERTEX_POINT ( 'NONE', #584 ) ;
#2544 = COLOUR_RGB ( '',1.000000000000000000, 1.000000000000000000, 1.000000000000000000 ) ;
#2545 = EDGE_CURVE ( 'NONE', #785, #3381, #4128, .T. ) ;
#2546 = FILL_AREA_STYLE ('',( #5459 ) ) ;
#2547 = DIRECTION ( 'NONE',  ( -0.0000000000000000000, -1.000000000000000000, 0.0000000000000000000 ) ) ;
#2548 = DIRECTION ( 'NONE',  ( -0.9230769230746638200, 0.0000000000000000000, -0.3846153846208068000 ) ) ;
#2549 = CARTESIAN_POINT ( 'NONE',  ( 0.4836602795890891900, 0.09999999999999982500, 3.000000000000136800 ) ) ;
#2550 = VERTEX_POINT ( 'NONE', #6061 ) ;
#2551 = CARTESIAN_POINT ( 'NONE',  ( -0.3913397204113068800, 0.1999999999999996500, 1.800000000000092900 ) ) ;
#2552 = AXIS2_PLACEMENT_3D ( 'NONE', #1307, #2368, #1331 ) ;
#2553 = CARTESIAN_POINT ( 'NONE',  ( -1.408647412718915200, 0.1999999999999996500, 1.981538461538858900 ) ) ;
#2554 = CARTESIAN_POINT ( 'NONE',  ( -1.966339720411155200, 0.1999999999999996500, 1.800000000000062000 ) ) ;
#2555 = VECTOR ( 'NONE', #430, 1000.000000000000000 ) ;
#2556 = ORIENTED_EDGE ( 'NONE', *, *, #5149, .F. ) ;
#2557 = COLOUR_RGB ( '',0.9098039215686274400, 0.4431372549019607600, 0.03137254901960784300 ) ;
#2558 = ADVANCED_FACE ( 'NONE', ( #4834 ), #3574, .F. ) ;
#2559 = CARTESIAN_POINT ( 'NONE',  ( 0.7836602795888739600, 0.1999999999999996500, 3.200000000000182300 ) ) ;
#2560 =( GEOMETRIC_REPRESENTATION_CONTEXT ( 3 ) GLOBAL_UNCERTAINTY_ASSIGNED_CONTEXT ( ( #1135 ) ) GLOBAL_UNIT_ASSIGNED_CONTEXT ( ( #4779, #1294, #1315 ) ) REPRESENTATION_CONTEXT ( 'NONE', 'WORKASPACE' ) );
#2561 = CARTESIAN_POINT ( 'NONE',  ( 0.3844177122987553200, 0.5200000000000000200, 2.000003627672315400 ) ) ;
#2562 = VERTEX_POINT ( 'NONE', #1618 ) ;
#2563 = VECTOR ( 'NONE', #2896, 1000.000000000000000 ) ;
#2564 = UNCERTAINTY_MEASURE_WITH_UNIT (LENGTH_MEASURE( 1.000000000000000100E-005 ), #3559, 'distance_accuracy_value', 'NONE');
#2565 = VECTOR ( 'NONE', #1316, 1000.000000000000000 ) ;
#2566 = CARTESIAN_POINT ( 'NONE',  ( -1.099673053744500300, 0.1999999999999996500, 3.200000000000195100 ) ) ;
#2567 = AXIS2_PLACEMENT_3D ( 'NONE', #2310, #3250, #6254 ) ;
#2568 = AXIS2_PLACEMENT_3D ( 'NONE', #6106, #3152, #3639 ) ;
#2569 = EDGE_CURVE ( 'NONE', #4458, #2814, #4762, .T. ) ;
#2570 = CARTESIAN_POINT ( 'NONE',  ( -1.583006387077915600, 0.1999999999999996500, 1.799999999999975200 ) ) ;
#2571 = COLOUR_RGB ( '',1.000000000000000000, 1.000000000000000000, 1.000000000000000000 ) ;
#2572 = EDGE_LOOP ( 'NONE', ( #3289, #44, #544, #2155 ) ) ;
#2573 = CYLINDRICAL_SURFACE ( 'NONE', #5711, 0.1000000000000251900 ) ;
#2574 = CARTESIAN_POINT ( 'NONE',  ( -0.9663397204111267000, 0.0000000000000000000, 3.000000000000136800 ) ) ;
#2575 =( LENGTH_UNIT ( ) NAMED_UNIT ( * ) SI_UNIT ( .MILLI., .METRE. ) );
#2576 = VERTEX_POINT ( 'NONE', #6042 ) ;
#2577 = STYLED_ITEM ( 'NONE', ( #4643 ), #707 ) ;
#2578 = ORIENTED_EDGE ( 'NONE', *, *, #460, .F. ) ;
#2579 = DIRECTION ( 'NONE',  ( -1.000000000000000000, 0.0000000000000000000, 0.0000000000000000000 ) ) ;
#2580 =( GEOMETRIC_REPRESENTATION_CONTEXT ( 3 ) GLOBAL_UNCERTAINTY_ASSIGNED_CONTEXT ( ( #3832 ) ) GLOBAL_UNIT_ASSIGNED_CONTEXT ( ( #5694, #1759, #5225 ) ) REPRESENTATION_CONTEXT ( 'NONE', 'WORKASPACE' ) );
#2581 = CARTESIAN_POINT ( 'NONE',  ( 0.4836602795886915100, 0.09999999999999982500, 2.900000000000000400 ) ) ;
#2582 = FILL_AREA_STYLE_COLOUR ( '', #2289 ) ;
#2583 = COLOUR_RGB ( '',1.000000000000000000, 1.000000000000000000, 1.000000000000000000 ) ;
#2584 = EDGE_CURVE ( 'NONE', #3734, #5807, #4358, .T. ) ;
#2585 =( NAMED_UNIT ( * ) PLANE_ANGLE_UNIT ( ) SI_UNIT ( $, .RADIAN. ) );
#2586 = VECTOR ( 'NONE', #320, 1000.000000000000100 ) ;
#2587 = ORIENTED_EDGE ( 'NONE', *, *, #4954, .T. ) ;
#2588 = DIRECTION ( 'NONE',  ( -1.000000000000000000, -0.0000000000000000000, -0.0000000000000000000 ) ) ;
#2589 = VERTEX_POINT ( 'NONE', #2574 ) ;
#2590 = EDGE_LOOP ( 'NONE', ( #2686, #6109, #4677, #420, #2236, #476, #3490, #1787 ) ) ;
#2591 = STYLED_ITEM ( 'NONE', ( #5614 ), #2975 ) ;
#2592 = CARTESIAN_POINT ( 'NONE',  ( -2.016339720411195000, 0.1999999999999996500, 3.000000000000023100 ) ) ;
#2593 = ORIENTED_EDGE ( 'NONE', *, *, #4293, .F. ) ;
#2594 = ORIENTED_EDGE ( 'NONE', *, *, #4502, .T. ) ;
#2595 =( NAMED_UNIT ( * ) SI_UNIT ( $, .STERADIAN. ) SOLID_ANGLE_UNIT ( ) );
#2596 = SURFACE_STYLE_FILL_AREA ( #6053 ) ;
#2597 = DIRECTION ( 'NONE',  ( 0.0000000000000000000, 1.000000000000000000, -0.0000000000000000000 ) ) ;
#2598 = SURFACE_STYLE_FILL_AREA ( #3388 ) ;
#2599 = COLOUR_RGB ( '',1.000000000000000000, 1.000000000000000000, 1.000000000000000000 ) ;
#2600 = CYLINDRICAL_SURFACE ( 'NONE', #2234, 0.09999999999945426200 ) ;
#2601 = ORIENTED_EDGE ( 'NONE', *, *, #2502, .F. ) ;
#2602 = EDGE_LOOP ( 'NONE', ( #100, #5732, #4691, #3199 ) ) ;
#2603 = AXIS2_PLACEMENT_3D ( 'NONE', #6238, #2818, #3779 ) ;
#2604 = COLOUR_RGB ( '',1.000000000000000000, 1.000000000000000000, 1.000000000000000000 ) ;
#2605 = EDGE_CURVE ( 'NONE', #5837, #3761, #821, .T. ) ;
#2606 = CARTESIAN_POINT ( 'NONE',  ( -0.9663397204111265900, 0.0000000000000000000, 2.000000000000137200 ) ) ;
#2607 = DIRECTION ( 'NONE',  ( 0.3846153846208045200, 0.0000000000000000000, -0.9230769230746647100 ) ) ;
#2608 = UNCERTAINTY_MEASURE_WITH_UNIT (LENGTH_MEASURE( 1.000000000000000100E-005 ), #3331, 'distance_accuracy_value', 'NONE');
#2609 = CARTESIAN_POINT ( 'NONE',  ( -2.216339720411125900, 0.5200000000000004600, 2.000003627672315400 ) ) ;
#2610 = EDGE_LOOP ( 'NONE', ( #6272, #1857, #384, #4794 ) ) ;
#2611 = DIRECTION ( 'NONE',  ( 0.0000000000000000000, 1.000000000000000000, 0.0000000000000000000 ) ) ;
#2612 = ORIENTED_EDGE ( 'NONE', *, *, #3293, .F. ) ;
#2613 = CYLINDRICAL_SURFACE ( 'NONE', #241, 0.1000000000001364400 ) ;
#2614 = DIRECTION ( 'NONE',  ( -1.000000000000000000, 0.0000000000000000000, 0.0000000000000000000 ) ) ;
#2615 = PRODUCT_DEFINITION_FORMATION_WITH_SPECIFIED_SOURCE ( 'ANY', '', #1631, .NOT_KNOWN. ) ;
#2616 = SURFACE_SIDE_STYLE ('',( #3842 ) ) ;
#2617 = VECTOR ( 'NONE', #754, 1000.000000000000000 ) ;
#2618 = EDGE_CURVE ( 'NONE', #1406, #6247, #5519, .T. ) ;
#2619 = DIRECTION ( 'NONE',  ( -0.0000000000000000000, -0.0000000000000000000, 1.000000000000000000 ) ) ;
#2620 = ORIENTED_EDGE ( 'NONE', *, *, #5445, .F. ) ;
#2621 = DIRECTION ( 'NONE',  ( -0.9230769230771968000, 0.0000000000000000000, -0.3846153846147277200 ) ) ;
#2622 = CARTESIAN_POINT ( 'NONE',  ( -1.616339720410762800, 0.09999999999999982500, 3.200000000000071200 ) ) ;
#2623 = SURFACE_STYLE_USAGE ( .BOTH. , #5564 ) ;
#2624 = DIRECTION ( 'NONE',  ( -1.000000000000000000, 0.0000000000000000000, 0.0000000000000000000 ) ) ;
#2625 = VERTEX_POINT ( 'NONE', #1526 ) ;
#2626 = VECTOR ( 'NONE', #5423, 1000.000000000000000 ) ;
#2627 = AXIS2_PLACEMENT_3D ( 'NONE', #5130, #1073, #1050 ) ;
#2628 = ORIENTED_EDGE ( 'NONE', *, *, #1019, .F. ) ;
#2629 =( LENGTH_UNIT ( ) NAMED_UNIT ( * ) SI_UNIT ( .MILLI., .METRE. ) );
#2630 = EDGE_CURVE ( 'NONE', #4682, #3638, #3060, .T. ) ;
#2631 = SURFACE_STYLE_USAGE ( .BOTH. , #6050 ) ;
#2632 =( LENGTH_UNIT ( ) NAMED_UNIT ( * ) SI_UNIT ( .MILLI., .METRE. ) );
#2633 = CARTESIAN_POINT ( 'NONE',  ( 0.7836602795888739600, 0.0000000000000000000, 1.800000000000091300 ) ) ;
#2634 = ADVANCED_FACE ( 'NONE', ( #1718 ), #636, .F. ) ;
#2635 = DIRECTION ( 'NONE',  ( -0.0000000000000000000, -0.0000000000000000000, 1.000000000000000000 ) ) ;
#2636 = VECTOR ( 'NONE', #4436, 1000.000000000000000 ) ;
#2637 = FILL_AREA_STYLE ('',( #1043 ) ) ;
#2638 = ORIENTED_EDGE ( 'NONE', *, *, #1370, .T. ) ;
#2639 = CARTESIAN_POINT ( 'NONE',  ( -2.216339720411125900, 0.0000000000000000000, 1.800000000000091300 ) ) ;
#2640 = FILL_AREA_STYLE ('',( #3637 ) ) ;
#2641 = DIRECTION ( 'NONE',  ( -1.000000000000000000, 0.0000000000000000000, -0.0000000000000000000 ) ) ;
#2642 = FILL_AREA_STYLE_COLOUR ( '', #2990 ) ;
#2643 = COLOUR_RGB ( '',1.000000000000000000, 1.000000000000000000, 1.000000000000000000 ) ;
#2644 = VERTEX_POINT ( 'NONE', #4699 ) ;
#2645 = CARTESIAN_POINT ( 'NONE',  ( -1.616339720411101000, 0.1999999999999996500, 1.800000000000091300 ) ) ;
#2646 = VECTOR ( 'NONE', #2805, 1000.000000000000000 ) ;
#2647 = DIRECTION ( 'NONE',  ( 1.000000000000000000, 0.0000000000000000000, 0.0000000000000000000 ) ) ;
#2648 = MECHANICAL_DESIGN_GEOMETRIC_PRESENTATION_REPRESENTATION (  '', ( #6275 ), #1764 ) ;
#2649 = UNCERTAINTY_MEASURE_WITH_UNIT (LENGTH_MEASURE( 1.000000000000000100E-005 ), #5772, 'distance_accuracy_value', 'NONE');
#2650 = EDGE_CURVE ( 'NONE', #4432, #3953, #4053, .T. ) ;
#2651 = FACE_OUTER_BOUND ( 'NONE', #5640, .T. ) ;
#2652 = CARTESIAN_POINT ( 'NONE',  ( -0.04133972041094448300, 0.1999999999999996500, 3.199999999999500100 ) ) ;
#2653 = CARTESIAN_POINT ( 'NONE',  ( 0.5836602795890552000, 0.0000000000000000000, 2.100000000000045800 ) ) ;
#2654 = CARTESIAN_POINT ( 'NONE',  ( -2.016336092738611400, 0.5200000000000004600, 2.199242567290473200 ) ) ;
#2655 = STYLED_ITEM ( 'NONE', ( #4628 ), #6000 ) ;
#2656 = COLOUR_RGB ( '',1.000000000000000000, 1.000000000000000000, 1.000000000000000000 ) ;
#2657 = ORIENTED_EDGE ( 'NONE', *, *, #1568, .T. ) ;
#2658 = AXIS2_PLACEMENT_3D ( 'NONE', #3550, #2089, #2641 ) ;
#2659 = DIRECTION ( 'NONE',  ( 0.0000000000000000000, 0.0000000000000000000, -1.000000000000000000 ) ) ;
#2660 = ORIENTED_EDGE ( 'NONE', *, *, #571, .F. ) ;
#2661 = EDGE_CURVE ( 'NONE', #2220, #2158, #5365, .T. ) ;
#2662 = FACE_OUTER_BOUND ( 'NONE', #5525, .T. ) ;
#2663 = CARTESIAN_POINT ( 'NONE',  ( -2.216339720411126400, 0.1999999999999996500, 2.325000000000182300 ) ) ;
#2664 = DIRECTION ( 'NONE',  ( -1.000000000000000000, 0.0000000000000000000, 0.0000000000000000000 ) ) ;
#2665 = FILL_AREA_STYLE_COLOUR ( '', #627 ) ;
#2666 = CIRCLE ( 'NONE', #2950, 0.09999999999990875900 ) ;
#2667 = VERTEX_POINT ( 'NONE', #611 ) ;
#2668 = CARTESIAN_POINT ( 'NONE',  ( -1.616339720410762300, 0.09999999999999982500, 2.100000000000159500 ) ) ;
#2669 = VERTEX_POINT ( 'NONE', #2750 ) ;
#2670 = VECTOR ( 'NONE', #3473, 1000.000000000000000 ) ;
#2671 = CARTESIAN_POINT ( 'NONE',  ( -0.3913397204110811700, 0.1999999999999996500, 3.100000000000159500 ) ) ;
#2672 = EDGE_CURVE ( 'NONE', #3838, #4458, #2275, .T. ) ;
#2673 = EDGE_LOOP ( 'NONE', ( #6139, #5080, #1732, #5958 ) ) ;
#2674 = CARTESIAN_POINT ( 'NONE',  ( -2.116339720411217800, 0.1999999999999996500, 1.999999999999909400 ) ) ;
#2675 = VECTOR ( 'NONE', #3789, 1000.000000000000000 ) ;
#2676 = EDGE_LOOP ( 'NONE', ( #331, #3008, #5233, #2350 ) ) ;
#2677 = DIRECTION ( 'NONE',  ( 0.9230769230771969100, 0.0000000000000000000, 0.3846153846147276600 ) ) ;
#2678 =( NAMED_UNIT ( * ) SI_UNIT ( $, .STERADIAN. ) SOLID_ANGLE_UNIT ( ) );
#2679 = CARTESIAN_POINT ( 'NONE',  ( -2.116339720411216900, 0.09999999999999982500, 3.200000000000182300 ) ) ;
#2680 = MECHANICAL_DESIGN_GEOMETRIC_PRESENTATION_REPRESENTATION (  '', ( #3404 ), #1966 ) ;
#2681 = FACE_BOUND ( 'NONE', #4142, .T. ) ;
#2682 = CARTESIAN_POINT ( 'NONE',  ( -1.333006387077914500, 0.1999999999999996500, 1.800000000000091300 ) ) ;
#2683 = PRESENTATION_STYLE_ASSIGNMENT (( #3042 ) ) ;
#2684 = EDGE_CURVE ( 'NONE', #2893, #1695, #3737, .T. ) ;
#2685 = LINE ( 'NONE', #5604, #913 ) ;
#2686 = ORIENTED_EDGE ( 'NONE', *, *, #2057, .T. ) ;
#2687 = ORIENTED_EDGE ( 'NONE', *, *, #3498, .F. ) ;
#2688 = ORIENTED_EDGE ( 'NONE', *, *, #1505, .T. ) ;
#2689 = EDGE_LOOP ( 'NONE', ( #6175, #3077, #1053, #3881, #1241, #5756, #3771, #2736, #5088, #4189, #5681, #3749, #6310, #928, #447, #237, #4170, #1903, #3612, #4920, #368, #1875, #4199, #6088, #5344, #2951, #5385, #5941 ) ) ;
#2690 = VECTOR ( 'NONE', #3722, 1000.000000000000000 ) ;
#2691 = CARTESIAN_POINT ( 'NONE',  ( -0.04133972041094405300, 0.09999999999999982500, 3.199999999999500100 ) ) ;
#2692 = FACE_OUTER_BOUND ( 'NONE', #1998, .T. ) ;
#2693 = SURFACE_SIDE_STYLE ('',( #6012 ) ) ;
#2694 = CARTESIAN_POINT ( 'NONE',  ( 0.5556602795888085900, 0.2000000000000005100, 2.772761060381785400 ) ) ;
#2695 = VERTEX_POINT ( 'NONE', #5664 ) ;
#2696 = VERTEX_POINT ( 'NONE', #5209 ) ;
#2697 =( NAMED_UNIT ( * ) SI_UNIT ( $, .STERADIAN. ) SOLID_ANGLE_UNIT ( ) );
#2698 = LINE ( 'NONE', #1118, #2851 ) ;
#2699 = COLOUR_RGB ( '',1.000000000000000000, 1.000000000000000000, 1.000000000000000000 ) ;
#2700 = UNCERTAINTY_MEASURE_WITH_UNIT (LENGTH_MEASURE( 1.000000000000000100E-005 ), #2758, 'distance_accuracy_value', 'NONE');
#2701 = DIRECTION ( 'NONE',  ( -0.0000000000000000000, -1.000000000000000000, -0.0000000000000000000 ) ) ;
#2702 = ORIENTED_EDGE ( 'NONE', *, *, #3982, .F. ) ;
#2703 =( GEOMETRIC_REPRESENTATION_CONTEXT ( 3 ) GLOBAL_UNCERTAINTY_ASSIGNED_CONTEXT ( ( #3304 ) ) GLOBAL_UNIT_ASSIGNED_CONTEXT ( ( #2040, #5489, #2532 ) ) REPRESENTATION_CONTEXT ( 'NONE', 'WORKASPACE' ) );
#2704 = EDGE_LOOP ( 'NONE', ( #5828, #2461, #2151, #1487 ) ) ;
#2705 = EDGE_CURVE ( 'NONE', #1295, #3665, #4911, .T. ) ;
#2706 = COLOUR_RGB ( '',0.9098039215686274400, 0.4431372549019607600, 0.03137254901960784300 ) ;
#2707 = CARTESIAN_POINT ( 'NONE',  ( -2.016339720410853100, 0.09999999999999982500, 2.100000000000045800 ) ) ;
#2708 = DIRECTION ( 'NONE',  ( -1.000000000000000000, 0.0000000000000000000, 0.0000000000000000000 ) ) ;
#2709 = DIRECTION ( 'NONE',  ( 0.0000000000000000000, -1.000000000000000000, 0.0000000000000000000 ) ) ;
#2710 = ORIENTED_EDGE ( 'NONE', *, *, #6251, .T. ) ;
#2711 = ORIENTED_EDGE ( 'NONE', *, *, #5301, .T. ) ;
#2712 = CYLINDRICAL_SURFACE ( 'NONE', #2728, 0.1999999999999999000 ) ;
#2713 = VECTOR ( 'NONE', #1321, 1000.000000000000000 ) ;
#2714 = CARTESIAN_POINT ( 'NONE',  ( -1.988339720411060700, 0.2000000000000005100, 2.972000000000344100 ) ) ;
#2715 = CARTESIAN_POINT ( 'NONE',  ( -1.716339720410893200, 0.09999999999999982500, 2.900000000000005700 ) ) ;
#2716 = CARTESIAN_POINT ( 'NONE',  ( 0.7836602795888739600, 0.1999999999999996500, 1.800000000000091300 ) ) ;
#2717 = LINE ( 'NONE', #4946, #6324 ) ;
#2718 = EDGE_LOOP ( 'NONE', ( #5441, #2601, #1499, #5609 ) ) ;
#2719 = AXIS2_PLACEMENT_3D ( 'NONE', #5888, #1416, #5808 ) ;
#2720 = CARTESIAN_POINT ( 'NONE',  ( 0.5588811730312019900, 0.2368149805081743400, 2.775981953824178600 ) ) ;
#2721 = ORIENTED_EDGE ( 'NONE', *, *, #4982, .T. ) ;
#2722 = AXIS2_PLACEMENT_3D ( 'NONE', #2969, #4907, #1936 ) ;
#2723 = SURFACE_SIDE_STYLE ('',( #561 ) ) ;
#2724 = CARTESIAN_POINT ( 'NONE',  ( 0.6836602795889648000, 0.1999999999999996500, 2.000000000000023100 ) ) ;
#2725 = EDGE_CURVE ( 'NONE', #620, #1746, #1550, .T. ) ;
#2726 = DIRECTION ( 'NONE',  ( -1.000000000000000000, 0.0000000000000000000, 0.0000000000000000000 ) ) ;
#2727 = VECTOR ( 'NONE', #4280, 1000.000000000000000 ) ;
#2728 = AXIS2_PLACEMENT_3D ( 'NONE', #5881, #1429, #3017 ) ;
#2729 = ORIENTED_EDGE ( 'NONE', *, *, #5886, .F. ) ;
#2730 =( NAMED_UNIT ( * ) PLANE_ANGLE_UNIT ( ) SI_UNIT ( $, .RADIAN. ) );
#2731 = DIRECTION ( 'NONE',  ( 0.0000000000000000000, -1.000000000000000000, 0.0000000000000000000 ) ) ;
#2732 = DIRECTION ( 'NONE',  ( -1.000000000000000000, 0.0000000000000000000, 0.0000000000000000000 ) ) ;
#2733 = UNCERTAINTY_MEASURE_WITH_UNIT (LENGTH_MEASURE( 1.000000000000000100E-005 ), #184, 'distance_accuracy_value', 'NONE');
#2734 = DIRECTION ( 'NONE',  ( 0.0000000000000000000, 1.000000000000000000, -0.0000000000000000000 ) ) ;
#2735 = FILL_AREA_STYLE_COLOUR ( '', #740 ) ;
#2736 = ORIENTED_EDGE ( 'NONE', *, *, #6128, .T. ) ;
#2737 = EDGE_CURVE ( 'NONE', #4062, #89, #45, .T. ) ;
#2738 = ORIENTED_EDGE ( 'NONE', *, *, #2005, .T. ) ;
#2739 = CARTESIAN_POINT ( 'NONE',  ( -1.616339720411331200, 0.09999999999999982500, 2.900000000000114500 ) ) ;
#2740 = DIRECTION ( 'NONE',  ( 0.0000000000000000000, 1.000000000000000000, 0.0000000000000000000 ) ) ;
#2741 = SURFACE_SIDE_STYLE ('',( #1887 ) ) ;
#2742 = PRESENTATION_STYLE_ASSIGNMENT (( #5071 ) ) ;
#2743 = EDGE_CURVE ( 'NONE', #1864, #4300, #2908, .T. ) ;
#2744 = ORIENTED_EDGE ( 'NONE', *, *, #943, .T. ) ;
#2745 = DIRECTION ( 'NONE',  ( 0.0000000000000000000, 1.000000000000000000, -0.0000000000000000000 ) ) ;
#2746 = DIRECTION ( 'NONE',  ( 0.0000000000000000000, 1.000000000000000000, -0.0000000000000000000 ) ) ;
#2747 = DIRECTION ( 'NONE',  ( 1.000000000000000000, 0.0000000000000000000, 0.0000000000000000000 ) ) ;
#2748 = LINE ( 'NONE', #381, #6358 ) ;
#2749 = FACE_OUTER_BOUND ( 'NONE', #2890, .T. ) ;
#2750 = CARTESIAN_POINT ( 'NONE',  ( -2.016339720411251400, 0.1999999999999996500, 3.100000000000045800 ) ) ;
#2751 = DIRECTION ( 'NONE',  ( 0.9961946980917455500, -0.08715574274765836000, 0.0000000000000000000 ) ) ;
#2752 = STYLED_ITEM ( 'NONE', ( #4451 ), #1471 ) ;
#2753 =( LENGTH_UNIT ( ) NAMED_UNIT ( * ) SI_UNIT ( .MILLI., .METRE. ) );
#2754 = VECTOR ( 'NONE', #3582, 1000.000000000000000 ) ;
#2755 = VERTEX_POINT ( 'NONE', #1173 ) ;
#2756 = EDGE_CURVE ( 'NONE', #2367, #3885, #4715, .T. ) ;
#2757 = ORIENTED_EDGE ( 'NONE', *, *, #4736, .T. ) ;
#2758 =( LENGTH_UNIT ( ) NAMED_UNIT ( * ) SI_UNIT ( .MILLI., .METRE. ) );
#2759 = PRESENTATION_STYLE_ASSIGNMENT (( #6034 ) ) ;
#2760 = FILL_AREA_STYLE ('',( #1773 ) ) ;
#2761 = CIRCLE ( 'NONE', #5404, 0.09999999999991308900 ) ;
#2762 = CARTESIAN_POINT ( 'NONE',  ( -2.216339720411126400, 0.1999999999999996500, 2.425000000000091300 ) ) ;
#2763 = CARTESIAN_POINT ( 'NONE',  ( 0.0000000000000000000, 0.0000000000000000000, 0.0000000000000000000 ) ) ;
#2764 = FACE_OUTER_BOUND ( 'NONE', #4212, .T. ) ;
#2765 = DIRECTION ( 'NONE',  ( 0.0000000000000000000, 1.000000000000000000, -0.0000000000000000000 ) ) ;
#2766 = STYLED_ITEM ( 'NONE', ( #5533 ), #2349 ) ;
#2767 = DIRECTION ( 'NONE',  ( -0.0000000000000000000, -1.000000000000000000, 0.0000000000000000000 ) ) ;
#2768 = ORIENTED_EDGE ( 'NONE', *, *, #4157, .T. ) ;
#2769 =( NAMED_UNIT ( * ) PLANE_ANGLE_UNIT ( ) SI_UNIT ( $, .RADIAN. ) );
#2770 = CIRCLE ( 'NONE', #1918, 0.09999999999990896700 ) ;
#2771 = DIRECTION ( 'NONE',  ( 0.0000000000000000000, -1.000000000000000000, 0.0000000000000000000 ) ) ;
#2772 = CARTESIAN_POINT ( 'NONE',  ( 0.5836602795890560900, 0.09999999999999982500, 2.100000000000045400 ) ) ;
#2773 = ORIENTED_EDGE ( 'NONE', *, *, #2334, .F. ) ;
#2774 = ORIENTED_EDGE ( 'NONE', *, *, #309, .T. ) ;
#2775 = MECHANICAL_DESIGN_GEOMETRIC_PRESENTATION_REPRESENTATION (  '', ( #131 ), #259 ) ;
#2776 = CIRCLE ( 'NONE', #4425, 0.09999999999990615000 ) ;
#2777 = EDGE_LOOP ( 'NONE', ( #1561, #175, #2150, #1428 ) ) ;
#2778 = ADVANCED_FACE ( 'NONE', ( #3454 ), #3217, .T. ) ;
#2779 = ORIENTED_EDGE ( 'NONE', *, *, #3520, .T. ) ;
#2780 = COLOUR_RGB ( '',1.000000000000000000, 1.000000000000000000, 1.000000000000000000 ) ;
#2781 = AXIS2_PLACEMENT_3D ( 'NONE', #4903, #5833, #2352 ) ;
#2782 = CARTESIAN_POINT ( 'NONE',  ( -0.3913397204113075500, 0.1999999999999996500, 1.900000000000000400 ) ) ;
#2783 = MECHANICAL_DESIGN_GEOMETRIC_PRESENTATION_REPRESENTATION (  '', ( #1896 ), #2996 ) ;
#2784 = CARTESIAN_POINT ( 'NONE',  ( -1.366339720411549100, 0.09999999999999982500, 2.980000000000497800 ) ) ;
#2785 = VECTOR ( 'NONE', #5751, 1000.000000000000000 ) ;
#2786 = ORIENTED_EDGE ( 'NONE', *, *, #281, .F. ) ;
#2787 = EDGE_CURVE ( 'NONE', #2181, #661, #2940, .T. ) ;
#2788 = VECTOR ( 'NONE', #1529, 1000.000000000000000 ) ;
#2789 = DIRECTION ( 'NONE',  ( 0.0000000000000000000, 1.000000000000000000, -0.0000000000000000000 ) ) ;
#2790 = DIRECTION ( 'NONE',  ( -0.0000000000000000000, -0.0000000000000000000, 1.000000000000000000 ) ) ;
#2791 = ORIENTED_EDGE ( 'NONE', *, *, #6285, .F. ) ;
#2792 = LINE ( 'NONE', #2958, #1430 ) ;
#2793 = FILL_AREA_STYLE ('',( #5268 ) ) ;
#2794 = DIRECTION ( 'NONE',  ( -1.000000000000000000, 0.0000000000000000000, -0.0000000000000000000 ) ) ;
#2795 = DIRECTION ( 'NONE',  ( 0.08682659386433078100, -0.9924325091389592000, -0.08682659386425471700 ) ) ;
#2796 = VECTOR ( 'NONE', #6120, 1000.000000000000000 ) ;
#2797 = ORIENTED_EDGE ( 'NONE', *, *, #2705, .F. ) ;
#2798 = PLANE ( 'NONE',  #2603 ) ;
#2799 = CARTESIAN_POINT ( 'NONE',  ( 0.5836566519171045900, 0.5200000000000000200, 2.199242567290664600 ) ) ;
#2800 = VECTOR ( 'NONE', #5836, 1000.000000000000000 ) ;
#2801 = VERTEX_POINT ( 'NONE', #705 ) ;
#2802 = AXIS2_PLACEMENT_3D ( 'NONE', #1138, #3074, #3719 ) ;
#2803 = EDGE_LOOP ( 'NONE', ( #6456, #2467, #555, #5738, #5782, #1792, #2415, #4692, #1357, #5781, #1837, #200, #2493, #583, #2721, #1739, #1090, #5743, #5923, #3750, #453, #6303, #6342 ) ) ;
#2804 =( NAMED_UNIT ( * ) PLANE_ANGLE_UNIT ( ) SI_UNIT ( $, .RADIAN. ) );
#2805 = DIRECTION ( 'NONE',  ( 1.000000000000000000, 0.0000000000000000000, 0.0000000000000000000 ) ) ;
#2806 = EDGE_CURVE ( 'NONE', #3668, #2916, #2811, .T. ) ;
#2807 = CARTESIAN_POINT ( 'NONE',  ( -2.016339720411310500, 0.09999999999999982500, 1.900000000000000400 ) ) ;
#2808 = CIRCLE ( 'NONE', #1990, 0.09999999999992220700 ) ;
#2809 = VERTEX_POINT ( 'NONE', #2887 ) ;
#2810 = FILL_AREA_STYLE_COLOUR ( '', #3365 ) ;
#2811 =( BOUNDED_CURVE ( )  B_SPLINE_CURVE ( 3, ( #5719, #4116, #3229, #733 ),
 .UNSPECIFIED., .F., .F. ) 
 B_SPLINE_CURVE_WITH_KNOTS ( ( 4, 4 ),
 ( 2.359992588465629600, 3.923192718713914800 ),
 .UNSPECIFIED. ) 
 CURVE ( )  GEOMETRIC_REPRESENTATION_ITEM ( )  RATIONAL_B_SPLINE_CURVE ( ( 1.000000000000000000, 0.8065248903853594600, 0.8065248903853594600, 1.000000000000000000 ) ) 
 REPRESENTATION_ITEM ( '' )  );
#2812 = CARTESIAN_POINT ( 'NONE',  ( 0.5836602795890560900, 0.09999999999999982500, 2.100000000000045800 ) ) ;
#2813 = CARTESIAN_POINT ( 'NONE',  ( 0.6836602795889648000, 0.1999999999999996500, 3.200000000000182300 ) ) ;
#2814 = VERTEX_POINT ( 'NONE', #2815 ) ;
#2815 = CARTESIAN_POINT ( 'NONE',  ( -1.349673053744338700, 0.1999999999999996500, 3.200000000000182300 ) ) ;
#2816 =( GEOMETRIC_REPRESENTATION_CONTEXT ( 3 ) GLOBAL_UNCERTAINTY_ASSIGNED_CONTEXT ( ( #965 ) ) GLOBAL_UNIT_ASSIGNED_CONTEXT ( ( #4347, #4775, #835 ) ) REPRESENTATION_CONTEXT ( 'NONE', 'WORKASPACE' ) );
#2817 = VECTOR ( 'NONE', #1103, 1000.000000000000000 ) ;
#2818 = DIRECTION ( 'NONE',  ( -0.0000000000000000000, 1.000000000000000000, 0.0000000000000000000 ) ) ;
#2819 = EDGE_LOOP ( 'NONE', ( #2638, #5872, #6087, #277 ) ) ;
#2820 = EDGE_CURVE ( 'NONE', #5315, #4531, #708, .T. ) ;
#2821 = CARTESIAN_POINT ( 'NONE',  ( -1.333006387077914500, 0.09999999999999982500, 1.800000000000091300 ) ) ;
#2822 = LINE ( 'NONE', #488, #6133 ) ;
#2823 = PLANE ( 'NONE',  #3380 ) ;
#2824 = ORIENTED_EDGE ( 'NONE', *, *, #2737, .F. ) ;
#2825 = DIRECTION ( 'NONE',  ( -0.0000000000000000000, -1.000000000000000000, 0.0000000000000000000 ) ) ;
#2826 =( NAMED_UNIT ( * ) SI_UNIT ( $, .STERADIAN. ) SOLID_ANGLE_UNIT ( ) );
#2827 = EDGE_CURVE ( 'NONE', #1256, #6395, #1757, .T. ) ;
#2828 = ORIENTED_EDGE ( 'NONE', *, *, #6079, .F. ) ;
#2829 = LINE ( 'NONE', #273, #2675 ) ;
#2830 = ORIENTED_EDGE ( 'NONE', *, *, #3293, .T. ) ;
#2831 = STYLED_ITEM ( 'NONE', ( #4251 ), #503 ) ;
#2832 = CARTESIAN_POINT ( 'NONE',  ( 0.5836602795890560900, 0.09999999999999982500, 2.100000000000045800 ) ) ;
#2833 = PLANE ( 'NONE',  #4206 ) ;
#2834 = CARTESIAN_POINT ( 'NONE',  ( 0.7836602795888739600, 0.1999999999999996500, 2.575000000000637000 ) ) ;
#2835 = FACE_OUTER_BOUND ( 'NONE', #4788, .T. ) ;
#2836 = FACE_OUTER_BOUND ( 'NONE', #208, .T. ) ;
#2837 = LINE ( 'NONE', #4686, #1395 ) ;
#2838 = VERTEX_POINT ( 'NONE', #2868 ) ;
#2839 = ORIENTED_EDGE ( 'NONE', *, *, #4324, .T. ) ;
#2840 = VERTEX_POINT ( 'NONE', #895 ) ;
#2841 = MECHANICAL_DESIGN_GEOMETRIC_PRESENTATION_REPRESENTATION (  '', ( #4402 ), #1130 ) ;
#2842 = CARTESIAN_POINT ( 'NONE',  ( -0.1413397204113077400, 0.09999999999999982500, 1.800000000000091300 ) ) ;
#2843 = ADVANCED_FACE ( 'NONE', ( #2309 ), #4867, .T. ) ;
#2844 = CIRCLE ( 'NONE', #996, 0.2000000000001505900 ) ;
#2845 = LINE ( 'NONE', #119, #1493 ) ;
#2846 = EDGE_CURVE ( 'NONE', #1325, #5145, #1343, .T. ) ;
#2847 = DIRECTION ( 'NONE',  ( 0.0000000000000000000, -0.08715574274765827700, -0.9961946980917454300 ) ) ;
#2848 = ORIENTED_EDGE ( 'NONE', *, *, #506, .F. ) ;
#2849 = CARTESIAN_POINT ( 'NONE',  ( -2.116339720411217800, 0.09999999999999982500, 1.999999999999909400 ) ) ;
#2850 = ORIENTED_EDGE ( 'NONE', *, *, #2661, .F. ) ;
#2851 = VECTOR ( 'NONE', #4587, 1000.000000000000000 ) ;
#2852 = UNCERTAINTY_MEASURE_WITH_UNIT (LENGTH_MEASURE( 1.000000000000000100E-005 ), #427, 'distance_accuracy_value', 'NONE');
#2853 = CARTESIAN_POINT ( 'NONE',  ( -1.416339720411399000, 0.1999999999999996500, 2.020000000000119000 ) ) ;
#2854 = LINE ( 'NONE', #3521, #4704 ) ;
#2855 = AXIS2_PLACEMENT_3D ( 'NONE', #1363, #1411, #1939 ) ;
#2856 = CARTESIAN_POINT ( 'NONE',  ( -1.616339720410762300, 0.0000000000000000000, 2.100000000000159500 ) ) ;
#2857 = LINE ( 'NONE', #2287, #1095 ) ;
#2858 = ORIENTED_EDGE ( 'NONE', *, *, #1809, .T. ) ;
#2859 = ORIENTED_EDGE ( 'NONE', *, *, #5669, .T. ) ;
#2860 = DIRECTION ( 'NONE',  ( -0.0000000000000000000, -1.000000000000000000, 0.0000000000000000000 ) ) ;
#2861 = PLANE ( 'NONE',  #5128 ) ;
#2862 =( NAMED_UNIT ( * ) PLANE_ANGLE_UNIT ( ) SI_UNIT ( $, .RADIAN. ) );
#2863 = CIRCLE ( 'NONE', #4092, 0.1000000000001364400 ) ;
#2864 = ORIENTED_EDGE ( 'NONE', *, *, #4583, .F. ) ;
#2865 = AXIS2_PLACEMENT_3D ( 'NONE', #882, #1905, #1840 ) ;
#2866 = ORIENTED_EDGE ( 'NONE', *, *, #4019, .T. ) ;
#2867 = EDGE_CURVE ( 'NONE', #459, #995, #5551, .T. ) ;
#2868 = CARTESIAN_POINT ( 'NONE',  ( -1.616339720411197100, 0.09999999999999982500, 3.100000000000045800 ) ) ;
#2869 = DIRECTION ( 'NONE',  ( -1.000000000000000000, 0.0000000000000000000, 0.0000000000000000000 ) ) ;
#2870 = CARTESIAN_POINT ( 'NONE',  ( -1.789100780792501700, 0.1999999999999996500, 2.972000000000326400 ) ) ;
#2871 = VECTOR ( 'NONE', #811, 1000.000000000000000 ) ;
#2872 = EDGE_LOOP ( 'NONE', ( #4845, #1496, #6315, #379, #4999, #2226, #2365, #4064 ) ) ;
#2873 = STYLED_ITEM ( 'NONE', ( #3047 ), #6416 ) ;
#2874 = EDGE_CURVE ( 'NONE', #4039, #2110, #3089, .T. ) ;
#2875 = LINE ( 'NONE', #4160, #1515 ) ;
#2876 = SURFACE_STYLE_USAGE ( .BOTH. , #315 ) ;
#2877 = ORIENTED_EDGE ( 'NONE', *, *, #4339, .T. ) ;
#2878 = DIRECTION ( 'NONE',  ( -1.000000000000000000, 0.0000000000000000000, 0.0000000000000000000 ) ) ;
#2879 = DIRECTION ( 'NONE',  ( 0.0000000000000000000, 1.000000000000000000, -0.0000000000000000000 ) ) ;
#2880 = PRESENTATION_STYLE_ASSIGNMENT (( #3415 ) ) ;
#2881 = ORIENTED_EDGE ( 'NONE', *, *, #6447, .F. ) ;
#2882 = DIRECTION ( 'NONE',  ( 0.0000000000000000000, 0.0000000000000000000, -1.000000000000000000 ) ) ;
#2883 = CIRCLE ( 'NONE', #1091, 0.1000000000000228200 ) ;
#2884 = CARTESIAN_POINT ( 'NONE',  ( -1.905995107535966900, 0.2000000000000005100, 2.972000000000336600 ) ) ;
#2885 = DIRECTION ( 'NONE',  ( 0.0000000000000000000, -1.000000000000000000, 0.0000000000000000000 ) ) ;
#2886 = EDGE_CURVE ( 'NONE', #6195, #1012, #4633, .T. ) ;
#2887 = CARTESIAN_POINT ( 'NONE',  ( 0.5836602795886575200, 0.09999999999999982500, 3.100000000000045800 ) ) ;
#2888 = EDGE_LOOP ( 'NONE', ( #4866, #4663, #4740, #6239 ) ) ;
#2889 = FILL_AREA_STYLE_COLOUR ( '', #4500 ) ;
#2890 = EDGE_LOOP ( 'NONE', ( #3566, #1830, #3305, #4548 ) ) ;
#2891 = SURFACE_STYLE_USAGE ( .BOTH. , #5341 ) ;
#2892 = SURFACE_STYLE_FILL_AREA ( #1853 ) ;
#2893 = VERTEX_POINT ( 'NONE', #4406 ) ;
#2894 = FILL_AREA_STYLE_COLOUR ( '', #2557 ) ;
#2895 = VECTOR ( 'NONE', #2607, 1000.000000000000100 ) ;
#2896 = DIRECTION ( 'NONE',  ( 0.0000000000000000000, -1.000000000000000000, 0.0000000000000000000 ) ) ;
#2897 = SURFACE_STYLE_USAGE ( .BOTH. , #3805 ) ;
#2898 = DIRECTION ( 'NONE',  ( -0.0000000000000000000, -1.000000000000000000, 0.0000000000000000000 ) ) ;
#2899 = UNCERTAINTY_MEASURE_WITH_UNIT (LENGTH_MEASURE( 1.000000000000000100E-005 ), #6063, 'distance_accuracy_value', 'NONE');
#2900 = CARTESIAN_POINT ( 'NONE',  ( -0.9663397204111265900, 0.0000000000000000000, 2.000000000000137200 ) ) ;
#2901 = VERTEX_POINT ( 'NONE', #437 ) ;
#2902 = ORIENTED_EDGE ( 'NONE', *, *, #4382, .T. ) ;
#2903 = MECHANICAL_DESIGN_GEOMETRIC_PRESENTATION_REPRESENTATION (  '', ( #5663 ), #2351 ) ;
#2904 = CARTESIAN_POINT ( 'NONE',  ( -1.916339720410946900, 0.09999999999999982500, 2.100000000000042700 ) ) ;
#2905 = FILL_AREA_STYLE_COLOUR ( '', #2643 ) ;
#2906 = VECTOR ( 'NONE', #4676, 1000.000000000000000 ) ;
#2907 = AXIS2_PLACEMENT_3D ( 'NONE', #5717, #6211, #3193 ) ;
#2908 = LINE ( 'NONE', #2170, #3891 ) ;
#2909 = ADVANCED_FACE ( 'NONE', ( #395 ), #2712, .F. ) ;
#2910 = AXIS2_PLACEMENT_3D ( 'NONE', #5330, #817, #2885 ) ;
#2911 = PRESENTATION_STYLE_ASSIGNMENT (( #1305 ) ) ;
#2912 = EDGE_CURVE ( 'NONE', #159, #4330, #1264, .T. ) ;
#2913 = ADVANCED_FACE ( 'NONE', ( #6393 ), #758, .T. ) ;
#2914 = COLOUR_RGB ( '',1.000000000000000000, 1.000000000000000000, 1.000000000000000000 ) ;
#2915 = DIRECTION ( 'NONE',  ( 1.000000000000000000, 0.0000000000000000000, 0.0000000000000000000 ) ) ;
#2916 = VERTEX_POINT ( 'NONE', #958 ) ;
#2917 = FACE_BOUND ( 'NONE', #582, .T. ) ;
#2918 = CARTESIAN_POINT ( 'NONE',  ( 0.7836602795888736300, 0.09999999999999982500, 2.424999999999636600 ) ) ;
#2919 = ORIENTED_EDGE ( 'NONE', *, *, #1517, .T. ) ;
#2920 = CARTESIAN_POINT ( 'NONE',  ( -2.016339720411312300, 0.1999999999999996500, 1.999999999999905000 ) ) ;
#2921 = ORIENTED_EDGE ( 'NONE', *, *, #5485, .T. ) ;
#2922 = CARTESIAN_POINT ( 'NONE',  ( -1.416339720411399000, 0.1999999999999996500, 2.028000000000612000 ) ) ;
#2923 = LINE ( 'NONE', #2296, #1075 ) ;
#2924 = PRESENTATION_STYLE_ASSIGNMENT (( #4591 ) ) ;
#2925 = CIRCLE ( 'NONE', #2421, 0.09999999999990788500 ) ;
#2926 = FACE_OUTER_BOUND ( 'NONE', #5755, .T. ) ;
#2927 = AXIS2_PLACEMENT_3D ( 'NONE', #5768, #2259, #6266 ) ;
#2928 = FILL_AREA_STYLE_COLOUR ( '', #4000 ) ;
#2929 = CARTESIAN_POINT ( 'NONE',  ( -1.616339720410762800, 0.09999999999999982500, 2.100000000000159500 ) ) ;
#2930 = EDGE_LOOP ( 'NONE', ( #24, #6404, #753, #5006 ) ) ;
#2931 = CYLINDRICAL_SURFACE ( 'NONE', #3691, 0.1000000000002500600 ) ;
#2932 = VERTEX_POINT ( 'NONE', #5026 ) ;
#2933 = CARTESIAN_POINT ( 'NONE',  ( -0.04133972041139855100, 0.1999999999999996500, 1.800000000000091300 ) ) ;
#2934 = VERTEX_POINT ( 'NONE', #2059 ) ;
#2935 = EDGE_CURVE ( 'NONE', #406, #3159, #4538, .T. ) ;
#2936 = CARTESIAN_POINT ( 'NONE',  ( 0.5836602795888283800, 0.09999999999999982500, 2.000000000000136800 ) ) ;
#2937 = ORIENTED_EDGE ( 'NONE', *, *, #3326, .T. ) ;
#2938 = DIRECTION ( 'NONE',  ( 0.0000000000000000000, 1.000000000000000000, 0.0000000000000000000 ) ) ;
#2939 = PRESENTATION_LAYER_ASSIGNMENT (  '', '', ( #2591 ) ) ;
#2940 = CIRCLE ( 'NONE', #4625, 0.1000000000000256400 ) ;
#2941 = DIRECTION ( 'NONE',  ( -0.0000000000000000000, 1.000000000000000000, -0.0000000000000000000 ) ) ;
#2942 = CARTESIAN_POINT ( 'NONE',  ( 0.5836602795886011200, 0.1999999999999996500, 1.900000000000000400 ) ) ;
#2943 = ADVANCED_FACE ( 'NONE', ( #3835 ), #2147, .T. ) ;
#2944 = CIRCLE ( 'NONE', #3799, 0.2000000000001505900 ) ;
#2945 = ORIENTED_EDGE ( 'NONE', *, *, #5818, .F. ) ;
#2946 = DIRECTION ( 'NONE',  ( -0.0000000000000000000, -0.0000000000000000000, 1.000000000000000000 ) ) ;
#2947 = ADVANCED_FACE ( 'NONE', ( #3144 ), #4488, .F. ) ;
#2948 = DIRECTION ( 'NONE',  ( -1.000000000000000000, 0.0000000000000000000, 0.0000000000000000000 ) ) ;
#2949 = CARTESIAN_POINT ( 'NONE',  ( -1.916339720410944700, 0.0000000000000000000, 3.000000000000136800 ) ) ;
#2950 = AXIS2_PLACEMENT_3D ( 'NONE', #5012, #5110, #2647 ) ;
#2951 = ORIENTED_EDGE ( 'NONE', *, *, #1361, .F. ) ;
#2952 = EDGE_CURVE ( 'NONE', #4081, #2397, #5160, .T. ) ;
#2953 = CARTESIAN_POINT ( 'NONE',  ( -1.916339720410944700, 0.0000000000000000000, 2.900000000000227700 ) ) ;
#2954 = FACE_OUTER_BOUND ( 'NONE', #3681, .T. ) ;
#2955 = SURFACE_STYLE_FILL_AREA ( #1519 ) ;
#2956 = ORIENTED_EDGE ( 'NONE', *, *, #2417, .T. ) ;
#2957 = DIRECTION ( 'NONE',  ( 0.0000000000000000000, 0.0000000000000000000, 1.000000000000000000 ) ) ;
#2958 = CARTESIAN_POINT ( 'NONE',  ( -1.966339720411126600, 0.1999999999999996500, 3.100000000000045800 ) ) ;
#2959 = EDGE_CURVE ( 'NONE', #1650, #5762, #222, .T. ) ;
#2960 = CARTESIAN_POINT ( 'NONE',  ( -1.583006387077914100, 0.1999999999999996500, 1.900000000000000400 ) ) ;
#2961 = CARTESIAN_POINT ( 'NONE',  ( 0.3579233739251812000, 0.2171683266629933200, 2.026497966045889500 ) ) ;
#2962 = DIRECTION ( 'NONE',  ( -1.000000000000000000, 0.0000000000000000000, 0.0000000000000000000 ) ) ;
#2963 = DIRECTION ( 'NONE',  ( 0.08682659386433073900, -0.9924325091389592000, -0.08682659386425485600 ) ) ;
#2964 = FILL_AREA_STYLE ('',( #1932 ) ) ;
#2965 = ORIENTED_EDGE ( 'NONE', *, *, #4736, .F. ) ;
#2966 = AXIS2_PLACEMENT_3D ( 'NONE', #765, #4652, #1667 ) ;
#2967 = CARTESIAN_POINT ( 'NONE',  ( -1.716339720411126100, 0.09999999999999982500, 3.000000000000136800 ) ) ;
#2968 = VERTEX_POINT ( 'NONE', #2104 ) ;
#2969 = CARTESIAN_POINT ( 'NONE',  ( 0.7836602795884186600, 0.09999999999999982500, 2.325000000000181800 ) ) ;
#2970 = EDGE_CURVE ( 'NONE', #4141, #188, #2298, .T. ) ;
#2971 = LINE ( 'NONE', #2017, #3642 ) ;
#2972 = ADVANCED_FACE ( 'NONE', ( #925 ), #6459, .T. ) ;
#2973 = FACE_OUTER_BOUND ( 'NONE', #2111, .T. ) ;
#2974 = STYLED_ITEM ( 'NONE', ( #5368 ), #2060 ) ;
#2975 = ADVANCED_FACE ( 'NONE', ( #2692 ), #6054, .F. ) ;
#2976 = CARTESIAN_POINT ( 'NONE',  ( -0.04133972041139855100, 0.1999999999999996500, 1.800000000000091300 ) ) ;
#2977 = CARTESIAN_POINT ( 'NONE',  ( -0.3913397204113064400, 0.1999999999999996500, 1.800000000000092900 ) ) ;
#2978 = VECTOR ( 'NONE', #616, 1000.000000000000100 ) ;
#2979 = CARTESIAN_POINT ( 'NONE',  ( -2.116339720411217800, 0.1999999999999996500, 2.675000000000093500 ) ) ;
#2980 = EDGE_LOOP ( 'NONE', ( #5283, #1045, #685, #915 ) ) ;
#2981 =( NAMED_UNIT ( * ) PLANE_ANGLE_UNIT ( ) SI_UNIT ( $, .RADIAN. ) );
#2982 = ORIENTED_EDGE ( 'NONE', *, *, #4487, .T. ) ;
#2983 = AXIS2_PLACEMENT_3D ( 'NONE', #4876, #4852, #2364 ) ;
#2984 = EDGE_CURVE ( 'NONE', #3475, #878, #2845, .T. ) ;
#2985 =( LENGTH_UNIT ( ) NAMED_UNIT ( * ) SI_UNIT ( .MILLI., .METRE. ) );
#2986 = CARTESIAN_POINT ( 'NONE',  ( -1.989841754365593500, 0.2171683266630132800, 2.774263094336702400 ) ) ;
#2987 = DIRECTION ( 'NONE',  ( 0.0000000000000000000, 1.000000000000000000, 0.0000000000000000000 ) ) ;
#2988 = ADVANCED_FACE ( 'NONE', ( #2448 ), #6070, .T. ) ;
#2989 = SURFACE_SIDE_STYLE ('',( #3107 ) ) ;
#2990 = COLOUR_RGB ( '',1.000000000000000000, 1.000000000000000000, 1.000000000000000000 ) ;
#2991 = ORIENTED_EDGE ( 'NONE', *, *, #556, .T. ) ;
#2992 = VECTOR ( 'NONE', #4306, 1000.000000000000000 ) ;
#2993 = DIRECTION ( 'NONE',  ( 0.0000000000000000000, 1.000000000000000000, 0.0000000000000000000 ) ) ;
#2994 = MECHANICAL_DESIGN_GEOMETRIC_PRESENTATION_REPRESENTATION (  '', ( #2655 ), #1538 ) ;
#2995 = DIRECTION ( 'NONE',  ( -0.0000000000000000000, -1.000000000000000000, 0.0000000000000000000 ) ) ;
#2996 =( GEOMETRIC_REPRESENTATION_CONTEXT ( 3 ) GLOBAL_UNCERTAINTY_ASSIGNED_CONTEXT ( ( #3120 ) ) GLOBAL_UNIT_ASSIGNED_CONTEXT ( ( #911, #4861, #1888 ) ) REPRESENTATION_CONTEXT ( 'NONE', 'WORKASPACE' ) );
#2997 = CYLINDRICAL_SURFACE ( 'NONE', #2802, 0.09999999999990767700 ) ;
#2998 = SURFACE_STYLE_FILL_AREA ( #4125 ) ;
#2999 = FACE_OUTER_BOUND ( 'NONE', #257, .T. ) ;
#3000 = EDGE_CURVE ( 'NONE', #60, #886, #137, .T. ) ;
#3001 =( NAMED_UNIT ( * ) SI_UNIT ( $, .STERADIAN. ) SOLID_ANGLE_UNIT ( ) );
#3002 = ORIENTED_EDGE ( 'NONE', *, *, #4972, .T. ) ;
#3003 = DIRECTION ( 'NONE',  ( 0.0000000000000000000, -1.000000000000000000, 0.0000000000000000000 ) ) ;
#3004 = DIRECTION ( 'NONE',  ( -1.000000000000000000, 0.0000000000000000000, 0.0000000000000000000 ) ) ;
#3005 = ORIENTED_EDGE ( 'NONE', *, *, #3242, .T. ) ;
#3006 = ADVANCED_FACE ( 'NONE', ( #1410 ), #3598, .T. ) ;
#3007 = EDGE_CURVE ( 'NONE', #661, #2838, #1252, .T. ) ;
#3008 = ORIENTED_EDGE ( 'NONE', *, *, #6285, .T. ) ;
#3009 = SURFACE_STYLE_USAGE ( .BOTH. , #1585 ) ;
#3010 = EDGE_CURVE ( 'NONE', #3809, #40, #2524, .T. ) ;
#3011 = ADVANCED_FACE ( 'NONE', ( #1574 ), #1149, .F. ) ;
#3012 = CARTESIAN_POINT ( 'NONE',  ( -1.349673053744338000, 0.1999999999999996500, 3.200000000000182300 ) ) ;
#3013 = ORIENTED_EDGE ( 'NONE', *, *, #493, .T. ) ;
#3014 = ORIENTED_EDGE ( 'NONE', *, *, #663, .F. ) ;
#3015 = LINE ( 'NONE', #350, #3920 ) ;
#3016 =( BOUNDED_CURVE ( )  B_SPLINE_CURVE ( 3, ( #2339, #3849, #4362, #6302 ),
 .UNSPECIFIED., .F., .F. ) 
 B_SPLINE_CURVE_WITH_KNOTS ( ( 4, 4 ),
 ( 2.359992588466103000, 3.923192718713485400 ),
 .UNSPECIFIED. ) 
 CURVE ( )  GEOMETRIC_REPRESENTATION_ITEM ( )  RATIONAL_B_SPLINE_CURVE ( ( 1.000000000000000000, 0.8065248903855715100, 0.8065248903855715100, 1.000000000000000000 ) ) 
 REPRESENTATION_ITEM ( '' )  );
#3017 = DIRECTION ( 'NONE',  ( -0.9961946980917382200, -0.08715574274774183500, 0.0000000000000000000 ) ) ;
#3018 = AXIS2_PLACEMENT_3D ( 'NONE', #5469, #8, #419 ) ;
#3019 = ORIENTED_EDGE ( 'NONE', *, *, #4617, .F. ) ;
#3020 = EDGE_CURVE ( 'NONE', #823, #3885, #3836, .T. ) ;
#3021 = ORIENTED_EDGE ( 'NONE', *, *, #1607, .F. ) ;
#3022 = FACE_OUTER_BOUND ( 'NONE', #1261, .T. ) ;
#3023 = CARTESIAN_POINT ( 'NONE',  ( -1.583006387077915600, 0.09999999999999982500, 1.799999999999975200 ) ) ;
#3024 =( LENGTH_UNIT ( ) NAMED_UNIT ( * ) SI_UNIT ( .MILLI., .METRE. ) );
#3025 = FACE_OUTER_BOUND ( 'NONE', #1383, .T. ) ;
#3026 = DIRECTION ( 'NONE',  ( -0.0000000000000000000, -1.000000000000000000, 0.0000000000000000000 ) ) ;
#3027 = EDGE_LOOP ( 'NONE', ( #2446, #5502, #3186, #2945, #2506, #3184, #2169, #1081, #2083, #1055, #4103, #4757, #3273, #4598, #3746, #5399, #3235, #135, #4780, #2410, #621, #5775, #394, #323 ) ) ;
#3028 = MECHANICAL_DESIGN_GEOMETRIC_PRESENTATION_REPRESENTATION (  '', ( #3453 ), #1201 ) ;
#3029 = DIRECTION ( 'NONE',  ( -0.08682659386424720900, -0.9924325091389678600, -0.08682659386424006200 ) ) ;
#3030 = FACE_OUTER_BOUND ( 'NONE', #6391, .T. ) ;
#3031 = LINE ( 'NONE', #164, #6104 ) ;
#3032 = EDGE_LOOP ( 'NONE', ( #4498, #6105, #2105, #1592 ) ) ;
#3033 = CARTESIAN_POINT ( 'NONE',  ( -1.266339720411307800, 0.09999999999999982500, 2.100000000000150600 ) ) ;
#3034 =( NAMED_UNIT ( * ) SI_UNIT ( $, .STERADIAN. ) SOLID_ANGLE_UNIT ( ) );
#3035 = CARTESIAN_POINT ( 'NONE',  ( -1.208006387077913900, 0.1999999999999996500, 3.200000000000182300 ) ) ;
#3036 = EDGE_CURVE ( 'NONE', #4099, #406, #1082, .T. ) ;
#3037 = SURFACE_STYLE_USAGE ( .BOTH. , #4020 ) ;
#3038 = VERTEX_POINT ( 'NONE', #1181 ) ;
#3039 = VECTOR ( 'NONE', #4616, 1000.000000000000000 ) ;
#3040 = ADVANCED_FACE ( 'NONE', ( #5089 ), #1694, .F. ) ;
#3041 = ADVANCED_FACE ( 'NONE', ( #291 ), #4219, .F. ) ;
#3042 = SURFACE_STYLE_USAGE ( .BOTH. , #5405 ) ;
#3043 = CIRCLE ( 'NONE', #4301, 0.09999999999990907800 ) ;
#3044 = ORIENTED_EDGE ( 'NONE', *, *, #1899, .F. ) ;
#3045 = FILL_AREA_STYLE_COLOUR ( '', #1797 ) ;
#3046 = VERTEX_POINT ( 'NONE', #3103 ) ;
#3047 = PRESENTATION_STYLE_ASSIGNMENT (( #2631 ) ) ;
#3048 = UNCERTAINTY_MEASURE_WITH_UNIT (LENGTH_MEASURE( 1.000000000000000100E-005 ), #4431, 'distance_accuracy_value', 'NONE');
#3049 =( LENGTH_UNIT ( ) NAMED_UNIT ( * ) SI_UNIT ( .MILLI., .METRE. ) );
#3050 = ADVANCED_FACE ( 'NONE', ( #2926 ), #6373, .T. ) ;
#3051 = AXIS2_PLACEMENT_3D ( 'NONE', #4508, #2523, #1500 ) ;
#3052 =( NAMED_UNIT ( * ) SI_UNIT ( $, .STERADIAN. ) SOLID_ANGLE_UNIT ( ) );
#3053 = ORIENTED_EDGE ( 'NONE', *, *, #4405, .F. ) ;
#3054 = ORIENTED_EDGE ( 'NONE', *, *, #329, .F. ) ;
#3055 = EDGE_CURVE ( 'NONE', #5379, #2644, #4927, .T. ) ;
#3056 = EDGE_LOOP ( 'NONE', ( #4549, #5072, #1839, #33 ) ) ;
#3057 = AXIS2_PLACEMENT_3D ( 'NONE', #3466, #3968, #4463 ) ;
#3058 = SURFACE_SIDE_STYLE ('',( #5901 ) ) ;
#3059 = DIRECTION ( 'NONE',  ( -0.0000000000000000000, 1.000000000000000000, -0.0000000000000000000 ) ) ;
#3060 = LINE ( 'NONE', #4517, #442 ) ;
#3061 = ORIENTED_EDGE ( 'NONE', *, *, #2299, .F. ) ;
#3062 = CARTESIAN_POINT ( 'NONE',  ( -1.583006387077914700, 0.09999999999999982500, 1.900000000000000400 ) ) ;
#3063 = ORIENTED_EDGE ( 'NONE', *, *, #4806, .T. ) ;
#3064 = VECTOR ( 'NONE', #567, 1000.000000000000000 ) ;
#3065 = SURFACE_STYLE_FILL_AREA ( #4735 ) ;
#3066 = VECTOR ( 'NONE', #2422, 1000.000000000000000 ) ;
#3067 = AXIS2_PLACEMENT_3D ( 'NONE', #5728, #1723, #5261 ) ;
#3068 = FACE_OUTER_BOUND ( 'NONE', #1922, .T. ) ;
#3069 = EDGE_CURVE ( 'NONE', #5965, #3340, #1567, .T. ) ;
#3070 = DIRECTION ( 'NONE',  ( -0.0000000000000000000, -1.000000000000000000, -0.0000000000000000000 ) ) ;
#3071 = VERTEX_POINT ( 'NONE', #1472 ) ;
#3072 = CARTESIAN_POINT ( 'NONE',  ( -1.474673053744338400, 0.1999999999999996500, 1.800000000000091300 ) ) ;
#3073 = DIRECTION ( 'NONE',  ( 1.000000000000000000, 0.0000000000000000000, 0.0000000000000000000 ) ) ;
#3074 = DIRECTION ( 'NONE',  ( -0.0000000000000000000, -1.000000000000000000, 0.0000000000000000000 ) ) ;
#3075 = VECTOR ( 'NONE', #4397, 1000.000000000000100 ) ;
#3076 =( LENGTH_UNIT ( ) NAMED_UNIT ( * ) SI_UNIT ( .MILLI., .METRE. ) );
#3077 = ORIENTED_EDGE ( 'NONE', *, *, #1820, .F. ) ;
#3078 = EDGE_CURVE ( 'NONE', #168, #2501, #3433, .T. ) ;
#3079 = CIRCLE ( 'NONE', #3051, 0.09999999999993824900 ) ;
#3080 = CARTESIAN_POINT ( 'NONE',  ( -2.216339720411125900, 0.1999999999999996500, 2.972000000000294400 ) ) ;
#3081 = FACE_OUTER_BOUND ( 'NONE', #613, .T. ) ;
#3082 = DIRECTION ( 'NONE',  ( -0.0000000000000000000, -0.0000000000000000000, 1.000000000000000000 ) ) ;
#3083 = VERTEX_POINT ( 'NONE', #2072 ) ;
#3084 = ORIENTED_EDGE ( 'NONE', *, *, #3151, .F. ) ;
#3085 = PRESENTATION_LAYER_ASSIGNMENT (  '', '', ( #5599 ) ) ;
#3086 = VERTEX_POINT ( 'NONE', #743 ) ;
#3087 = CARTESIAN_POINT ( 'NONE',  ( -1.266339720411308300, 0.1999999999999996500, 2.100000000000045800 ) ) ;
#3088 = ORIENTED_EDGE ( 'NONE', *, *, #3671, .T. ) ;
#3089 = LINE ( 'NONE', #849, #2091 ) ;
#3090 = EDGE_CURVE ( 'NONE', #5403, #1982, #5383, .T. ) ;
#3091 = UNCERTAINTY_MEASURE_WITH_UNIT (LENGTH_MEASURE( 1.000000000000000100E-005 ), #2575, 'distance_accuracy_value', 'NONE');
#3092 = DIRECTION ( 'NONE',  ( 0.0000000000000000000, 1.000000000000000000, 0.0000000000000000000 ) ) ;
#3093 =( LENGTH_UNIT ( ) NAMED_UNIT ( * ) SI_UNIT ( .MILLI., .METRE. ) );
#3094 = PRESENTATION_STYLE_ASSIGNMENT (( #5915 ) ) ;
#3095 = ORIENTED_EDGE ( 'NONE', *, *, #963, .F. ) ;
#3096 =( NAMED_UNIT ( * ) PLANE_ANGLE_UNIT ( ) SI_UNIT ( $, .RADIAN. ) );
#3097 = CIRCLE ( 'NONE', #656, 0.09999999999990896700 ) ;
#3098 = PRESENTATION_LAYER_ASSIGNMENT (  '', '', ( #2766 ) ) ;
#3099 = DIRECTION ( 'NONE',  ( -1.000000000000000000, 0.0000000000000000000, 0.0000000000000000000 ) ) ;
#3100 = CARTESIAN_POINT ( 'NONE',  ( -0.04133972041139898100, 0.1999999999999996500, 3.100000000000045800 ) ) ;
#3101 = CYLINDRICAL_SURFACE ( 'NONE', #5942, 0.1000000000002411700 ) ;
#3102 = ORIENTED_EDGE ( 'NONE', *, *, #3263, .T. ) ;
#3103 = CARTESIAN_POINT ( 'NONE',  ( -0.2913397204113987700, 0.1999999999999996500, 1.800000000000091300 ) ) ;
#3104 = SURFACE_STYLE_FILL_AREA ( #4745 ) ;
#3105 = SURFACE_SIDE_STYLE ('',( #221 ) ) ;
#3106 = AXIS2_PLACEMENT_3D ( 'NONE', #5079, #4012, #4033 ) ;
#3107 = SURFACE_STYLE_FILL_AREA ( #1983 ) ;
#3108 = DIRECTION ( 'NONE',  ( -0.0000000000000000000, -0.0000000000000000000, 1.000000000000000000 ) ) ;
#3109 = AXIS2_PLACEMENT_3D ( 'NONE', #1661, #170, #2731 ) ;
#3110 = EDGE_LOOP ( 'NONE', ( #5256, #6154, #133, #2024 ) ) ;
#3111 = PRESENTATION_LAYER_ASSIGNMENT (  '', '', ( #5298 ) ) ;
#3112 = DIRECTION ( 'NONE',  ( -0.9230769230771969100, 0.0000000000000000000, -0.3846153846147276600 ) ) ;
#3113 = EDGE_CURVE ( 'NONE', #2542, #823, #5229, .T. ) ;
#3114 =( NAMED_UNIT ( * ) PLANE_ANGLE_UNIT ( ) SI_UNIT ( $, .RADIAN. ) );
#3115 = LINE ( 'NONE', #1826, #3557 ) ;
#3116 = ORIENTED_EDGE ( 'NONE', *, *, #4118, .F. ) ;
#3117 =( NAMED_UNIT ( * ) SI_UNIT ( $, .STERADIAN. ) SOLID_ANGLE_UNIT ( ) );
#3118 = DIRECTION ( 'NONE',  ( 0.0000000000000000000, 1.000000000000000000, -0.0000000000000000000 ) ) ;
#3119 = CARTESIAN_POINT ( 'NONE',  ( 0.5836602795887143600, 0.09999999999999982500, 2.999999999999795700 ) ) ;
#3120 = UNCERTAINTY_MEASURE_WITH_UNIT (LENGTH_MEASURE( 1.000000000000000100E-005 ), #911, 'distance_accuracy_value', 'NONE');
#3121 = EDGE_CURVE ( 'NONE', #3614, #4466, #5996, .T. ) ;
#3122 =( NAMED_UNIT ( * ) SI_UNIT ( $, .STERADIAN. ) SOLID_ANGLE_UNIT ( ) );
#3123 = DIRECTION ( 'NONE',  ( 0.0000000000000000000, -1.000000000000000000, 0.0000000000000000000 ) ) ;
#3124 = DIRECTION ( 'NONE',  ( -0.0000000000000000000, -1.000000000000000000, 0.0000000000000000000 ) ) ;
#3125 = VECTOR ( 'NONE', #3853, 1000.000000000000000 ) ;
#3126 = SURFACE_STYLE_USAGE ( .BOTH. , #559 ) ;
#3127 = DIRECTION ( 'NONE',  ( -0.0000000000000000000, 1.000000000000000000, 0.0000000000000000000 ) ) ;
#3128 = CARTESIAN_POINT ( 'NONE',  ( -2.016339720411312700, 0.1999999999999996500, 1.999999999999905000 ) ) ;
#3129 = COLOUR_RGB ( '',1.000000000000000000, 1.000000000000000000, 1.000000000000000000 ) ;
#3130 = VERTEX_POINT ( 'NONE', #3736 ) ;
#3131 = DIRECTION ( 'NONE',  ( -0.0000000000000000000, 1.000000000000000000, 0.0000000000000000000 ) ) ;
#3132 = SURFACE_STYLE_FILL_AREA ( #2262 ) ;
#3133 = AXIS2_PLACEMENT_3D ( 'NONE', #1180, #1266, #224 ) ;
#3134 = CARTESIAN_POINT ( 'NONE',  ( -1.988339720411280000, 0.1999999999999996500, 3.200000000000402100 ) ) ;
#3135 = VERTEX_POINT ( 'NONE', #1772 ) ;
#3136 = DIRECTION ( 'NONE',  ( -0.0000000000000000000, -0.0000000000000000000, 1.000000000000000000 ) ) ;
#3137 = LINE ( 'NONE', #2559, #4537 ) ;
#3138 = LINE ( 'NONE', #4332, #604 ) ;
#3139 = ORIENTED_EDGE ( 'NONE', *, *, #2743, .F. ) ;
#3140 = ORIENTED_EDGE ( 'NONE', *, *, #6407, .F. ) ;
#3141 = EDGE_LOOP ( 'NONE', ( #630, #2366, #3408, #5877 ) ) ;
#3142 = SURFACE_STYLE_USAGE ( .BOTH. , #4495 ) ;
#3143 = FACE_OUTER_BOUND ( 'NONE', #3656, .T. ) ;
#3144 = FACE_OUTER_BOUND ( 'NONE', #4989, .T. ) ;
#3145 = EDGE_CURVE ( 'NONE', #6355, #4236, #2442, .T. ) ;
#3146 =( NAMED_UNIT ( * ) PLANE_ANGLE_UNIT ( ) SI_UNIT ( $, .RADIAN. ) );
#3147 = CARTESIAN_POINT ( 'NONE',  ( 0.4836602795891482000, 0.09999999999999982500, 2.100000000000044500 ) ) ;
#3148 = CARTESIAN_POINT ( 'NONE',  ( -1.208006387077914500, 0.09999999999999982500, 3.200000000000182300 ) ) ;
#3149 = SURFACE_STYLE_USAGE ( .BOTH. , #1046 ) ;
#3150 = CARTESIAN_POINT ( 'NONE',  ( -1.716339720411126100, 0.09999999999999982500, 2.000000000000137200 ) ) ;
#3151 = EDGE_CURVE ( 'NONE', #5240, #5201, #3755, .T. ) ;
#3152 = DIRECTION ( 'NONE',  ( 0.0000000000000000000, 0.0000000000000000000, 1.000000000000000000 ) ) ;
#3153 = VECTOR ( 'NONE', #2528, 1000.000000000000200 ) ;
#3154 = SURFACE_STYLE_USAGE ( .BOTH. , #679 ) ;
#3155 = COLOUR_RGB ( '',1.000000000000000000, 1.000000000000000000, 1.000000000000000000 ) ;
#3156 = PRESENTATION_LAYER_ASSIGNMENT (  '', '', ( #2492 ) ) ;
#3157 = CARTESIAN_POINT ( 'NONE',  ( 0.3564213399704775400, 0.2000000000000087500, 2.972000000000135400 ) ) ;
#3158 = CARTESIAN_POINT ( 'NONE',  ( 0.6836602795889648000, 0.1999999999999996500, 2.675000000000091300 ) ) ;
#3159 = VERTEX_POINT ( 'NONE', #2782 ) ;
#3160 = ORIENTED_EDGE ( 'NONE', *, *, #4184, .F. ) ;
#3161 =( GEOMETRIC_REPRESENTATION_CONTEXT ( 3 ) GLOBAL_UNCERTAINTY_ASSIGNED_CONTEXT ( ( #3660 ) ) GLOBAL_UNIT_ASSIGNED_CONTEXT ( ( #2484, #5048, #4464 ) ) REPRESENTATION_CONTEXT ( 'NONE', 'WORKASPACE' ) );
#3162 = FACE_OUTER_BOUND ( 'NONE', #5361, .T. ) ;
#3163 = ORIENTED_EDGE ( 'NONE', *, *, #729, .T. ) ;
#3164 = EDGE_CURVE ( 'NONE', #450, #2667, #364, .T. ) ;
#3165 =( NAMED_UNIT ( * ) SI_UNIT ( $, .STERADIAN. ) SOLID_ANGLE_UNIT ( ) );
#3166 = DIRECTION ( 'NONE',  ( -0.0000000000000000000, -1.000000000000000000, 0.0000000000000000000 ) ) ;
#3167 = CARTESIAN_POINT ( 'NONE',  ( -0.04133972041139855100, 0.09999999999999982500, 1.800000000000091300 ) ) ;
#3168 = DIRECTION ( 'NONE',  ( -0.0000000000000000000, -1.000000000000000000, 0.0000000000000000000 ) ) ;
#3169 = FACE_BOUND ( 'NONE', #6280, .T. ) ;
#3170 = ORIENTED_EDGE ( 'NONE', *, *, #3776, .T. ) ;
#3171 = STYLED_ITEM ( 'NONE', ( #4554 ), #2913 ) ;
#3172 = FACE_OUTER_BOUND ( 'NONE', #2572, .T. ) ;
#3173 = DIRECTION ( 'NONE',  ( 0.0000000000000000000, 1.000000000000000000, 0.0000000000000000000 ) ) ;
#3174 = DIRECTION ( 'NONE',  ( -0.0000000000000000000, -1.000000000000000000, 0.0000000000000000000 ) ) ;
#3175 = DIRECTION ( 'NONE',  ( 1.000000000000000000, 0.0000000000000000000, 0.0000000000000000000 ) ) ;
#3176 = CARTESIAN_POINT ( 'NONE',  ( -1.933991479863629100, 0.5200000000000004600, 2.000003627672315900 ) ) ;
#3177 = ORIENTED_EDGE ( 'NONE', *, *, #346, .F. ) ;
#3178 = DIRECTION ( 'NONE',  ( -1.000000000000000000, 0.0000000000000000000, 0.0000000000000000000 ) ) ;
#3179 = DIRECTION ( 'NONE',  ( -0.0000000000000000000, -1.000000000000000000, 0.0000000000000000000 ) ) ;
#3180 = SURFACE_SIDE_STYLE ('',( #6278 ) ) ;
#3181 = PRESENTATION_LAYER_ASSIGNMENT (  '', '', ( #2113 ) ) ;
#3182 = EDGE_CURVE ( 'NONE', #886, #4671, #1729, .T. ) ;
#3183 = COLOUR_RGB ( '',1.000000000000000000, 1.000000000000000000, 1.000000000000000000 ) ;
#3184 = ORIENTED_EDGE ( 'NONE', *, *, #556, .F. ) ;
#3185 = FILL_AREA_STYLE_COLOUR ( '', #6066 ) ;
#3186 = ORIENTED_EDGE ( 'NONE', *, *, #6356, .F. ) ;
#3187 = CARTESIAN_POINT ( 'NONE',  ( -2.216339720411130400, 0.1999999999999996500, 2.675000000000095700 ) ) ;
#3188 = DIRECTION ( 'NONE',  ( -1.000000000000000000, 0.0000000000000000000, 0.0000000000000000000 ) ) ;
#3189 = ORIENTED_EDGE ( 'NONE', *, *, #687, .T. ) ;
#3190 = CARTESIAN_POINT ( 'NONE',  ( 0.5836602795886006700, 0.1999999999999996500, 1.900000000000000400 ) ) ;
#3191 = EDGE_CURVE ( 'NONE', #1579, #1864, #5156, .T. ) ;
#3192 = LINE ( 'NONE', #6261, #348 ) ;
#3193 = DIRECTION ( 'NONE',  ( -1.000000000000000000, 0.0000000000000000000, 0.0000000000000000000 ) ) ;
#3194 = ORIENTED_EDGE ( 'NONE', *, *, #5178, .T. ) ;
#3195 = UNCERTAINTY_MEASURE_WITH_UNIT (LENGTH_MEASURE( 1.000000000000000100E-005 ), #1010, 'distance_accuracy_value', 'NONE');
#3196 = CARTESIAN_POINT ( 'NONE',  ( -2.216339720411125900, 0.1999999999999996500, 1.900000000000000100 ) ) ;
#3197 = LINE ( 'NONE', #3198, #4594 ) ;
#3198 = CARTESIAN_POINT ( 'NONE',  ( -1.474673053744338000, 0.1999999999999996500, 1.800000000000091300 ) ) ;
#3199 = ORIENTED_EDGE ( 'NONE', *, *, #2057, .F. ) ;
#3200 = EDGE_CURVE ( 'NONE', #4081, #3475, #3208, .T. ) ;
#3201 = FACE_OUTER_BOUND ( 'NONE', #4953, .T. ) ;
#3202 = DIRECTION ( 'NONE',  ( -1.000000000000000000, 0.0000000000000000000, 0.0000000000000000000 ) ) ;
#3203 = SURFACE_STYLE_USAGE ( .BOTH. , #2723 ) ;
#3204 = SURFACE_STYLE_FILL_AREA ( #1373 ) ;
#3205 = FILL_AREA_STYLE_COLOUR ( '', #523 ) ;
#3206 = PRESENTATION_LAYER_ASSIGNMENT (  '', '', ( #4540 ) ) ;
#3207 = LINE ( 'NONE', #3190, #5986 ) ;
#3208 = CIRCLE ( 'NONE', #1054, 0.09999999999990918900 ) ;
#3209 = SURFACE_STYLE_FILL_AREA ( #1518 ) ;
#3210 = ORIENTED_EDGE ( 'NONE', *, *, #4058, .T. ) ;
#3211 = ORIENTED_EDGE ( 'NONE', *, *, #1623, .F. ) ;
#3212 =( LENGTH_UNIT ( ) NAMED_UNIT ( * ) SI_UNIT ( .MILLI., .METRE. ) );
#3213 = CARTESIAN_POINT ( 'NONE',  ( -1.266339720411307800, 0.09999999999999982500, 2.980000000000326400 ) ) ;
#3214 = VECTOR ( 'NONE', #6402, 1000.000000000000000 ) ;
#3215 = PRESENTATION_STYLE_ASSIGNMENT (( #2274 ) ) ;
#3216 = PRESENTATION_LAYER_ASSIGNMENT (  '', '', ( #3793 ) ) ;
#3217 = PLANE ( 'NONE',  #3567 ) ;
#3218 = ORIENTED_EDGE ( 'NONE', *, *, #1980, .F. ) ;
#3219 = EDGE_LOOP ( 'NONE', ( #1003, #776, #2316, #2131 ) ) ;
#3220 = CARTESIAN_POINT ( 'NONE',  ( 0.5836602795887148000, 0.09999999999999982500, 1.900000000000000400 ) ) ;
#3221 = FACE_OUTER_BOUND ( 'NONE', #1851, .T. ) ;
#3222 = MECHANICAL_DESIGN_GEOMETRIC_PRESENTATION_REPRESENTATION (  '', ( #1630 ), #1206 ) ;
#3223 = ORIENTED_EDGE ( 'NONE', *, *, #2846, .T. ) ;
#3224 = AXIS2_PLACEMENT_3D ( 'NONE', #5661, #4121, #3657 ) ;
#3225 = VERTEX_POINT ( 'NONE', #4639 ) ;
#3226 = EDGE_CURVE ( 'NONE', #2838, #3130, #3575, .T. ) ;
#3227 = CARTESIAN_POINT ( 'NONE',  ( 0.5556602795888085900, 0.2000000000000005100, 2.972000000000116800 ) ) ;
#3228 = CARTESIAN_POINT ( 'NONE',  ( -1.966339720411183000, 0.09999999999999982500, 3.100000000000045800 ) ) ;
#3229 = CARTESIAN_POINT ( 'NONE',  ( 0.5836566519171041400, 0.5200000000000004600, 2.917651759453486100 ) ) ;
#3230 = CIRCLE ( 'NONE', #761, 0.2000000000001505900 ) ;
#3231 = ORIENTED_EDGE ( 'NONE', *, *, #2827, .T. ) ;
#3232 = DIRECTION ( 'NONE',  ( -1.000000000000000000, 0.0000000000000000000, 0.0000000000000000000 ) ) ;
#3233 = CARTESIAN_POINT ( 'NONE',  ( -2.216339720411125900, 0.1999999999999996500, 3.100000000000273200 ) ) ;
#3234 = FACE_OUTER_BOUND ( 'NONE', #3110, .T. ) ;
#3235 = ORIENTED_EDGE ( 'NONE', *, *, #831, .F. ) ;
#3236 =( NAMED_UNIT ( * ) PLANE_ANGLE_UNIT ( ) SI_UNIT ( $, .RADIAN. ) );
#3237 = PRESENTATION_LAYER_ASSIGNMENT (  '', '', ( #1784 ) ) ;
#3238 = CARTESIAN_POINT ( 'NONE',  ( 0.5556602795888085900, 0.1999999999999996500, 3.200000000000182300 ) ) ;
#3239 = ORIENTED_EDGE ( 'NONE', *, *, #4915, .T. ) ;
#3240 = CARTESIAN_POINT ( 'NONE',  ( -0.04133972041139898100, 0.1999999999999996500, 3.100000000000045800 ) ) ;
#3241 = AXIS2_PLACEMENT_3D ( 'NONE', #2682, #3112, #2102 ) ;
#3242 = EDGE_CURVE ( 'NONE', #785, #6044, #53, .T. ) ;
#3243 = DIRECTION ( 'NONE',  ( 0.0000000000000000000, 0.0000000000000000000, 1.000000000000000000 ) ) ;
#3244 = CYLINDRICAL_SURFACE ( 'NONE', #1060, 0.09999999999990918900 ) ;
#3245 = ORIENTED_EDGE ( 'NONE', *, *, #3200, .T. ) ;
#3246 = COLOUR_RGB ( '',1.000000000000000000, 1.000000000000000000, 1.000000000000000000 ) ;
#3247 = AXIS2_PLACEMENT_3D ( 'NONE', #2570, #4510, #6448 ) ;
#3248 = VECTOR ( 'NONE', #1956, 1000.000000000000000 ) ;
#3249 = FILL_AREA_STYLE_COLOUR ( '', #2604 ) ;
#3250 = DIRECTION ( 'NONE',  ( 0.0000000000000000000, 0.0000000000000000000, 1.000000000000000000 ) ) ;
#3251 = DIRECTION ( 'NONE',  ( 0.0000000000000000000, 1.000000000000000000, -0.0000000000000000000 ) ) ;
#3252 = DIRECTION ( 'NONE',  ( 1.000000000000000000, 0.0000000000000000000, 0.0000000000000000000 ) ) ;
#3253 = SURFACE_SIDE_STYLE ('',( #1648 ) ) ;
#3254 =( NAMED_UNIT ( * ) SI_UNIT ( $, .STERADIAN. ) SOLID_ANGLE_UNIT ( ) );
#3255 = AXIS2_PLACEMENT_3D ( 'NONE', #12, #2070, #2023 ) ;
#3256 = PRESENTATION_LAYER_ASSIGNMENT (  '', '', ( #5371 ) ) ;
#3257 = EDGE_CURVE ( 'NONE', #4516, #620, #6149, .T. ) ;
#3258 = SURFACE_STYLE_FILL_AREA ( #1786 ) ;
#3259 = VERTEX_POINT ( 'NONE', #924 ) ;
#3260 = CARTESIAN_POINT ( 'NONE',  ( -1.208006387077914500, 0.09999999999999982500, 3.200000000000182300 ) ) ;
#3261 = CARTESIAN_POINT ( 'NONE',  ( -1.716339720411126100, 0.1999999999999996500, 3.200000000000182300 ) ) ;
#3262 = VECTOR ( 'NONE', #2597, 1000.000000000000000 ) ;
#3263 = EDGE_CURVE ( 'NONE', #1683, #1012, #2283, .T. ) ;
#3264 = ORIENTED_EDGE ( 'NONE', *, *, #1833, .T. ) ;
#3265 = MANIFOLD_SOLID_BREP ( 'Body-Move/Copy1[1]', #2348 ) ;
#3266 = DIRECTION ( 'NONE',  ( 0.0000000000000000000, 0.0000000000000000000, -1.000000000000000000 ) ) ;
#3267 = DIRECTION ( 'NONE',  ( -0.0000000000000000000, -1.000000000000000000, 0.0000000000000000000 ) ) ;
#3268 = VECTOR ( 'NONE', #5390, 1000.000000000000000 ) ;
#3269 = AXIS2_PLACEMENT_3D ( 'NONE', #1262, #307, #4321 ) ;
#3270 = CARTESIAN_POINT ( 'NONE',  ( 0.5571623135435305200, 0.2171683266629937400, 2.225736905664238700 ) ) ;
#3271 = VECTOR ( 'NONE', #5876, 1000.000000000000200 ) ;
#3272 = DIRECTION ( 'NONE',  ( 0.0000000000000000000, 1.000000000000000000, -0.0000000000000000000 ) ) ;
#3273 = ORIENTED_EDGE ( 'NONE', *, *, #2952, .T. ) ;
#3274 = FACE_OUTER_BOUND ( 'NONE', #1652, .T. ) ;
#3275 = EDGE_CURVE ( 'NONE', #4204, #1987, #130, .T. ) ;
#3276 = DIRECTION ( 'NONE',  ( 0.0000000000000000000, 0.0000000000000000000, -1.000000000000000000 ) ) ;
#3277 = COLOUR_RGB ( '',0.9098039215686274400, 0.4431372549019607600, 0.03137254901960784300 ) ;
#3278 = CARTESIAN_POINT ( 'NONE',  ( -0.04133972041139941800, 0.09999999999999982500, 1.900000000000000400 ) ) ;
#3279 = CIRCLE ( 'NONE', #345, 0.09999999999993868000 ) ;
#3280 = DIRECTION ( 'NONE',  ( -0.0000000000000000000, -1.000000000000000000, 0.0000000000000000000 ) ) ;
#3281 = MECHANICAL_DESIGN_GEOMETRIC_PRESENTATION_REPRESENTATION (  '', ( #2766 ), #5974 ) ;
#3282 = EDGE_LOOP ( 'NONE', ( #1616, #5187, #2314, #942, #4369, #780, #3935, #6370 ) ) ;
#3283 = FILL_AREA_STYLE_COLOUR ( '', #2914 ) ;
#3284 = ORIENTED_EDGE ( 'NONE', *, *, #5139, .T. ) ;
#3285 =( LENGTH_UNIT ( ) NAMED_UNIT ( * ) SI_UNIT ( .MILLI., .METRE. ) );
#3286 = CARTESIAN_POINT ( 'NONE',  ( -0.3913397204113083800, 0.1999999999999996500, 1.900000000000000400 ) ) ;
#3287 = EDGE_LOOP ( 'NONE', ( #3264, #1232, #2494, #5580 ) ) ;
#3288 = DIRECTION ( 'NONE',  ( 0.0000000000000000000, 1.000000000000000000, 0.0000000000000000000 ) ) ;
#3289 = ORIENTED_EDGE ( 'NONE', *, *, #5178, .F. ) ;
#3290 =( GEOMETRIC_REPRESENTATION_CONTEXT ( 3 ) GLOBAL_UNCERTAINTY_ASSIGNED_CONTEXT ( ( #4452 ) ) GLOBAL_UNIT_ASSIGNED_CONTEXT ( ( #6286, #6307, #3828 ) ) REPRESENTATION_CONTEXT ( 'NONE', 'WORKASPACE' ) );
#3291 = SURFACE_STYLE_FILL_AREA ( #5611 ) ;
#3292 = VECTOR ( 'NONE', #5949, 1000.000000000000000 ) ;
#3293 = EDGE_CURVE ( 'NONE', #5865, #2755, #912, .T. ) ;
#3294 = DIRECTION ( 'NONE',  ( 0.08715574274765836000, 0.9961946980917455500, 0.0000000000000000000 ) ) ;
#3295 = ORIENTED_EDGE ( 'NONE', *, *, #4647, .F. ) ;
#3296 = CARTESIAN_POINT ( 'NONE',  ( -1.408647412718915900, 0.1999999999999996500, 1.981538461538858900 ) ) ;
#3297 = ORIENTED_EDGE ( 'NONE', *, *, #2705, .T. ) ;
#3298 = LINE ( 'NONE', #2037, #5174 ) ;
#3299 = MECHANICAL_DESIGN_GEOMETRIC_PRESENTATION_REPRESENTATION (  '', ( #5666 ), #6076 ) ;
#3300 = FACE_OUTER_BOUND ( 'NONE', #1725, .T. ) ;
#3301 = ORIENTED_EDGE ( 'NONE', *, *, #4175, .F. ) ;
#3302 = EDGE_CURVE ( 'NONE', #2667, #1714, #6452, .T. ) ;
#3303 = DIRECTION ( 'NONE',  ( -1.000000000000000000, 0.0000000000000000000, 0.0000000000000000000 ) ) ;
#3304 = UNCERTAINTY_MEASURE_WITH_UNIT (LENGTH_MEASURE( 1.000000000000000100E-005 ), #2040, 'distance_accuracy_value', 'NONE');
#3305 = ORIENTED_EDGE ( 'NONE', *, *, #2530, .F. ) ;
#3306 = CARTESIAN_POINT ( 'NONE',  ( -1.099673053744418800, 0.09999999999999982500, 3.100000000000159500 ) ) ;
#3307 = DIRECTION ( 'NONE',  ( -1.000000000000000000, 0.0000000000000000000, -0.0000000000000000000 ) ) ;
#3308 = ADVANCED_FACE ( 'NONE', ( #3745 ), #829, .F. ) ;
#3309 = FACE_OUTER_BOUND ( 'NONE', #5786, .T. ) ;
#3310 = ORIENTED_EDGE ( 'NONE', *, *, #5713, .F. ) ;
#3311 = FACE_OUTER_BOUND ( 'NONE', #93, .T. ) ;
#3312 = SURFACE_STYLE_USAGE ( .BOTH. , #6255 ) ;
#3313 = EDGE_CURVE ( 'NONE', #4039, #1693, #3355, .T. ) ;
#3314 = VECTOR ( 'NONE', #1680, 1000.000000000000000 ) ;
#3315 = ORIENTED_EDGE ( 'NONE', *, *, #493, .F. ) ;
#3316 = EDGE_CURVE ( 'NONE', #4657, #5408, #1068, .T. ) ;
#3317 = CIRCLE ( 'NONE', #989, 0.09999999999991351900 ) ;
#3318 = CARTESIAN_POINT ( 'NONE',  ( -1.208006387077914100, 0.1999999999999996500, 3.200000000000182300 ) ) ;
#3319 = CARTESIAN_POINT ( 'NONE',  ( -0.04133972041094448300, 0.09999999999999982500, 3.000000000000364200 ) ) ;
#3320 = ORIENTED_EDGE ( 'NONE', *, *, #1265, .F. ) ;
#3321 = AXIS2_PLACEMENT_3D ( 'NONE', #3023, #6455, #1995 ) ;
#3322 = COLOUR_RGB ( '',1.000000000000000000, 1.000000000000000000, 1.000000000000000000 ) ;
#3323 = CARTESIAN_POINT ( 'NONE',  ( -1.790602814747245900, 0.2345994752125614100, 2.774263094336702400 ) ) ;
#3324 = LINE ( 'NONE', #5748, #2727 ) ;
#3325 = DIRECTION ( 'NONE',  ( -1.000000000000000000, 0.0000000000000000000, 0.0000000000000000000 ) ) ;
#3326 = EDGE_CURVE ( 'NONE', #2562, #4153, #2330, .T. ) ;
#3327 = DIRECTION ( 'NONE',  ( 1.000000000000000000, 0.0000000000000000000, 0.0000000000000000000 ) ) ;
#3328 = CARTESIAN_POINT ( 'NONE',  ( 0.3564213399704593300, 0.2000000000000005100, 2.028000000000611500 ) ) ;
#3329 = VECTOR ( 'NONE', #3705, 1000.000000000000000 ) ;
#3330 = ORIENTED_EDGE ( 'NONE', *, *, #1370, .F. ) ;
#3331 =( LENGTH_UNIT ( ) NAMED_UNIT ( * ) SI_UNIT ( .MILLI., .METRE. ) );
#3332 = VERTEX_POINT ( 'NONE', #2332 ) ;
#3333 = PRESENTATION_STYLE_ASSIGNMENT (( #695 ) ) ;
#3334 = MECHANICAL_DESIGN_GEOMETRIC_PRESENTATION_REPRESENTATION (  '', ( #3793 ), #4448 ) ;
#3335 = CARTESIAN_POINT ( 'NONE',  ( -1.916339720410944700, 0.09999999999999982500, 2.900000000000227700 ) ) ;
#3336 = DIRECTION ( 'NONE',  ( -0.0000000000000000000, 1.000000000000000000, -0.0000000000000000000 ) ) ;
#3337 = ORIENTED_EDGE ( 'NONE', *, *, #1133, .T. ) ;
#3338 = DIRECTION ( 'NONE',  ( -0.0000000000000000000, -1.000000000000000000, 0.0000000000000000000 ) ) ;
#3339 = STYLED_ITEM ( 'NONE', ( #3094 ), #5530 ) ;
#3340 = VERTEX_POINT ( 'NONE', #3858 ) ;
#3341 = ADVANCED_FACE ( 'NONE', ( #1485 ), #2861, .F. ) ;
#3342 = CARTESIAN_POINT ( 'NONE',  ( -1.916339720410827700, 0.0000000000000000000, 2.900000000000111400 ) ) ;
#3343 = VERTEX_POINT ( 'NONE', #1848 ) ;
#3344 = EDGE_CURVE ( 'NONE', #4516, #4250, #3898, .T. ) ;
#3345 = CARTESIAN_POINT ( 'NONE',  ( 0.7836602795888739600, 0.5200000000000000200, 3.200000000000182300 ) ) ;
#3346 = CARTESIAN_POINT ( 'NONE',  ( -2.216339720411126400, 0.09999999999999982500, 2.425000000000091300 ) ) ;
#3347 = LINE ( 'NONE', #293, #3738 ) ;
#3348 = DIRECTION ( 'NONE',  ( 0.0000000000000000000, 0.0000000000000000000, -1.000000000000000000 ) ) ;
#3349 = ORIENTED_EDGE ( 'NONE', *, *, #134, .T. ) ;
#3350 = CARTESIAN_POINT ( 'NONE',  ( -1.099673053744338700, 0.1999999999999996500, 3.100000000000273200 ) ) ;
#3351 = UNCERTAINTY_MEASURE_WITH_UNIT (LENGTH_MEASURE( 1.000000000000000100E-005 ), #182, 'distance_accuracy_value', 'NONE');
#3352 = VERTEX_POINT ( 'NONE', #6274 ) ;
#3353 = EDGE_LOOP ( 'NONE', ( #2660, #1175, #548, #3013 ) ) ;
#3354 = SURFACE_STYLE_USAGE ( .BOTH. , #6336 ) ;
#3355 = LINE ( 'NONE', #2353, #2362 ) ;
#3356 = PRESENTATION_STYLE_ASSIGNMENT (( #3539 ) ) ;
#3357 = ORIENTED_EDGE ( 'NONE', *, *, #1525, .T. ) ;
#3358 = ORIENTED_EDGE ( 'NONE', *, *, #2756, .F. ) ;
#3359 = DIRECTION ( 'NONE',  ( -0.3846153846188773400, 0.0000000000000000000, 0.9230769230754677400 ) ) ;
#3360 = VERTEX_POINT ( 'NONE', #2311 ) ;
#3361 =( GEOMETRIC_REPRESENTATION_CONTEXT ( 3 ) GLOBAL_UNCERTAINTY_ASSIGNED_CONTEXT ( ( #4826 ) ) GLOBAL_UNIT_ASSIGNED_CONTEXT ( ( #3093, #5082, #4078 ) ) REPRESENTATION_CONTEXT ( 'NONE', 'WORKASPACE' ) );
#3362 = FILL_AREA_STYLE ('',( #4467 ) ) ;
#3363 = DIRECTION ( 'NONE',  ( 0.0000000000000000000, 1.000000000000000000, 0.0000000000000000000 ) ) ;
#3364 = VECTOR ( 'NONE', #4054, 1000.000000000000000 ) ;
#3365 = COLOUR_RGB ( '',1.000000000000000000, 1.000000000000000000, 1.000000000000000000 ) ;
#3366 = EDGE_CURVE ( 'NONE', #4712, #2158, #3504, .T. ) ;
#3367 = DIRECTION ( 'NONE',  ( -0.9961946980917382200, -0.08715574274774183500, 0.0000000000000000000 ) ) ;
#3368 = ORIENTED_EDGE ( 'NONE', *, *, #4096, .T. ) ;
#3369 = FACE_OUTER_BOUND ( 'NONE', #6317, .T. ) ;
#3370 = PLANE ( 'NONE',  #2983 ) ;
#3371 = DIRECTION ( 'NONE',  ( -1.000000000000000000, 0.0000000000000000000, 0.0000000000000000000 ) ) ;
#3372 = VECTOR ( 'NONE', #5968, 1000.000000000000000 ) ;
#3373 = MECHANICAL_DESIGN_GEOMETRIC_PRESENTATION_REPRESENTATION (  '', ( #4872 ), #1575 ) ;
#3374 = DIRECTION ( 'NONE',  ( 1.000000000000000000, -0.0000000000000000000, 0.0000000000000000000 ) ) ;
#3375 = ORIENTED_EDGE ( 'NONE', *, *, #115, .T. ) ;
#3376 = ADVANCED_FACE ( 'NONE', ( #2435, #207, #2062 ), #1359, .T. ) ;
#3377 = FACE_BOUND ( 'NONE', #1139, .T. ) ;
#3378 = CARTESIAN_POINT ( 'NONE',  ( -1.817097153120262700, 0.5200000000000000200, 2.000003627672315900 ) ) ;
#3379 = ORIENTED_EDGE ( 'NONE', *, *, #5185, .T. ) ;
#3380 = AXIS2_PLACEMENT_3D ( 'NONE', #2853, #3327, #5849 ) ;
#3381 = VERTEX_POINT ( 'NONE', #4818 ) ;
#3382 = EDGE_CURVE ( 'NONE', #2454, #218, #6437, .T. ) ;
#3383 = PRESENTATION_STYLE_ASSIGNMENT (( #6193 ) ) ;
#3384 = DIRECTION ( 'NONE',  ( 0.0000000000000000000, 1.000000000000000000, -0.0000000000000000000 ) ) ;
#3385 = CIRCLE ( 'NONE', #5252, 0.09999999999991351900 ) ;
#3386 = UNCERTAINTY_MEASURE_WITH_UNIT (LENGTH_MEASURE( 1.000000000000000100E-005 ), #3212, 'distance_accuracy_value', 'NONE');
#3387 = STYLED_ITEM ( 'NONE', ( #1140 ), #6420 ) ;
#3388 = FILL_AREA_STYLE ('',( #2382 ) ) ;
#3389 =( NAMED_UNIT ( * ) SI_UNIT ( $, .STERADIAN. ) SOLID_ANGLE_UNIT ( ) );
#3390 = EDGE_CURVE ( 'NONE', #5323, #3130, #5902, .T. ) ;
#3391 = ORIENTED_EDGE ( 'NONE', *, *, #2820, .T. ) ;
#3392 = DIRECTION ( 'NONE',  ( 0.0000000000000000000, 1.000000000000000000, -0.0000000000000000000 ) ) ;
#3393 = SURFACE_STYLE_FILL_AREA ( #6098 ) ;
#3394 = CARTESIAN_POINT ( 'NONE',  ( -1.191980746052051700, 0.1999999999999996500, 3.161538461538521400 ) ) ;
#3395 = AXIS2_PLACEMENT_3D ( 'NONE', #1639, #3127, #580 ) ;
#3396 =( NAMED_UNIT ( * ) SI_UNIT ( $, .STERADIAN. ) SOLID_ANGLE_UNIT ( ) );
#3397 = CARTESIAN_POINT ( 'NONE',  ( -1.866339720411217500, 0.09999999999999982500, 3.200000000000182300 ) ) ;
#3398 = EDGE_CURVE ( 'NONE', #1571, #3537, #3138, .T. ) ;
#3399 = FACE_OUTER_BOUND ( 'NONE', #4404, .T. ) ;
#3400 = ORIENTED_EDGE ( 'NONE', *, *, #3007, .T. ) ;
#3401 = EDGE_LOOP ( 'NONE', ( #2012, #5516, #2127, #1512 ) ) ;
#3402 = ADVANCED_FACE ( 'NONE', ( #5753 ), #2833, .F. ) ;
#3403 = DIRECTION ( 'NONE',  ( -0.0000000000000000000, -1.000000000000000000, -0.0000000000000000000 ) ) ;
#3404 = STYLED_ITEM ( 'NONE', ( #1555 ), #2411 ) ;
#3405 = ADVANCED_FACE ( 'NONE', ( #2764 ), #2600, .F. ) ;
#3406 = VECTOR ( 'NONE', #2619, 1000.000000000000000 ) ;
#3407 = DIRECTION ( 'NONE',  ( -1.000000000000000000, 0.0000000000000000000, 0.0000000000000000000 ) ) ;
#3408 = ORIENTED_EDGE ( 'NONE', *, *, #329, .T. ) ;
#3409 = CARTESIAN_POINT ( 'NONE',  ( -1.716339720411012500, 0.09999999999999982500, 2.000000000000137200 ) ) ;
#3410 = DIRECTION ( 'NONE',  ( -1.000000000000000000, 0.0000000000000000000, 0.0000000000000000000 ) ) ;
#3411 = VECTOR ( 'NONE', #4235, 1000.000000000000100 ) ;
#3412 = AXIS2_PLACEMENT_3D ( 'NONE', #6465, #3522, #5538 ) ;
#3413 = PLANE ( 'NONE',  #518 ) ;
#3414 = DIRECTION ( 'NONE',  ( 0.0000000000000000000, 1.000000000000000000, 0.0000000000000000000 ) ) ;
#3415 = SURFACE_STYLE_USAGE ( .BOTH. , #4838 ) ;
#3416 = LINE ( 'NONE', #4208, #2906 ) ;
#3417 = VERTEX_POINT ( 'NONE', #935 ) ;
#3418 = AXIS2_PLACEMENT_3D ( 'NONE', #361, #1338, #319 ) ;
#3419 = CARTESIAN_POINT ( 'NONE',  ( -1.616339720411217500, 0.1999999999999996500, 3.100000000000045800 ) ) ;
#3420 = PRESENTATION_LAYER_ASSIGNMENT (  '', '', ( #5666 ) ) ;
#3421 = ORIENTED_EDGE ( 'NONE', *, *, #1961, .T. ) ;
#3422 = EDGE_CURVE ( 'NONE', #1184, #2271, #1979, .T. ) ;
#3423 = VERTEX_POINT ( 'NONE', #2929 ) ;
#3424 = DIRECTION ( 'NONE',  ( -1.000000000000000000, 0.0000000000000000000, 0.0000000000000000000 ) ) ;
#3425 = VECTOR ( 'NONE', #1009, 1000.000000000000000 ) ;
#3426 = VERTEX_POINT ( 'NONE', #4454 ) ;
#3427 = DIRECTION ( 'NONE',  ( 1.000000000000000000, 0.0000000000000000000, 0.0000000000000000000 ) ) ;
#3428 = DIRECTION ( 'NONE',  ( 1.000000000000000000, 0.0000000000000000000, 0.0000000000000000000 ) ) ;
#3429 = VERTEX_POINT ( 'NONE', #1954 ) ;
#3430 = ADVANCED_FACE ( 'NONE', ( #5456 ), #2130, .T. ) ;
#3431 = LINE ( 'NONE', #2137, #4926 ) ;
#3432 = CIRCLE ( 'NONE', #579, 0.09999999999990615000 ) ;
#3433 = LINE ( 'NONE', #4523, #693 ) ;
#3434 = CIRCLE ( 'NONE', #3269, 0.1000000000000228200 ) ;
#3435 = EDGE_CURVE ( 'NONE', #3902, #4039, #1649, .T. ) ;
#3436 = SURFACE_SIDE_STYLE ('',( #1993 ) ) ;
#3437 = ADVANCED_FACE ( 'NONE', ( #1804 ), #4613, .F. ) ;
#3438 = ORIENTED_EDGE ( 'NONE', *, *, #1992, .T. ) ;
#3439 =( LENGTH_UNIT ( ) NAMED_UNIT ( * ) SI_UNIT ( .MILLI., .METRE. ) );
#3440 = ORIENTED_EDGE ( 'NONE', *, *, #4293, .T. ) ;
#3441 = DIRECTION ( 'NONE',  ( -0.0000000000000000000, -1.000000000000000000, 0.0000000000000000000 ) ) ;
#3442 = STYLED_ITEM ( 'NONE', ( #4544 ), #1502 ) ;
#3443 = EDGE_LOOP ( 'NONE', ( #1614, #6204, #5726, #1412, #5879, #1507, #5009, #4739 ) ) ;
#3444 = ORIENTED_EDGE ( 'NONE', *, *, #5997, .T. ) ;
#3445 = VECTOR ( 'NONE', #6056, 1000.000000000000000 ) ;
#3446 = EDGE_CURVE ( 'NONE', #6214, #4586, #3590, .T. ) ;
#3447 = FILL_AREA_STYLE ('',( #945 ) ) ;
#3448 = LINE ( 'NONE', #4800, #6161 ) ;
#3449 = ORIENTED_EDGE ( 'NONE', *, *, #1676, .F. ) ;
#3450 = FILL_AREA_STYLE_COLOUR ( '', #3471 ) ;
#3451 = ORIENTED_EDGE ( 'NONE', *, *, #563, .T. ) ;
#3452 = DIRECTION ( 'NONE',  ( 0.0000000000000000000, 1.000000000000000000, 0.0000000000000000000 ) ) ;
#3453 = STYLED_ITEM ( 'NONE', ( #6225 ), #3050 ) ;
#3454 = FACE_OUTER_BOUND ( 'NONE', #5567, .T. ) ;
#3455 = LINE ( 'NONE', #5409, #239 ) ;
#3456 = ORIENTED_EDGE ( 'NONE', *, *, #3472, .T. ) ;
#3457 = ORIENTED_EDGE ( 'NONE', *, *, #2299, .T. ) ;
#3458 = FILL_AREA_STYLE_COLOUR ( '', #3129 ) ;
#3459 = AXIS2_PLACEMENT_3D ( 'NONE', #4076, #6052, #574 ) ;
#3460 =( NAMED_UNIT ( * ) PLANE_ANGLE_UNIT ( ) SI_UNIT ( $, .RADIAN. ) );
#3461 = AXIS2_PLACEMENT_3D ( 'NONE', #2447, #3491, #1925 ) ;
#3462 = CARTESIAN_POINT ( 'NONE',  ( -1.988339720410475100, 0.2000000000000113600, 2.227238939618863000 ) ) ;
#3463 = CIRCLE ( 'NONE', #5460, 0.09999999999945426200 ) ;
#3464 = EDGE_CURVE ( 'NONE', #4153, #4230, #1247, .T. ) ;
#3465 = UNCERTAINTY_MEASURE_WITH_UNIT (LENGTH_MEASURE( 1.000000000000000100E-005 ), #2985, 'distance_accuracy_value', 'NONE');
#3466 = CARTESIAN_POINT ( 'NONE',  ( 0.5836602795887143600, 0.1999999999999996500, 2.999999999999795700 ) ) ;
#3467 = ADVANCED_FACE ( 'NONE', ( #285 ), #2432, .F. ) ;
#3468 = CYLINDRICAL_SURFACE ( 'NONE', #5284, 0.1000000000001364400 ) ;
#3469 = ORIENTED_EDGE ( 'NONE', *, *, #3778, .T. ) ;
#3470 = PLANE ( 'NONE',  #4409 ) ;
#3471 = COLOUR_RGB ( '',0.9098039215686274400, 0.4431372549019607600, 0.03137254901960784300 ) ;
#3472 = EDGE_CURVE ( 'NONE', #2004, #212, #2292, .T. ) ;
#3473 = DIRECTION ( 'NONE',  ( -0.0000000000000000000, -0.0000000000000000000, 1.000000000000000000 ) ) ;
#3474 = PLANE ( 'NONE',  #5579 ) ;
#3475 = VERTEX_POINT ( 'NONE', #2007 ) ;
#3476 = AXIS2_PLACEMENT_3D ( 'NONE', #1124, #1102, #4569 ) ;
#3477 = VECTOR ( 'NONE', #1838, 1000.000000000000000 ) ;
#3478 = PLANE ( 'NONE',  #6199 ) ;
#3479 = VECTOR ( 'NONE', #3682, 1000.000000000000000 ) ;
#3480 = CARTESIAN_POINT ( 'NONE',  ( -1.316339720410931100, 0.09999999999999982500, 2.020000000000912600 ) ) ;
#3481 = ORIENTED_EDGE ( 'NONE', *, *, #4487, .F. ) ;
#3482 = AXIS2_PLACEMENT_3D ( 'NONE', #5820, #2459, #4426 ) ;
#3483 = FILL_AREA_STYLE ('',( #4485 ) ) ;
#3484 = CARTESIAN_POINT ( 'NONE',  ( -1.716339720411126100, 0.1999999999999996500, 3.200000000000182300 ) ) ;
#3485 = EDGE_CURVE ( 'NONE', #1263, #1917, #3279, .T. ) ;
#3486 = DIRECTION ( 'NONE',  ( -0.0000000000000000000, -1.000000000000000000, 0.0000000000000000000 ) ) ;
#3487 = CIRCLE ( 'NONE', #6240, 0.1000000000003639100 ) ;
#3488 = FILL_AREA_STYLE ('',( #2889 ) ) ;
#3489 = AXIS2_PLACEMENT_3D ( 'NONE', #4102, #3551, #1101 ) ;
#3490 = ORIENTED_EDGE ( 'NONE', *, *, #614, .T. ) ;
#3491 = DIRECTION ( 'NONE',  ( 0.0000000000000000000, 1.000000000000000000, -0.0000000000000000000 ) ) ;
#3492 = CARTESIAN_POINT ( 'NONE',  ( -0.2913397204113992200, 0.1999999999999996500, 1.800000000000091300 ) ) ;
#3493 = ADVANCED_FACE ( 'NONE', ( #1078 ), #2053, .F. ) ;
#3494 = VERTEX_POINT ( 'NONE', #2394 ) ;
#3495 = AXIS2_PLACEMENT_3D ( 'NONE', #5431, #3452, #3427 ) ;
#3496 = UNCERTAINTY_MEASURE_WITH_UNIT (LENGTH_MEASURE( 1.000000000000000100E-005 ), #3811, 'distance_accuracy_value', 'NONE');
#3497 = ORIENTED_EDGE ( 'NONE', *, *, #5517, .F. ) ;
#3498 = EDGE_CURVE ( 'NONE', #959, #212, #209, .T. ) ;
#3499 = ADVANCED_FACE ( 'NONE', ( #3827 ), #6365, .F. ) ;
#3500 = CIRCLE ( 'NONE', #5945, 0.09999999999990767700 ) ;
#3501 = VERTEX_POINT ( 'NONE', #37 ) ;
#3502 = MECHANICAL_DESIGN_GEOMETRIC_PRESENTATION_REPRESENTATION (  '', ( #3387 ), #1115 ) ;
#3503 = PRESENTATION_STYLE_ASSIGNMENT (( #165 ) ) ;
#3504 = LINE ( 'NONE', #816, #1392 ) ;
#3505 = EDGE_CURVE ( 'NONE', #4586, #159, #6060, .T. ) ;
#3506 = DIRECTION ( 'NONE',  ( 0.0000000000000000000, 0.0000000000000000000, -1.000000000000000000 ) ) ;
#3507 = LINE ( 'NONE', #2707, #4139 ) ;
#3508 = EDGE_LOOP ( 'NONE', ( #1417, #5491, #113, #6265 ) ) ;
#3509 = DIRECTION ( 'NONE',  ( -1.000000000000000000, 0.0000000000000000000, 0.0000000000000000000 ) ) ;
#3510 = ORIENTED_EDGE ( 'NONE', *, *, #134, .F. ) ;
#3511 = ORIENTED_EDGE ( 'NONE', *, *, #953, .T. ) ;
#3512 = SURFACE_SIDE_STYLE ('',( #13 ) ) ;
#3513 = FACE_OUTER_BOUND ( 'NONE', #4494, .T. ) ;
#3514 = DIRECTION ( 'NONE',  ( -1.000000000000000000, 0.0000000000000000000, 0.0000000000000000000 ) ) ;
#3515 = CIRCLE ( 'NONE', #1123, 0.1000000000002500600 ) ;
#3516 = CARTESIAN_POINT ( 'NONE',  ( 0.5013120390421668100, 0.5200000000000001300, 2.000003627672315900 ) ) ;
#3517 = ORIENTED_EDGE ( 'NONE', *, *, #614, .F. ) ;
#3518 = ORIENTED_EDGE ( 'NONE', *, *, #3344, .F. ) ;
#3519 = VECTOR ( 'NONE', #5674, 1000.000000000000000 ) ;
#3520 = EDGE_CURVE ( 'NONE', #2210, #1746, #1486, .T. ) ;
#3521 = CARTESIAN_POINT ( 'NONE',  ( -1.066339720411035000, 0.0000000000000000000, 3.200000000000182300 ) ) ;
#3522 = DIRECTION ( 'NONE',  ( 1.137328078938328500E-012, 0.0000000000000000000, 1.000000000000000000 ) ) ;
#3523 = CARTESIAN_POINT ( 'NONE',  ( -0.04133972041094448300, 0.1999999999999996500, 1.900000000000000400 ) ) ;
#3524 = VERTEX_POINT ( 'NONE', #21 ) ;
#3525 = DIRECTION ( 'NONE',  ( 0.0000000000000000000, -1.000000000000000000, 0.0000000000000000000 ) ) ;
#3526 = ORIENTED_EDGE ( 'NONE', *, *, #460, .T. ) ;
#3527 = CIRCLE ( 'NONE', #6045, 0.09999999999990767700 ) ;
#3528 = SURFACE_STYLE_USAGE ( .BOTH. , #4539 ) ;
#3529 = STYLED_ITEM ( 'NONE', ( #1391 ), #2473 ) ;
#3530 = DIRECTION ( 'NONE',  ( 0.0000000000000000000, 0.0000000000000000000, -1.000000000000000000 ) ) ;
#3531 = ORIENTED_EDGE ( 'NONE', *, *, #963, .T. ) ;
#3532 = DIRECTION ( 'NONE',  ( -1.000000000000000000, 0.0000000000000000000, 0.0000000000000000000 ) ) ;
#3533 = PLANE ( 'NONE',  #4741 ) ;
#3534 =( NAMED_UNIT ( * ) PLANE_ANGLE_UNIT ( ) SI_UNIT ( $, .RADIAN. ) );
#3535 = ORIENTED_EDGE ( 'NONE', *, *, #4145, .F. ) ;
#3536 = STYLED_ITEM ( 'NONE', ( #5823 ), #3265 ) ;
#3537 = VERTEX_POINT ( 'NONE', #975 ) ;
#3538 = UNCERTAINTY_MEASURE_WITH_UNIT (LENGTH_MEASURE( 1.000000000000000100E-005 ), #377, 'distance_accuracy_value', 'NONE');
#3539 = SURFACE_STYLE_USAGE ( .BOTH. , #4576 ) ;
#3540 = MECHANICAL_DESIGN_GEOMETRIC_PRESENTATION_REPRESENTATION (  '', ( #5859 ), #5990 ) ;
#3541 = ADVANCED_FACE ( 'NONE', ( #4766, #2917, #5374, #3579 ), #2079, .F. ) ;
#3542 = CARTESIAN_POINT ( 'NONE',  ( -0.3913397204108536900, 0.09999999999999982500, 3.199999999999954900 ) ) ;
#3543 = AXIS2_PLACEMENT_3D ( 'NONE', #5271, #5227, #4290 ) ;
#3544 =( LENGTH_UNIT ( ) NAMED_UNIT ( * ) SI_UNIT ( .MILLI., .METRE. ) );
#3545 = EDGE_CURVE ( 'NONE', #6151, #1311, #3664, .T. ) ;
#3546 =( LENGTH_UNIT ( ) NAMED_UNIT ( * ) SI_UNIT ( .MILLI., .METRE. ) );
#3547 = VERTEX_POINT ( 'NONE', #3033 ) ;
#3548 = VECTOR ( 'NONE', #4773, 1000.000000000000000 ) ;
#3549 =( NAMED_UNIT ( * ) PLANE_ANGLE_UNIT ( ) SI_UNIT ( $, .RADIAN. ) );
#3550 = CARTESIAN_POINT ( 'NONE',  ( -1.916339720410944700, 0.0000000000000000000, 2.900000000000227700 ) ) ;
#3551 = DIRECTION ( 'NONE',  ( -0.0000000000000000000, -1.000000000000000000, 0.0000000000000000000 ) ) ;
#3552 = FACE_OUTER_BOUND ( 'NONE', #6097, .T. ) ;
#3553 = CARTESIAN_POINT ( 'NONE',  ( 0.7836602795888736300, 0.1999999999999996500, 2.424999999999636600 ) ) ;
#3554 = PRESENTATION_STYLE_ASSIGNMENT (( #3009 ) ) ;
#3555 = DIRECTION ( 'NONE',  ( 0.0000000000000000000, 1.000000000000000000, -0.0000000000000000000 ) ) ;
#3556 = AXIS2_PLACEMENT_3D ( 'NONE', #827, #4874, #805 ) ;
#3557 = VECTOR ( 'NONE', #798, 1000.000000000000000 ) ;
#3558 = ORIENTED_EDGE ( 'NONE', *, *, #4361, .F. ) ;
#3559 =( LENGTH_UNIT ( ) NAMED_UNIT ( * ) SI_UNIT ( .MILLI., .METRE. ) );
#3560 = AXIS2_PLACEMENT_3D ( 'NONE', #83, #4622, #2121 ) ;
#3561 = SURFACE_STYLE_FILL_AREA ( #764 ) ;
#3562 = ORIENTED_EDGE ( 'NONE', *, *, #3987, .F. ) ;
#3563 = EDGE_CURVE ( 'NONE', #5357, #4742, #3985, .T. ) ;
#3564 = FILL_AREA_STYLE ('',( #5546 ) ) ;
#3565 = CARTESIAN_POINT ( 'NONE',  ( -1.099673053744500300, 0.09999999999999982500, 3.200000000000195100 ) ) ;
#3566 = ORIENTED_EDGE ( 'NONE', *, *, #5388, .T. ) ;
#3567 = AXIS2_PLACEMENT_3D ( 'NONE', #760, #6257, #4291 ) ;
#3568 = DIRECTION ( 'NONE',  ( 0.08715574274765836000, -0.9961946980917455500, 0.0000000000000000000 ) ) ;
#3569 = DIRECTION ( 'NONE',  ( -1.000000000000000000, 0.0000000000000000000, 0.0000000000000000000 ) ) ;
#3570 = PRESENTATION_STYLE_ASSIGNMENT (( #3528 ) ) ;
#3571 = COLOUR_RGB ( '',1.000000000000000000, 1.000000000000000000, 1.000000000000000000 ) ;
#3572 = UNCERTAINTY_MEASURE_WITH_UNIT (LENGTH_MEASURE( 1.000000000000000100E-005 ), #458, 'distance_accuracy_value', 'NONE');
#3573 = LINE ( 'NONE', #3767, #2280 ) ;
#3574 = CYLINDRICAL_SURFACE ( 'NONE', #3489, 0.09999999999945426200 ) ;
#3575 = CIRCLE ( 'NONE', #5984, 0.1000000000000256400 ) ;
#3576 = MECHANICAL_DESIGN_GEOMETRIC_PRESENTATION_REPRESENTATION (  '', ( #5371 ), #3925 ) ;
#3577 = ORIENTED_EDGE ( 'NONE', *, *, #768, .T. ) ;
#3578 = DIRECTION ( 'NONE',  ( 0.0000000000000000000, -1.000000000000000000, -0.0000000000000000000 ) ) ;
#3579 = FACE_OUTER_BOUND ( 'NONE', #4969, .T. ) ;
#3580 = EDGE_CURVE ( 'NONE', #688, #726, #1337, .T. ) ;
#3581 = DIRECTION ( 'NONE',  ( -0.0000000000000000000, -0.0000000000000000000, 1.000000000000000000 ) ) ;
#3582 = DIRECTION ( 'NONE',  ( 0.0000000000000000000, 0.0000000000000000000, -1.000000000000000000 ) ) ;
#3583 = ORIENTED_EDGE ( 'NONE', *, *, #3852, .F. ) ;
#3584 = ORIENTED_EDGE ( 'NONE', *, *, #5278, .F. ) ;
#3585 = DIRECTION ( 'NONE',  ( 0.0000000000000000000, 0.0000000000000000000, 1.000000000000000000 ) ) ;
#3586 = VECTOR ( 'NONE', #265, 1000.000000000000000 ) ;
#3587 = FACE_OUTER_BOUND ( 'NONE', #2294, .T. ) ;
#3588 = VECTOR ( 'NONE', #2239, 1000.000000000000000 ) ;
#3589 = VECTOR ( 'NONE', #852, 1000.000000000000000 ) ;
#3590 = LINE ( 'NONE', #3394, #5449 ) ;
#3591 = MECHANICAL_DESIGN_GEOMETRIC_PRESENTATION_REPRESENTATION (  '', ( #2873 ), #2202 ) ;
#3592 = ORIENTED_EDGE ( 'NONE', *, *, #4107, .T. ) ;
#3593 =( NAMED_UNIT ( * ) SI_UNIT ( $, .STERADIAN. ) SOLID_ANGLE_UNIT ( ) );
#3594 = ORIENTED_EDGE ( 'NONE', *, *, #3864, .T. ) ;
#3595 = EDGE_CURVE ( 'NONE', #132, #5420, #2363, .T. ) ;
#3596 = LINE ( 'NONE', #5168, #2297 ) ;
#3597 = CARTESIAN_POINT ( 'NONE',  ( -0.9663397204111265900, 0.0000000000000000000, 2.100000000000045800 ) ) ;
#3598 = CYLINDRICAL_SURFACE ( 'NONE', #2022, 0.1000000000003636900 ) ;
#3599 = CARTESIAN_POINT ( 'NONE',  ( -2.216339720411125900, 0.09999999999999982500, 2.575000000000182300 ) ) ;
#3600 =( NAMED_UNIT ( * ) PLANE_ANGLE_UNIT ( ) SI_UNIT ( $, .RADIAN. ) );
#3601 = ORIENTED_EDGE ( 'NONE', *, *, #6277, .F. ) ;
#3602 = ORIENTED_EDGE ( 'NONE', *, *, #914, .T. ) ;
#3603 = DIRECTION ( 'NONE',  ( 0.0000000000000000000, -0.08715574274765836000, -0.9961946980917455500 ) ) ;
#3604 = LINE ( 'NONE', #2517, #3292 ) ;
#3605 = DIRECTION ( 'NONE',  ( -0.0000000000000000000, 1.000000000000000000, -0.0000000000000000000 ) ) ;
#3606 = VECTOR ( 'NONE', #2418, 1000.000000000000000 ) ;
#3607 = EDGE_CURVE ( 'NONE', #5307, #2934, #4367, .T. ) ;
#3608 = SURFACE_SIDE_STYLE ('',( #6123 ) ) ;
#3609 = DIRECTION ( 'NONE',  ( -0.08682659386424784700, -0.9924325091389678600, -0.08682659386424009000 ) ) ;
#3610 = CARTESIAN_POINT ( 'NONE',  ( -2.016339720411308700, 0.0000000000000000000, 2.100000000000045800 ) ) ;
#3611 = PLANE ( 'NONE',  #1790 ) ;
#3612 = ORIENTED_EDGE ( 'NONE', *, *, #3823, .F. ) ;
#3613 = DIRECTION ( 'NONE',  ( 1.000000000000000000, 0.0000000000000000000, 0.0000000000000000000 ) ) ;
#3614 = VERTEX_POINT ( 'NONE', #1136 ) ;
#3615 = PLANE ( 'NONE',  #3395 ) ;
#3616 = CARTESIAN_POINT ( 'NONE',  ( -1.616339720410535400, 0.0000000000000000000, 2.900000000000227700 ) ) ;
#3617 = FILL_AREA_STYLE ('',( #4958 ) ) ;
#3618 = LINE ( 'NONE', #3791, #5484 ) ;
#3619 = ORIENTED_EDGE ( 'NONE', *, *, #260, .F. ) ;
#3620 = MECHANICAL_DESIGN_GEOMETRIC_PRESENTATION_REPRESENTATION (  '', ( #5134 ), #4334 ) ;
#3621 = DIRECTION ( 'NONE',  ( 0.0000000000000000000, 1.000000000000000000, 0.0000000000000000000 ) ) ;
#3622 = VECTOR ( 'NONE', #5407, 1000.000000000000000 ) ;
#3623 = CARTESIAN_POINT ( 'NONE',  ( 0.5556602795888085900, 0.1999999999999996500, 3.200000000000182300 ) ) ;
#3624 = PRESENTATION_LAYER_ASSIGNMENT (  '', '', ( #6396 ) ) ;
#3625 = EDGE_LOOP ( 'NONE', ( #3457, #6220, #980, #873, #3689, #3116, #5508, #5101, #1997, #1891, #3820, #1423, #4532, #5987, #6368, #193, #3955, #3315, #6113, #2881, #4383, #5535, #6297 ) ) ;
#3626 = EDGE_CURVE ( 'NONE', #5450, #4981, #4841, .T. ) ;
#3627 = FACE_OUTER_BOUND ( 'NONE', #4174, .T. ) ;
#3628 =( LENGTH_UNIT ( ) NAMED_UNIT ( * ) SI_UNIT ( .MILLI., .METRE. ) );
#3629 = PLANE ( 'NONE',  #898 ) ;
#3630 = CARTESIAN_POINT ( 'NONE',  ( 0.3564213399704684300, 0.1999999999999996500, 2.972000000000134500 ) ) ;
#3631 = ORIENTED_EDGE ( 'NONE', *, *, #2196, .T. ) ;
#3632 = PRESENTATION_LAYER_ASSIGNMENT (  '', '', ( #4094 ) ) ;
#3633 = CARTESIAN_POINT ( 'NONE',  ( -1.966339720411183400, 0.09999999999999982500, 3.100000000000045800 ) ) ;
#3634 = EDGE_CURVE ( 'NONE', #763, #3259, #3507, .T. ) ;
#3635 = SURFACE_STYLE_FILL_AREA ( #6174 ) ;
#3636 =( LENGTH_UNIT ( ) NAMED_UNIT ( * ) SI_UNIT ( .MILLI., .METRE. ) );
#3637 = FILL_AREA_STYLE_COLOUR ( '', #6168 ) ;
#3638 = VERTEX_POINT ( 'NONE', #5116 ) ;
#3639 = DIRECTION ( 'NONE',  ( 0.0000000000000000000, -1.000000000000000000, 0.0000000000000000000 ) ) ;
#3640 = DIRECTION ( 'NONE',  ( -1.000000000000000000, 0.0000000000000000000, -0.0000000000000000000 ) ) ;
#3641 = CARTESIAN_POINT ( 'NONE',  ( -1.066339720411096000, 0.09999999999999982500, 1.900000000000000100 ) ) ;
#3642 = VECTOR ( 'NONE', #1345, 1000.000000000000000 ) ;
#3643 = EDGE_CURVE ( 'NONE', #2934, #2419, #6150, .T. ) ;
#3644 = FILL_AREA_STYLE_COLOUR ( '', #1957 ) ;
#3645 = VECTOR ( 'NONE', #3070, 1000.000000000000000 ) ;
#3646 = EDGE_CURVE ( 'NONE', #3838, #6214, #2214, .T. ) ;
#3647 = CIRCLE ( 'NONE', #1322, 0.1000000000001364400 ) ;
#3648 = ORIENTED_EDGE ( 'NONE', *, *, #1715, .F. ) ;
#3649 = DIRECTION ( 'NONE',  ( 0.0000000000000000000, 1.000000000000000000, 0.0000000000000000000 ) ) ;
#3650 =( LENGTH_UNIT ( ) NAMED_UNIT ( * ) SI_UNIT ( .MILLI., .METRE. ) );
#3651 = MECHANICAL_DESIGN_GEOMETRIC_PRESENTATION_REPRESENTATION (  '', ( #3529 ), #5729 ) ;
#3652 = SURFACE_SIDE_STYLE ('',( #1674 ) ) ;
#3653 = DIRECTION ( 'NONE',  ( -0.0000000000000000000, 1.000000000000000000, -0.0000000000000000000 ) ) ;
#3654 = EDGE_CURVE ( 'NONE', #4892, #2550, #367, .T. ) ;
#3655 = SURFACE_SIDE_STYLE ('',( #5547 ) ) ;
#3656 = EDGE_LOOP ( 'NONE', ( #5650, #4631, #4162, #2850 ) ) ;
#3657 = DIRECTION ( 'NONE',  ( -1.000000000000000000, 0.0000000000000000000, -6.505213034919216300E-014 ) ) ;
#3658 = EDGE_LOOP ( 'NONE', ( #4214, #529, #2594, #1523, #3718, #515 ) ) ;
#3659 = AXIS2_PLACEMENT_3D ( 'NONE', #5727, #4193, #5279 ) ;
#3660 = UNCERTAINTY_MEASURE_WITH_UNIT (LENGTH_MEASURE( 1.000000000000000100E-005 ), #2484, 'distance_accuracy_value', 'NONE');
#3661 = FACE_OUTER_BOUND ( 'NONE', #31, .T. ) ;
#3662 =( LENGTH_UNIT ( ) NAMED_UNIT ( * ) SI_UNIT ( .MILLI., .METRE. ) );
#3663 = DIRECTION ( 'NONE',  ( -0.9961946980917455500, 0.08715574274765847100, 0.0000000000000000000 ) ) ;
#3664 = CIRCLE ( 'NONE', #2431, 0.1000000000000251900 ) ;
#3665 = VERTEX_POINT ( 'NONE', #5626 ) ;
#3666 = VERTEX_POINT ( 'NONE', #1186 ) ;
#3667 = STYLED_ITEM ( 'NONE', ( #4097 ), #5107 ) ;
#3668 = VERTEX_POINT ( 'NONE', #4660 ) ;
#3669 =( NAMED_UNIT ( * ) PLANE_ANGLE_UNIT ( ) SI_UNIT ( $, .RADIAN. ) );
#3670 = MECHANICAL_DESIGN_GEOMETRIC_PRESENTATION_REPRESENTATION (  '', ( #4597 ), #978 ) ;
#3671 = EDGE_CURVE ( 'NONE', #360, #4561, #4690, .T. ) ;
#3672 = PLANE ( 'NONE',  #747 ) ;
#3673 =( NAMED_UNIT ( * ) PLANE_ANGLE_UNIT ( ) SI_UNIT ( $, .RADIAN. ) );
#3674 = CARTESIAN_POINT ( 'NONE',  ( -2.216339720411125900, 0.1999999999999996500, 3.100000000000045800 ) ) ;
#3675 = CARTESIAN_POINT ( 'NONE',  ( -1.366339720411549500, 0.1999999999999996500, 2.980000000000497800 ) ) ;
#3676 = VERTEX_POINT ( 'NONE', #80 ) ;
#3677 = DIRECTION ( 'NONE',  ( -0.3846153846188730100, 0.0000000000000000000, 0.9230769230754695100 ) ) ;
#3678 = EDGE_LOOP ( 'NONE', ( #3619, #339, #742, #1527 ) ) ;
#3679 = LINE ( 'NONE', #340, #1178 ) ;
#3680 = CARTESIAN_POINT ( 'NONE',  ( -1.616339720410762300, 0.09999999999999982500, 2.900000000000227700 ) ) ;
#3681 = EDGE_LOOP ( 'NONE', ( #4898, #5520, #3194, #5039 ) ) ;
#3682 = DIRECTION ( 'NONE',  ( -0.0000000000000000000, -1.000000000000000000, -0.0000000000000000000 ) ) ;
#3683 = EDGE_LOOP ( 'NONE', ( #474, #4636, #715, #1551 ) ) ;
#3684 = COLOUR_RGB ( '',1.000000000000000000, 1.000000000000000000, 1.000000000000000000 ) ;
#3685 = STYLED_ITEM ( 'NONE', ( #2092 ), #864 ) ;
#3686 = FACE_OUTER_BOUND ( 'NONE', #5321, .T. ) ;
#3687 = DIRECTION ( 'NONE',  ( -1.000000000000000000, -0.0000000000000000000, -0.0000000000000000000 ) ) ;
#3688 = ORIENTED_EDGE ( 'NONE', *, *, #800, .F. ) ;
#3689 = ORIENTED_EDGE ( 'NONE', *, *, #3055, .F. ) ;
#3690 = DIRECTION ( 'NONE',  ( -0.0000000000000000000, -1.000000000000000000, 0.0000000000000000000 ) ) ;
#3691 = AXIS2_PLACEMENT_3D ( 'NONE', #6155, #1214, #3303 ) ;
#3692 = DIRECTION ( 'NONE',  ( 1.000000000000000000, 0.0000000000000000000, 0.0000000000000000000 ) ) ;
#3693 = CIRCLE ( 'NONE', #4013, 0.1000000000000228200 ) ;
#3694 = ORIENTED_EDGE ( 'NONE', *, *, #4256, .T. ) ;
#3695 = CARTESIAN_POINT ( 'NONE',  ( 0.7836602795888736300, 0.1999999999999996500, 3.199999999999500100 ) ) ;
#3696 = EDGE_CURVE ( 'NONE', #2916, #688, #2685, .T. ) ;
#3697 =( LENGTH_UNIT ( ) NAMED_UNIT ( * ) SI_UNIT ( .MILLI., .METRE. ) );
#3698 = UNCERTAINTY_MEASURE_WITH_UNIT (LENGTH_MEASURE( 1.000000000000000100E-005 ), #3285, 'distance_accuracy_value', 'NONE');
#3699 = LINE ( 'NONE', #5586, #249 ) ;
#3700 = ORIENTED_EDGE ( 'NONE', *, *, #1109, .F. ) ;
#3701 = AXIS2_PLACEMENT_3D ( 'NONE', #2663, #578, #4584 ) ;
#3702 = DIRECTION ( 'NONE',  ( 8.904050106582565600E-014, -0.08715574274765837400, 0.9961946980917455500 ) ) ;
#3703 = DIRECTION ( 'NONE',  ( -0.0000000000000000000, -1.000000000000000000, 0.0000000000000000000 ) ) ;
#3704 = CARTESIAN_POINT ( 'NONE',  ( -2.016339720411308300, 0.1999999999999996500, 3.100000000000045800 ) ) ;
#3705 = DIRECTION ( 'NONE',  ( 0.0000000000000000000, 1.000000000000000000, -0.0000000000000000000 ) ) ;
#3706 = CARTESIAN_POINT ( 'NONE',  ( -2.016336092738611800, 0.5200000000000004600, 2.199242567290569500 ) ) ;
#3707 = EDGE_LOOP ( 'NONE', ( #1976, #6010, #2991, #6171 ) ) ;
#3708 = VECTOR ( 'NONE', #1393, 1000.000000000000100 ) ;
#3709 = CARTESIAN_POINT ( 'NONE',  ( -1.716339720411126400, 0.09999999999999982500, 3.200000000000182300 ) ) ;
#3710 = AXIS2_PLACEMENT_3D ( 'NONE', #6007, #11, #511 ) ;
#3711 = EDGE_CURVE ( 'NONE', #4621, #3038, #5302, .T. ) ;
#3712 = ORIENTED_EDGE ( 'NONE', *, *, #6068, .T. ) ;
#3713 = DIRECTION ( 'NONE',  ( 1.000000000000000000, -0.0000000000000000000, 0.0000000000000000000 ) ) ;
#3714 = FACE_BOUND ( 'NONE', #4580, .T. ) ;
#3715 =( NAMED_UNIT ( * ) PLANE_ANGLE_UNIT ( ) SI_UNIT ( $, .RADIAN. ) );
#3716 = STYLED_ITEM ( 'NONE', ( #5350 ), #6466 ) ;
#3717 = CARTESIAN_POINT ( 'NONE',  ( -1.866339720411217100, 0.09999999999999982500, 3.200000000000182300 ) ) ;
#3718 = ORIENTED_EDGE ( 'NONE', *, *, #3464, .F. ) ;
#3719 = DIRECTION ( 'NONE',  ( -1.000000000000000000, 0.0000000000000000000, 0.0000000000000000000 ) ) ;
#3720 = VERTEX_POINT ( 'NONE', #624 ) ;
#3721 = EDGE_CURVE ( 'NONE', #1224, #6164, #6294, .T. ) ;
#3722 = DIRECTION ( 'NONE',  ( 0.0000000000000000000, 1.000000000000000000, 0.0000000000000000000 ) ) ;
#3723 = SURFACE_STYLE_USAGE ( .BOTH. , #1235 ) ;
#3724 = CYLINDRICAL_SURFACE ( 'NONE', #2359, 0.09999999999990767700 ) ;
#3725 = CARTESIAN_POINT ( 'NONE',  ( -1.716339720410671800, 0.09999999999999982500, 2.900000000000000400 ) ) ;
#3726 = ORIENTED_EDGE ( 'NONE', *, *, #1119, .F. ) ;
#3727 = CARTESIAN_POINT ( 'NONE',  ( -1.616339720411216900, 0.1999999999999996500, 3.100000000000045800 ) ) ;
#3728 = CARTESIAN_POINT ( 'NONE',  ( 0.4836602795891464200, 0.0000000000000000000, 2.100000000000045800 ) ) ;
#3729 = STYLED_ITEM ( 'NONE', ( #1327 ), #1476 ) ;
#3730 = CYLINDRICAL_SURFACE ( 'NONE', #5903, 0.1000000000001364400 ) ;
#3731 = DIRECTION ( 'NONE',  ( -1.000000000000000000, 0.0000000000000000000, 0.0000000000000000000 ) ) ;
#3732 = ORIENTED_EDGE ( 'NONE', *, *, #443, .F. ) ;
#3733 = ADVANCED_FACE ( 'NONE', ( #3747 ), #1085, .F. ) ;
#3734 = VERTEX_POINT ( 'NONE', #3630 ) ;
#3735 = EDGE_CURVE ( 'NONE', #5548, #2576, #2837, .T. ) ;
#3736 = CARTESIAN_POINT ( 'NONE',  ( -1.716339720411126100, 0.09999999999999982500, 3.200000000000182300 ) ) ;
#3737 = LINE ( 'NONE', #153, #6212 ) ;
#3738 = VECTOR ( 'NONE', #2345, 1000.000000000000000 ) ;
#3739 = APPLICATION_PROTOCOL_DEFINITION ( 'draft international standard', 'automotive_design', 1998, #4158 ) ;
#3740 = CARTESIAN_POINT ( 'NONE',  ( -1.616339720410762300, 0.09999999999999982500, 2.900000000000116700 ) ) ;
#3741 =( GEOMETRIC_REPRESENTATION_CONTEXT ( 3 ) GLOBAL_UNCERTAINTY_ASSIGNED_CONTEXT ( ( #3748 ) ) GLOBAL_UNIT_ASSIGNED_CONTEXT ( ( #1464, #966, #5008 ) ) REPRESENTATION_CONTEXT ( 'NONE', 'WORKASPACE' ) );
#3742 = DIRECTION ( 'NONE',  ( -0.0000000000000000000, -0.0000000000000000000, 1.000000000000000000 ) ) ;
#3743 = VECTOR ( 'NONE', #4225, 1000.000000000000000 ) ;
#3744 = DIRECTION ( 'NONE',  ( -0.0000000000000000000, -1.000000000000000000, 0.0000000000000000000 ) ) ;
#3745 = FACE_OUTER_BOUND ( 'NONE', #4577, .T. ) ;
#3746 = ORIENTED_EDGE ( 'NONE', *, *, #3069, .F. ) ;
#3747 = FACE_OUTER_BOUND ( 'NONE', #417, .T. ) ;
#3748 = UNCERTAINTY_MEASURE_WITH_UNIT (LENGTH_MEASURE( 1.000000000000000100E-005 ), #1464, 'distance_accuracy_value', 'NONE');
#3749 = ORIENTED_EDGE ( 'NONE', *, *, #4743, .F. ) ;
#3750 = ORIENTED_EDGE ( 'NONE', *, *, #2088, .T. ) ;
#3751 = PLANE ( 'NONE',  #2567 ) ;
#3752 = CARTESIAN_POINT ( 'NONE',  ( -1.266339720411308000, 0.1999999999999996500, 2.972000000000243300 ) ) ;
#3753 = SURFACE_STYLE_USAGE ( .BOTH. , #3775 ) ;
#3754 = LINE ( 'NONE', #2900, #1736 ) ;
#3755 = LINE ( 'NONE', #5647, #1737 ) ;
#3757 = LINE ( 'NONE', #3319, #3589 ) ;
#3756 = AXIS2_PLACEMENT_3D ( 'NONE', #2739, #2789, #6182 ) ;
#3758 = ORIENTED_EDGE ( 'NONE', *, *, #914, .F. ) ;
#3759 = CIRCLE ( 'NONE', #3906, 0.1000000000000228200 ) ;
#3760 = AXIS2_PLACEMENT_3D ( 'NONE', #702, #1783, #1735 ) ;
#3761 = VERTEX_POINT ( 'NONE', #5649 ) ;
#3762 =( LENGTH_UNIT ( ) NAMED_UNIT ( * ) SI_UNIT ( .MILLI., .METRE. ) );
#3763 = EDGE_CURVE ( 'NONE', #2542, #3332, #5076, .T. ) ;
#3764 = DIRECTION ( 'NONE',  ( -1.000000000000000000, 0.0000000000000000000, 0.0000000000000000000 ) ) ;
#3765 = FILL_AREA_STYLE_COLOUR ( '', #4519 ) ;
#3766 = DIRECTION ( 'NONE',  ( -0.0000000000000000000, 1.000000000000000000, -0.0000000000000000000 ) ) ;
#3767 = CARTESIAN_POINT ( 'NONE',  ( -2.216339720411125900, 0.1999999999999996500, 1.900000000000000400 ) ) ;
#3768 = FACE_OUTER_BOUND ( 'NONE', #5991, .T. ) ;
#3769 = ORIENTED_EDGE ( 'NONE', *, *, #5437, .T. ) ;
#3770 = ADVANCED_FACE ( 'NONE', ( #3068 ), #1720, .T. ) ;
#3771 = ORIENTED_EDGE ( 'NONE', *, *, #2787, .F. ) ;
#3772 = SURFACE_SIDE_STYLE ('',( #6458 ) ) ;
#3773 = CARTESIAN_POINT ( 'NONE',  ( -1.616339720411101000, 0.09999999999999982500, 3.200000000000071200 ) ) ;
#3774 = CARTESIAN_POINT ( 'NONE',  ( -1.789100780792501700, 0.2000000000000005100, 2.972000000000326400 ) ) ;
#3775 = SURFACE_SIDE_STYLE ('',( #3635 ) ) ;
#3776 = EDGE_CURVE ( 'NONE', #89, #4445, #3980, .T. ) ;
#3777 = EDGE_LOOP ( 'NONE', ( #5212, #5305, #2197, #5311 ) ) ;
#3778 = EDGE_CURVE ( 'NONE', #1436, #2542, #446, .T. ) ;
#3779 = DIRECTION ( 'NONE',  ( 1.000000000000000000, 0.0000000000000000000, 0.0000000000000000000 ) ) ;
#3780 = VECTOR ( 'NONE', #6288, 1000.000000000000000 ) ;
#3781 = ORIENTED_EDGE ( 'NONE', *, *, #3078, .T. ) ;
#3782 = LINE ( 'NONE', #3875, #4568 ) ;
#3783 = MECHANICAL_DESIGN_GEOMETRIC_PRESENTATION_REPRESENTATION (  '', ( #5882 ), #2580 ) ;
#3784 = CARTESIAN_POINT ( 'NONE',  ( -2.016339720410853500, 0.09999999999999982500, 3.200000000000071200 ) ) ;
#3785 = DIRECTION ( 'NONE',  ( 0.0000000000000000000, 0.0000000000000000000, -1.000000000000000000 ) ) ;
#3786 = EDGE_CURVE ( 'NONE', #1311, #132, #2829, .T. ) ;
#3787 = UNCERTAINTY_MEASURE_WITH_UNIT (LENGTH_MEASURE( 1.000000000000000100E-005 ), #6166, 'distance_accuracy_value', 'NONE');
#3788 = VECTOR ( 'NONE', #4093, 1000.000000000000000 ) ;
#3789 = DIRECTION ( 'NONE',  ( -1.000000000000000000, -0.0000000000000000000, -0.0000000000000000000 ) ) ;
#3790 = ORIENTED_EDGE ( 'NONE', *, *, #6091, .T. ) ;
#3791 = CARTESIAN_POINT ( 'NONE',  ( -1.916339720410944700, 0.0000000000000000000, 2.000000000000137200 ) ) ;
#3792 =( NAMED_UNIT ( * ) PLANE_ANGLE_UNIT ( ) SI_UNIT ( $, .RADIAN. ) );
#3793 = STYLED_ITEM ( 'NONE', ( #1813 ), #3041 ) ;
#3794 = VERTEX_POINT ( 'NONE', #2807 ) ;
#3795 = LINE ( 'NONE', #229, #2254 ) ;
#3796 = DIRECTION ( 'NONE',  ( 0.0000000000000000000, 1.000000000000000000, 0.0000000000000000000 ) ) ;
#3797 = DIRECTION ( 'NONE',  ( -0.0000000000000000000, -1.000000000000000000, 0.0000000000000000000 ) ) ;
#3798 = CIRCLE ( 'NONE', #3224, 0.09999999999990485900 ) ;
#3799 = AXIS2_PLACEMENT_3D ( 'NONE', #5943, #3889, #6330 ) ;
#3800 = ADVANCED_FACE ( 'NONE', ( #676, #1972 ), #4732, .T. ) ;
#3801 = AXIS2_PLACEMENT_3D ( 'NONE', #4983, #4335, #349 ) ;
#3802 = EDGE_CURVE ( 'NONE', #4461, #5528, #1884, .T. ) ;
#3803 = SURFACE_STYLE_FILL_AREA ( #3488 ) ;
#3804 = ORIENTED_EDGE ( 'NONE', *, *, #2284, .T. ) ;
#3805 = SURFACE_SIDE_STYLE ('',( #2505 ) ) ;
#3806 = CARTESIAN_POINT ( 'NONE',  ( -2.216339720411125900, 0.09999999999999982500, 3.100000000000045800 ) ) ;
#3807 = DIRECTION ( 'NONE',  ( -0.0000000000000000000, -1.000000000000000000, 0.0000000000000000000 ) ) ;
#3808 = EDGE_CURVE ( 'NONE', #1817, #5605, #3500, .T. ) ;
#3809 = VERTEX_POINT ( 'NONE', #250 ) ;
#3810 = AXIS2_PLACEMENT_3D ( 'NONE', #1491, #6409, #5512 ) ;
#3811 =( LENGTH_UNIT ( ) NAMED_UNIT ( * ) SI_UNIT ( .MILLI., .METRE. ) );
#3812 = DIRECTION ( 'NONE',  ( -0.0000000000000000000, -1.000000000000000000, -0.0000000000000000000 ) ) ;
#3813 =( NAMED_UNIT ( * ) SI_UNIT ( $, .STERADIAN. ) SOLID_ANGLE_UNIT ( ) );
#3814 = VECTOR ( 'NONE', #4991, 1000.000000000000000 ) ;
#3815 = ORIENTED_EDGE ( 'NONE', *, *, #6117, .T. ) ;
#3816 = AXIS2_PLACEMENT_3D ( 'NONE', #1148, #3272, #5153 ) ;
#3817 = CARTESIAN_POINT ( 'NONE',  ( 0.6836602795889648000, 0.1999999999999996500, 2.325000000000181800 ) ) ;
#3818 = PRESENTATION_STYLE_ASSIGNMENT (( #5032 ) ) ;
#3819 = CARTESIAN_POINT ( 'NONE',  ( -2.216339720411125900, 0.09999999999999982500, 1.800000000000091300 ) ) ;
#3820 = ORIENTED_EDGE ( 'NONE', *, *, #4278, .T. ) ;
#3821 = PRESENTATION_STYLE_ASSIGNMENT (( #2876 ) ) ;
#3822 = ORIENTED_EDGE ( 'NONE', *, *, #1279, .T. ) ;
#3823 = EDGE_CURVE ( 'NONE', #1461, #5809, #824, .T. ) ;
#3824 = SURFACE_STYLE_USAGE ( .BOTH. , #4809 ) ;
#3825 = CIRCLE ( 'NONE', #2304, 0.09999999999990767700 ) ;
#3826 = VECTOR ( 'NONE', #1528, 1000.000000000000000 ) ;
#3827 = FACE_OUTER_BOUND ( 'NONE', #3219, .T. ) ;
#3828 =( NAMED_UNIT ( * ) SI_UNIT ( $, .STERADIAN. ) SOLID_ANGLE_UNIT ( ) );
#3829 = ORIENTED_EDGE ( 'NONE', *, *, #1251, .F. ) ;
#3830 =( GEOMETRIC_REPRESENTATION_CONTEXT ( 3 ) GLOBAL_UNCERTAINTY_ASSIGNED_CONTEXT ( ( #246 ) ) GLOBAL_UNIT_ASSIGNED_CONTEXT ( ( #3076, #5000, #1002 ) ) REPRESENTATION_CONTEXT ( 'NONE', 'WORKASPACE' ) );
#3831 = CARTESIAN_POINT ( 'NONE',  ( 0.6836602795889648000, 0.1999999999999996500, 2.325000000000181800 ) ) ;
#3832 = UNCERTAINTY_MEASURE_WITH_UNIT (LENGTH_MEASURE( 1.000000000000000100E-005 ), #5694, 'distance_accuracy_value', 'NONE');
#3833 = ORIENTED_EDGE ( 'NONE', *, *, #270, .F. ) ;
#3834 = ADVANCED_FACE ( 'NONE', ( #4998 ), #1157, .T. ) ;
#3835 = FACE_OUTER_BOUND ( 'NONE', #6349, .T. ) ;
#3836 = LINE ( 'NONE', #2257, #5013 ) ;
#3837 = FILL_AREA_STYLE ('',( #4354 ) ) ;
#3838 = VERTEX_POINT ( 'NONE', #3260 ) ;
#3839 = DIRECTION ( 'NONE',  ( -8.904050106582565600E-014, 0.08715574274765837400, -0.9961946980917455500 ) ) ;
#3840 = VERTEX_POINT ( 'NONE', #3228 ) ;
#3841 = MECHANICAL_DESIGN_GEOMETRIC_PRESENTATION_REPRESENTATION (  '', ( #2113 ), #4172 ) ;
#3842 = SURFACE_STYLE_FILL_AREA ( #2188 ) ;
#3843 = LINE ( 'NONE', #5329, #2153 ) ;
#3844 = EDGE_CURVE ( 'NONE', #5506, #1868, #4360, .T. ) ;
#3845 = CARTESIAN_POINT ( 'NONE',  ( -2.116339720411216900, 0.1999999999999996500, 1.999999999999909400 ) ) ;
#3846 = ORIENTED_EDGE ( 'NONE', *, *, #5434, .F. ) ;
#3847 = CARTESIAN_POINT ( 'NONE',  ( -2.216339720411125900, 0.0000000000000000000, 3.200000000000182300 ) ) ;
#3848 = FACE_OUTER_BOUND ( 'NONE', #5159, .T. ) ;
#3849 = CARTESIAN_POINT ( 'NONE',  ( -1.905995107535315900, 0.2000000000000005100, 2.028000000000611500 ) ) ;
#3850 = DIRECTION ( 'NONE',  ( -1.000000000000000000, 0.0000000000000000000, 0.0000000000000000000 ) ) ;
#3851 = VERTEX_POINT ( 'NONE', #4222 ) ;
#3852 = EDGE_CURVE ( 'NONE', #4062, #1154, #1310, .T. ) ;
#3853 = DIRECTION ( 'NONE',  ( 0.0000000000000000000, 1.000000000000000000, -0.0000000000000000000 ) ) ;
#3854 = CARTESIAN_POINT ( 'NONE',  ( 0.7836602795884191100, 0.1999999999999996500, 2.675000000000091300 ) ) ;
#3855 = COLOUR_RGB ( '',1.000000000000000000, 1.000000000000000000, 1.000000000000000000 ) ;
#3856 = ORIENTED_EDGE ( 'NONE', *, *, #4806, .F. ) ;
#3857 = CARTESIAN_POINT ( 'NONE',  ( -1.490698694770313100, 0.1999999999999996500, 1.838461538461795100 ) ) ;
#3858 = CARTESIAN_POINT ( 'NONE',  ( -0.04133972041117130200, 0.09999999999999982500, 3.100000000000045800 ) ) ;
#3859 = SURFACE_STYLE_USAGE ( .BOTH. , #1380 ) ;
#3860 = CARTESIAN_POINT ( 'NONE',  ( -1.316339720410930400, 0.1999999999999996500, 2.020000000000912600 ) ) ;
#3861 = CARTESIAN_POINT ( 'NONE',  ( -1.988339720410868600, 0.1999999999999996500, 2.772761060381882200 ) ) ;
#3862 = VECTOR ( 'NONE', #957, 1000.000000000000000 ) ;
#3863 = VERTEX_POINT ( 'NONE', #3740 ) ;
#3864 = EDGE_CURVE ( 'NONE', #3720, #1569, #842, .T. ) ;
#3865 = SURFACE_STYLE_USAGE ( .BOTH. , #347 ) ;
#3866 = DIRECTION ( 'NONE',  ( -0.0000000000000000000, -1.000000000000000000, 0.0000000000000000000 ) ) ;
#3867 = ADVANCED_FACE ( 'NONE', ( #3274 ), #2823, .F. ) ;
#3868 = CARTESIAN_POINT ( 'NONE',  ( -1.416339720411399000, 0.1999999999999996500, 2.020000000000515600 ) ) ;
#3869 = UNCERTAINTY_MEASURE_WITH_UNIT (LENGTH_MEASURE( 1.000000000000000100E-005 ), #5040, 'distance_accuracy_value', 'NONE');
#3870 = COLOUR_RGB ( '',1.000000000000000000, 1.000000000000000000, 1.000000000000000000 ) ;
#3871 = ORIENTED_EDGE ( 'NONE', *, *, #5196, .F. ) ;
#3872 = AXIS2_PLACEMENT_3D ( 'NONE', #1250, #3744, #5165 ) ;
#3873 = DIRECTION ( 'NONE',  ( -1.000000000000000000, 0.0000000000000000000, 0.0000000000000000000 ) ) ;
#3874 = VECTOR ( 'NONE', #3059, 1000.000000000000000 ) ;
#3875 = CARTESIAN_POINT ( 'NONE',  ( -0.04133972041094448300, 0.09999999999999982500, 2.000000000000137200 ) ) ;
#3876 = FILL_AREA_STYLE_COLOUR ( '', #357 ) ;
#3877 = FILL_AREA_STYLE ('',( #4283 ) ) ;
#3878 = ORIENTED_EDGE ( 'NONE', *, *, #4405, .T. ) ;
#3879 = ORIENTED_EDGE ( 'NONE', *, *, #777, .T. ) ;
#3880 = PRESENTATION_LAYER_ASSIGNMENT (  '', '', ( #5452 ) ) ;
#3881 = ORIENTED_EDGE ( 'NONE', *, *, #3864, .F. ) ;
#3882 = CARTESIAN_POINT ( 'NONE',  ( 0.5836602795890560900, 0.0000000000000000000, 2.900000000000056800 ) ) ;
#3883 = STYLED_ITEM ( 'NONE', ( #848 ), #6262 ) ;
#3884 =( LENGTH_UNIT ( ) NAMED_UNIT ( * ) SI_UNIT ( .MILLI., .METRE. ) );
#3885 = VERTEX_POINT ( 'NONE', #1328 ) ;
#3886 = EDGE_CURVE ( 'NONE', #6325, #4394, #4286, .T. ) ;
#3887 = FILL_AREA_STYLE_COLOUR ( '', #1067 ) ;
#3888 = EDGE_LOOP ( 'NONE', ( #4541, #5736, #3061, #462 ) ) ;
#3889 = DIRECTION ( 'NONE',  ( 0.0000000000000000000, 1.000000000000000000, -0.0000000000000000000 ) ) ;
#3890 = CARTESIAN_POINT ( 'NONE',  ( -1.916339720411172100, 0.09999999999999982500, 2.000000000000136800 ) ) ;
#3891 = VECTOR ( 'NONE', #2734, 1000.000000000000000 ) ;
#3892 = ADVANCED_FACE ( 'NONE', ( #5982 ), #3370, .F. ) ;
#3893 = VERTEX_POINT ( 'NONE', #789 ) ;
#3894 = MECHANICAL_DESIGN_GEOMETRIC_PRESENTATION_REPRESENTATION (  '', ( #1784 ), #4572 ) ;
#3895 = DIRECTION ( 'NONE',  ( 0.08682659386416476100, -0.9924325091389744100, 0.08682659386424843000 ) ) ;
#3896 =( LENGTH_UNIT ( ) NAMED_UNIT ( * ) SI_UNIT ( .MILLI., .METRE. ) );
#3897 = CARTESIAN_POINT ( 'NONE',  ( 0.7836602795884191100, 0.1999999999999996500, 2.325000000000181800 ) ) ;
#3898 = LINE ( 'NONE', #843, #2586 ) ;
#3899 = EDGE_LOOP ( 'NONE', ( #2308, #4322, #3562, #2321 ) ) ;
#3900 = CARTESIAN_POINT ( 'NONE',  ( -1.416339720411399400, 0.1999999999999996500, 3.200000000000071200 ) ) ;
#3901 = VECTOR ( 'NONE', #573, 1000.000000000000200 ) ;
#3902 = VERTEX_POINT ( 'NONE', #3306 ) ;
#3903 = EDGE_LOOP ( 'NONE', ( #2463, #3584, #3084, #1274 ) ) ;
#3904 = DIRECTION ( 'NONE',  ( -1.000000000000000000, 0.0000000000000000000, 0.0000000000000000000 ) ) ;
#3905 = ORIENTED_EDGE ( 'NONE', *, *, #3910, .F. ) ;
#3906 = AXIS2_PLACEMENT_3D ( 'NONE', #871, #4840, #5331 ) ;
#3907 = CARTESIAN_POINT ( 'NONE',  ( 0.6836602795889643600, 0.1999999999999996500, 3.199999999999500100 ) ) ;
#3908 = VECTOR ( 'NONE', #2082, 1000.000000000000000 ) ;
#3909 = VECTOR ( 'NONE', #5316, 1000.000000000000000 ) ;
#3910 = EDGE_CURVE ( 'NONE', #4437, #3838, #1473, .T. ) ;
#3911 =( LENGTH_UNIT ( ) NAMED_UNIT ( * ) SI_UNIT ( .MILLI., .METRE. ) );
#3912 = FILL_AREA_STYLE_COLOUR ( '', #290 ) ;
#3913 = EDGE_LOOP ( 'NONE', ( #6471, #2327, #5123, #6230 ) ) ;
#3914 = CARTESIAN_POINT ( 'NONE',  ( 0.3844177122987553200, 0.5200000000000004600, 2.000003627672315900 ) ) ;
#3915 = COLOUR_RGB ( '',1.000000000000000000, 1.000000000000000000, 1.000000000000000000 ) ;
#3916 = AXIS2_PLACEMENT_3D ( 'NONE', #2013, #5465, #2614 ) ;
#3917 = CARTESIAN_POINT ( 'NONE',  ( -1.716339720410671800, 0.1999999999999996500, 1.800000000000091300 ) ) ;
#3918 = DIRECTION ( 'NONE',  ( -0.0000000000000000000, -1.000000000000000000, -0.0000000000000000000 ) ) ;
#3919 = EDGE_LOOP ( 'NONE', ( #378, #4943, #2711, #4792 ) ) ;
#3920 = VECTOR ( 'NONE', #4385, 1000.000000000000100 ) ;
#3921 = CARTESIAN_POINT ( 'NONE',  ( -1.790602814746711500, 0.2345994752124928900, 2.225736905664241800 ) ) ;
#3922 = CARTESIAN_POINT ( 'NONE',  ( -2.016339720411195000, 0.1999999999999996500, 3.000000000000023100 ) ) ;
#3923 = DIRECTION ( 'NONE',  ( -0.0000000000000000000, -1.000000000000000000, 0.0000000000000000000 ) ) ;
#3924 = ORIENTED_EDGE ( 'NONE', *, *, #2984, .F. ) ;
#3925 =( GEOMETRIC_REPRESENTATION_CONTEXT ( 3 ) GLOBAL_UNCERTAINTY_ASSIGNED_CONTEXT ( ( #1042 ) ) GLOBAL_UNIT_ASSIGNED_CONTEXT ( ( #820, #850, #1873 ) ) REPRESENTATION_CONTEXT ( 'NONE', 'WORKASPACE' ) );
#3926 = CARTESIAN_POINT ( 'NONE',  ( -1.616339720411103600, 0.1999999999999996500, 1.900000000000000400 ) ) ;
#3927 = VERTEX_POINT ( 'NONE', #2918 ) ;
#3928 = EDGE_CURVE ( 'NONE', #1987, #512, #2748, .T. ) ;
#3929 = ADVANCED_FACE ( 'NONE', ( #1150 ), #5360, .F. ) ;
#3930 = CARTESIAN_POINT ( 'NONE',  ( -1.916339720410945800, 0.09999999999999982500, 2.000000000000137200 ) ) ;
#3931 = EDGE_LOOP ( 'NONE', ( #3456, #235, #984, #944 ) ) ;
#3932 =( GEOMETRIC_REPRESENTATION_CONTEXT ( 3 ) GLOBAL_UNCERTAINTY_ASSIGNED_CONTEXT ( ( #4069 ) ) GLOBAL_UNIT_ASSIGNED_CONTEXT ( ( #4089, #1134, #4642 ) ) REPRESENTATION_CONTEXT ( 'NONE', 'WORKASPACE' ) );
#3933 =( NAMED_UNIT ( * ) SI_UNIT ( $, .STERADIAN. ) SOLID_ANGLE_UNIT ( ) );
#3934 = EDGE_CURVE ( 'NONE', #4726, #4155, #1236, .T. ) ;
#3935 = ORIENTED_EDGE ( 'NONE', *, *, #4361, .T. ) ;
#3936 = CARTESIAN_POINT ( 'NONE',  ( -2.016339720411194100, 0.1999999999999996500, 3.000000000000023100 ) ) ;
#3937 = FACE_OUTER_BOUND ( 'NONE', #6390, .T. ) ;
#3938 = VECTOR ( 'NONE', #496, 1000.000000000000000 ) ;
#3939 = EDGE_LOOP ( 'NONE', ( #734, #2265, #304, #3558 ) ) ;
#3940 =( NAMED_UNIT ( * ) PLANE_ANGLE_UNIT ( ) SI_UNIT ( $, .RADIAN. ) );
#3941 =( NAMED_UNIT ( * ) SI_UNIT ( $, .STERADIAN. ) SOLID_ANGLE_UNIT ( ) );
#3942 = ADVANCED_FACE ( 'NONE', ( #5975 ), #4368, .F. ) ;
#3943 = DIRECTION ( 'NONE',  ( -1.000000000000000000, 0.0000000000000000000, 0.0000000000000000000 ) ) ;
#3944 = EDGE_CURVE ( 'NONE', #3927, #1516, #3347, .T. ) ;
#3945 =( BOUNDED_CURVE ( )  B_SPLINE_CURVE ( 3, ( #3157, #2192, #4824, #2694 ),
 .UNSPECIFIED., .F., .T. ) 
 B_SPLINE_CURVE_WITH_KNOTS ( ( 4, 4 ),
 ( 2.359992588465672700, 3.923192718713914800 ),
 .UNSPECIFIED. ) 
 CURVE ( )  GEOMETRIC_REPRESENTATION_ITEM ( )  RATIONAL_B_SPLINE_CURVE ( ( 1.000000000000000000, 0.8065248903853696700, 0.8065248903853696700, 1.000000000000000000 ) ) 
 REPRESENTATION_ITEM ( '' )  );
#3946 = FACE_BOUND ( 'NONE', #2872, .T. ) ;
#3947 = DIRECTION ( 'NONE',  ( 0.0000000000000000000, 1.000000000000000000, 0.0000000000000000000 ) ) ;
#3948 = ORIENTED_EDGE ( 'NONE', *, *, #2398, .F. ) ;
#3949 = LINE ( 'NONE', #5770, #3477 ) ;
#3950 = PRESENTATION_LAYER_ASSIGNMENT (  '', '', ( #3404 ) ) ;
#3951 = FILL_AREA_STYLE_COLOUR ( '', #4919 ) ;
#3952 = VECTOR ( 'NONE', #152, 1000.000000000000000 ) ;
#3953 = VERTEX_POINT ( 'NONE', #4346 ) ;
#3954 = CARTESIAN_POINT ( 'NONE',  ( 0.6836602795889648000, 0.09999999999999982500, 3.200000000000182300 ) ) ;
#3955 = ORIENTED_EDGE ( 'NONE', *, *, #6227, .F. ) ;
#3956 = COLOUR_RGB ( '',0.7921568627450980000, 0.8196078431372548800, 0.9333333333333333500 ) ;
#3957 = AXIS2_PLACEMENT_3D ( 'NONE', #3167, #2101, #541 ) ;
#3958 = PRESENTATION_STYLE_ASSIGNMENT (( #107 ) ) ;
#3959 = ADVANCED_FACE ( 'NONE', ( #4914 ), #5444, .T. ) ;
#3960 = ORIENTED_EDGE ( 'NONE', *, *, #346, .T. ) ;
#3961 = MECHANICAL_DESIGN_GEOMETRIC_PRESENTATION_REPRESENTATION (  '', ( #1713 ), #3290 ) ;
#3962 = EDGE_CURVE ( 'NONE', #4059, #410, #1062, .T. ) ;
#3963 =( NAMED_UNIT ( * ) PLANE_ANGLE_UNIT ( ) SI_UNIT ( $, .RADIAN. ) );
#3964 = SURFACE_SIDE_STYLE ('',( #2240 ) ) ;
#3965 = ADVANCED_FACE ( 'NONE', ( #1387 ), #5869, .F. ) ;
#3966 = CARTESIAN_POINT ( 'NONE',  ( 0.6836602795889643600, 0.1999999999999996500, 2.999999999999909400 ) ) ;
#3967 = ORIENTED_EDGE ( 'NONE', *, *, #1179, .T. ) ;
#3968 = DIRECTION ( 'NONE',  ( 0.0000000000000000000, 1.000000000000000000, -0.0000000000000000000 ) ) ;
#3969 = AXIS2_PLACEMENT_3D ( 'NONE', #2832, #4313, #4754 ) ;
#3970 = AXIS2_PLACEMENT_3D ( 'NONE', #1573, #5510, #6021 ) ;
#3971 = LINE ( 'NONE', #1492, #2670 ) ;
#3972 = VERTEX_POINT ( 'NONE', #2979 ) ;
#3973 = EDGE_CURVE ( 'NONE', #3429, #3986, #5894, .T. ) ;
#3974 = CARTESIAN_POINT ( 'NONE',  ( -0.9663397204111265900, 0.0000000000000000000, 3.000000000000136800 ) ) ;
#3975 = DIRECTION ( 'NONE',  ( -0.0000000000000000000, -1.000000000000000000, 0.0000000000000000000 ) ) ;
#3976 = ADVANCED_FACE ( 'NONE', ( #282 ), #4922, .F. ) ;
#3977 = FILL_AREA_STYLE_COLOUR ( '', #2138 ) ;
#3978 = SURFACE_STYLE_USAGE ( .BOTH. , #444 ) ;
#3979 = VERTEX_POINT ( 'NONE', #5940 ) ;
#3980 = LINE ( 'NONE', #2654, #6140 ) ;
#3981 = SURFACE_STYLE_FILL_AREA ( #4777 ) ;
#3982 = EDGE_CURVE ( 'NONE', #3501, #240, #2822, .T. ) ;
#3983 = SURFACE_STYLE_FILL_AREA ( #1967 ) ;
#3984 = UNCERTAINTY_MEASURE_WITH_UNIT (LENGTH_MEASURE( 1.000000000000000100E-005 ), #3049, 'distance_accuracy_value', 'NONE');
#3985 = LINE ( 'NONE', #4504, #1890 ) ;
#3986 = VERTEX_POINT ( 'NONE', #1440 ) ;
#3987 = EDGE_CURVE ( 'NONE', #1746, #1184, #746, .T. ) ;
#3988 = CARTESIAN_POINT ( 'NONE',  ( -1.716339720411126100, 0.09999999999999982500, 2.000000000000137200 ) ) ;
#3989 =( LENGTH_UNIT ( ) NAMED_UNIT ( * ) SI_UNIT ( .MILLI., .METRE. ) );
#3990 = VERTEX_POINT ( 'NONE', #4447 ) ;
#3991 = ORIENTED_EDGE ( 'NONE', *, *, #2325, .T. ) ;
#3992 = CARTESIAN_POINT ( 'NONE',  ( -2.216339720411126400, 0.1999999999999996500, 3.200000000000071200 ) ) ;
#3993 =( GEOMETRIC_REPRESENTATION_CONTEXT ( 3 ) GLOBAL_UNCERTAINTY_ASSIGNED_CONTEXT ( ( #4424 ) ) GLOBAL_UNIT_ASSIGNED_CONTEXT ( ( #5774, #2329, #2826 ) ) REPRESENTATION_CONTEXT ( 'NONE', 'WORKASPACE' ) );
#3994 = ORIENTED_EDGE ( 'NONE', *, *, #2034, .F. ) ;
#3995 = ADVANCED_FACE ( 'NONE', ( #4756 ), #1973, .T. ) ;
#3996 = DIRECTION ( 'NONE',  ( 0.0000000000000000000, 1.000000000000000000, 0.0000000000000000000 ) ) ;
#3997 = COLOUR_RGB ( '',1.000000000000000000, 1.000000000000000000, 1.000000000000000000 ) ;
#3998 = EDGE_CURVE ( 'NONE', #2210, #1868, #3971, .T. ) ;
#3999 = SURFACE_SIDE_STYLE ('',( #3803 ) ) ;
#4000 = COLOUR_RGB ( '',0.9098039215686274400, 0.4431372549019607600, 0.03137254901960784300 ) ;
#4001 = DIRECTION ( 'NONE',  ( -0.0000000000000000000, -0.0000000000000000000, 1.000000000000000000 ) ) ;
#4002 = PRESENTATION_STYLE_ASSIGNMENT (( #256 ) ) ;
#4003 = ORIENTED_EDGE ( 'NONE', *, *, #2912, .T. ) ;
#4004 = EDGE_LOOP ( 'NONE', ( #3758, #1176, #5020, #6424 ) ) ;
#4005 = CARTESIAN_POINT ( 'NONE',  ( -1.099673053744338700, 0.1999999999999996500, 3.100000000000273200 ) ) ;
#4006 = AXIS2_PLACEMENT_3D ( 'NONE', #1245, #2701, #1717 ) ;
#4007 = CIRCLE ( 'NONE', #781, 0.1999999999999317900 ) ;
#4008 = CARTESIAN_POINT ( 'NONE',  ( -1.408647412718915200, 0.09999999999999982500, 1.981538461538858900 ) ) ;
#4009 = ORIENTED_EDGE ( 'NONE', *, *, #4868, .T. ) ;
#4010 = SURFACE_STYLE_FILL_AREA ( #500 ) ;
#4011 = CARTESIAN_POINT ( 'NONE',  ( 0.3844177122987553200, 0.5200000000000004600, 2.000003627672315900 ) ) ;
#4012 = DIRECTION ( 'NONE',  ( 0.0000000000000000000, 0.0000000000000000000, -1.000000000000000000 ) ) ;
#4013 = AXIS2_PLACEMENT_3D ( 'NONE', #3936, #5850, #2962 ) ;
#4014 = DIRECTION ( 'NONE',  ( -0.3846153846208068000, 0.0000000000000000000, 0.9230769230746638200 ) ) ;
#4015 = AXIS2_PLACEMENT_3D ( 'NONE', #588, #4106, #3514 ) ;
#4016 = CARTESIAN_POINT ( 'NONE',  ( -0.3913397204113083800, 0.1999999999999996500, 3.100000000000045800 ) ) ;
#4017 = LINE ( 'NONE', #1975, #1346 ) ;
#4018 = ORIENTED_EDGE ( 'NONE', *, *, #698, .F. ) ;
#4019 = EDGE_CURVE ( 'NONE', #5809, #1263, #5286, .T. ) ;
#4020 = SURFACE_SIDE_STYLE ('',( #4010 ) ) ;
#4021 = SURFACE_STYLE_USAGE ( .BOTH. , #2507 ) ;
#4022 = LINE ( 'NONE', #1632, #2796 ) ;
#4023 = ORIENTED_EDGE ( 'NONE', *, *, #4472, .F. ) ;
#4024 = CARTESIAN_POINT ( 'NONE',  ( -2.216339720411125900, 0.1999999999999996500, 2.972000000000134500 ) ) ;
#4025 = DIRECTION ( 'NONE',  ( 0.0000000000000000000, 1.000000000000000000, -0.0000000000000000000 ) ) ;
#4026 = CARTESIAN_POINT ( 'NONE',  ( 0.4836602795891464200, 0.0000000000000000000, 2.000000000000137200 ) ) ;
#4027 = CARTESIAN_POINT ( 'NONE',  ( -1.817097153120262700, 0.5200000000000004600, 2.000003627672315900 ) ) ;
#4028 =( GEOMETRIC_REPRESENTATION_CONTEXT ( 3 ) GLOBAL_UNCERTAINTY_ASSIGNED_CONTEXT ( ( #3195 ) ) GLOBAL_UNIT_ASSIGNED_CONTEXT ( ( #1010, #986, #4497 ) ) REPRESENTATION_CONTEXT ( 'NONE', 'WORKASPACE' ) );
#4029 =( NAMED_UNIT ( * ) SI_UNIT ( $, .STERADIAN. ) SOLID_ANGLE_UNIT ( ) );
#4030 = ADVANCED_FACE ( 'NONE', ( #587 ), #3730, .T. ) ;
#4031 = UNCERTAINTY_MEASURE_WITH_UNIT (LENGTH_MEASURE( 1.000000000000000100E-005 ), #1369, 'distance_accuracy_value', 'NONE');
#4032 = FACE_OUTER_BOUND ( 'NONE', #5843, .T. ) ;
#4033 = DIRECTION ( 'NONE',  ( 0.0000000000000000000, 1.000000000000000000, 0.0000000000000000000 ) ) ;
#4034 = ORIENTED_EDGE ( 'NONE', *, *, #4256, .F. ) ;
#4035 = STYLED_ITEM ( 'NONE', ( #4374 ), #1951 ) ;
#4036 = DIRECTION ( 'NONE',  ( -0.0000000000000000000, -1.000000000000000000, -0.0000000000000000000 ) ) ;
#4037 = CARTESIAN_POINT ( 'NONE',  ( 0.5836602795887148000, 0.1999999999999996500, 2.999999999999795700 ) ) ;
#4038 = EDGE_CURVE ( 'NONE', #2550, #5716, #4828, .T. ) ;
#4039 = VERTEX_POINT ( 'NONE', #5890 ) ;
#4040 = DIRECTION ( 'NONE',  ( 0.0000000000000000000, 0.08715574274765836000, 0.9961946980917455500 ) ) ;
#4041 = FACE_OUTER_BOUND ( 'NONE', #1376, .T. ) ;
#4042 = DIRECTION ( 'NONE',  ( 1.000000000000000000, 0.0000000000000000000, 0.0000000000000000000 ) ) ;
#4043 =( GEOMETRIC_REPRESENTATION_CONTEXT ( 3 ) GLOBAL_UNCERTAINTY_ASSIGNED_CONTEXT ( ( #4227 ) ) GLOBAL_UNIT_ASSIGNED_CONTEXT ( ( #4869, #1893, #2399 ) ) REPRESENTATION_CONTEXT ( 'NONE', 'WORKASPACE' ) );
#4044 = FILL_AREA_STYLE ('',( #2642 ) ) ;
#4045 = CARTESIAN_POINT ( 'NONE',  ( -0.04133972041094448300, 0.1999999999999996500, 3.199999999999500100 ) ) ;
#4046 = VECTOR ( 'NONE', #4786, 1000.000000000000000 ) ;
#4047 = ORIENTED_EDGE ( 'NONE', *, *, #4462, .F. ) ;
#4048 = FILL_AREA_STYLE_COLOUR ( '', #2460 ) ;
#4049 = CIRCLE ( 'NONE', #3710, 0.09999999999990788500 ) ;
#4050 = PRESENTATION_LAYER_ASSIGNMENT (  '', '', ( #4338 ) ) ;
#4051 = ORIENTED_EDGE ( 'NONE', *, *, #4607, .F. ) ;
#4052 = EDGE_CURVE ( 'NONE', #4531, #1571, #6284, .T. ) ;
#4053 = LINE ( 'NONE', #6130, #4203 ) ;
#4054 = DIRECTION ( 'NONE',  ( 1.000000000000000000, 0.0000000000000000000, 0.0000000000000000000 ) ) ;
#4055 = VECTOR ( 'NONE', #6027, 1000.000000000000000 ) ;
#4056 = DIRECTION ( 'NONE',  ( 1.000000000000000000, 0.0000000000000000000, 0.0000000000000000000 ) ) ;
#4057 = SURFACE_SIDE_STYLE ('',( #2540 ) ) ;
#4058 = EDGE_CURVE ( 'NONE', #5925, #4657, #4906, .T. ) ;
#4059 = VERTEX_POINT ( 'NONE', #5983 ) ;
#4060 = DIRECTION ( 'NONE',  ( -0.0000000000000000000, -1.000000000000000000, 0.0000000000000000000 ) ) ;
#4061 = COLOUR_RGB ( '',0.9098039215686274400, 0.4431372549019607600, 0.03137254901960784300 ) ;
#4062 = VERTEX_POINT ( 'NONE', #4027 ) ;
#4063 = CARTESIAN_POINT ( 'NONE',  ( -2.016336092739045200, 0.5199999999999879200, 2.800757432710274700 ) ) ;
#4064 = ORIENTED_EDGE ( 'NONE', *, *, #5301, .F. ) ;
#4065 = VERTEX_POINT ( 'NONE', #6028 ) ;
#4066 = DIRECTION ( 'NONE',  ( 0.0000000000000000000, 1.000000000000000000, 0.0000000000000000000 ) ) ;
#4067 = VECTOR ( 'NONE', #5952, 1000.000000000000000 ) ;
#4068 = LINE ( 'NONE', #4899, #4760 ) ;
#4069 = UNCERTAINTY_MEASURE_WITH_UNIT (LENGTH_MEASURE( 1.000000000000000100E-005 ), #4089, 'distance_accuracy_value', 'NONE');
#4070 = ORIENTED_EDGE ( 'NONE', *, *, #524, .T. ) ;
#4071 = MECHANICAL_DESIGN_GEOMETRIC_PRESENTATION_REPRESENTATION (  '', ( #2492 ), #1955 ) ;
#4072 = ORIENTED_EDGE ( 'NONE', *, *, #6363, .F. ) ;
#4073 = COLOUR_RGB ( '',1.000000000000000000, 1.000000000000000000, 1.000000000000000000 ) ;
#4074 = EDGE_CURVE ( 'NONE', #2755, #2367, #4049, .T. ) ;
#4075 = CARTESIAN_POINT ( 'NONE',  ( 0.6836602795889643600, 0.1999999999999996500, 2.999999999999909400 ) ) ;
#4076 = CARTESIAN_POINT ( 'NONE',  ( -1.716339720410893200, 0.09999999999999982500, 2.900000000000005700 ) ) ;
#4077 = ORIENTED_EDGE ( 'NONE', *, *, #2443, .T. ) ;
#4078 =( NAMED_UNIT ( * ) SI_UNIT ( $, .STERADIAN. ) SOLID_ANGLE_UNIT ( ) );
#4079 = ORIENTED_EDGE ( 'NONE', *, *, #3505, .T. ) ;
#4080 = DIRECTION ( 'NONE',  ( 0.0000000000000000000, 1.000000000000000000, 0.0000000000000000000 ) ) ;
#4081 = VERTEX_POINT ( 'NONE', #4499 ) ;
#4082 =( LENGTH_UNIT ( ) NAMED_UNIT ( * ) SI_UNIT ( .MILLI., .METRE. ) );
#4083 = ORIENTED_EDGE ( 'NONE', *, *, #545, .T. ) ;
#4084 = DIRECTION ( 'NONE',  ( -0.3846153846147277200, 0.0000000000000000000, 0.9230769230771968000 ) ) ;
#4085 = CARTESIAN_POINT ( 'NONE',  ( -1.266339720411308300, 0.1999999999999996500, 2.980000000000155000 ) ) ;
#4086 = ORIENTED_EDGE ( 'NONE', *, *, #1001, .F. ) ;
#4087 = PRESENTATION_LAYER_ASSIGNMENT (  '', '', ( #1713 ) ) ;
#4088 = ORIENTED_EDGE ( 'NONE', *, *, #3382, .F. ) ;
#4089 =( LENGTH_UNIT ( ) NAMED_UNIT ( * ) SI_UNIT ( .MILLI., .METRE. ) );
#4090 = CIRCLE ( 'NONE', #5558, 0.1000000000002411700 ) ;
#4091 = DIRECTION ( 'NONE',  ( -0.0000000000000000000, -1.000000000000000000, 0.0000000000000000000 ) ) ;
#4092 = AXIS2_PLACEMENT_3D ( 'NONE', #3725, #2288, #150 ) ;
#4093 = DIRECTION ( 'NONE',  ( -0.0000000000000000000, 1.000000000000000000, -0.0000000000000000000 ) ) ;
#4094 = STYLED_ITEM ( 'NONE', ( #3958 ), #4512 ) ;
#4095 = DIRECTION ( 'NONE',  ( 0.9230769230746634900, 0.0000000000000000000, 0.3846153846208078000 ) ) ;
#4096 = EDGE_CURVE ( 'NONE', #5691, #4099, #5440, .T. ) ;
#4097 = PRESENTATION_STYLE_ASSIGNMENT (( #4456 ) ) ;
#4098 = DIRECTION ( 'NONE',  ( 0.0000000000000000000, 1.000000000000000000, 0.0000000000000000000 ) ) ;
#4099 = VERTEX_POINT ( 'NONE', #1013 ) ;
#4100 = SURFACE_SIDE_STYLE ('',( #2531 ) ) ;
#4101 = CARTESIAN_POINT ( 'NONE',  ( 0.6836602795889648000, 0.1999999999999996500, 3.200000000000182300 ) ) ;
#4102 = CARTESIAN_POINT ( 'NONE',  ( 0.7836602795884186600, 0.1999999999999996500, 2.675000000000091300 ) ) ;
#4103 = ORIENTED_EDGE ( 'NONE', *, *, #5485, .F. ) ;
#4104 = FILL_AREA_STYLE_COLOUR ( '', #999 ) ;
#4105 = ORIENTED_EDGE ( 'NONE', *, *, #642, .F. ) ;
#4106 = DIRECTION ( 'NONE',  ( -0.0000000000000000000, -1.000000000000000000, 0.0000000000000000000 ) ) ;
#4107 = EDGE_CURVE ( 'NONE', #2341, #4141, #112, .T. ) ;
#4108 = ORIENTED_EDGE ( 'NONE', *, *, #4269, .T. ) ;
#4109 = VERTEX_POINT ( 'NONE', #50 ) ;
#4110 =( NAMED_UNIT ( * ) PLANE_ANGLE_UNIT ( ) SI_UNIT ( $, .RADIAN. ) );
#4111 = CARTESIAN_POINT ( 'NONE',  ( -1.616339720410989500, 0.1999999999999996500, 1.800000000000318700 ) ) ;
#4112 = MECHANICAL_DESIGN_GEOMETRIC_PRESENTATION_REPRESENTATION (  '', ( #1431 ), #4910 ) ;
#4113 = CARTESIAN_POINT ( 'NONE',  ( 0.7836602795888739600, 0.0000000000000000000, 1.800000000000091300 ) ) ;
#4114 = LINE ( 'NONE', #5932, #1367 ) ;
#4115 = ADVANCED_FACE ( 'NONE', ( #5592 ), #2128, .T. ) ;
#4116 = CARTESIAN_POINT ( 'NONE',  ( 0.5013120390421714800, 0.5200000000000004600, 2.999996372328422600 ) ) ;
#4117 = ORIENTED_EDGE ( 'NONE', *, *, #506, .T. ) ;
#4118 = EDGE_CURVE ( 'NONE', #240, #5379, #431, .T. ) ;
#4119 = CARTESIAN_POINT ( 'NONE',  ( 0.5836602795886579600, 0.09999999999999982500, 3.100000000000045800 ) ) ;
#4120 = ORIENTED_EDGE ( 'NONE', *, *, #2480, .F. ) ;
#4121 = DIRECTION ( 'NONE',  ( 0.0000000000000000000, 1.000000000000000000, -0.0000000000000000000 ) ) ;
#4122 = ORIENTED_EDGE ( 'NONE', *, *, #3735, .T. ) ;
#4123 =( GEOMETRIC_REPRESENTATION_CONTEXT ( 3 ) GLOBAL_UNCERTAINTY_ASSIGNED_CONTEXT ( ( #4634 ) ) GLOBAL_UNIT_ASSIGNED_CONTEXT ( ( #6381, #939, #1456 ) ) REPRESENTATION_CONTEXT ( 'NONE', 'WORKASPACE' ) );
#4124 = CARTESIAN_POINT ( 'NONE',  ( -1.817097153120262700, 0.5200000000000004600, 2.000003627672315900 ) ) ;
#4125 = FILL_AREA_STYLE ('',( #3977 ) ) ;
#4126 = CARTESIAN_POINT ( 'NONE',  ( -2.016339720411081300, 0.09999999999999982500, 2.100000000000045800 ) ) ;
#4127 = AXIS2_PLACEMENT_3D ( 'NONE', #5670, #1726, #3188 ) ;
#4128 = CIRCLE ( 'NONE', #4493, 0.1000000000000228200 ) ;
#4129 = AXIS2_PLACEMENT_3D ( 'NONE', #219, #5211, #1299 ) ;
#4130 = ORIENTED_EDGE ( 'NONE', *, *, #1651, .F. ) ;
#4131 = PRESENTATION_STYLE_ASSIGNMENT (( #5710 ) ) ;
#4132 = EDGE_CURVE ( 'NONE', #5947, #1817, #2270, .T. ) ;
#4133 = SURFACE_SIDE_STYLE ('',( #3393 ) ) ;
#4134 = DIRECTION ( 'NONE',  ( 0.0000000000000000000, 1.000000000000000000, -0.0000000000000000000 ) ) ;
#4135 = CARTESIAN_POINT ( 'NONE',  ( -1.066339720411035000, 0.09999999999999982500, 2.100000000000045800 ) ) ;
#4136 = DIRECTION ( 'NONE',  ( 0.3846153846147278300, 0.0000000000000000000, -0.9230769230771968000 ) ) ;
#4137 = CIRCLE ( 'NONE', #2258, 0.09999999999990918900 ) ;
#4138 = PLANE ( 'NONE',  #3241 ) ;
#4139 = VECTOR ( 'NONE', #162, 1000.000000000000000 ) ;
#4140 = ORIENTED_EDGE ( 'NONE', *, *, #4915, .F. ) ;
#4141 = VERTEX_POINT ( 'NONE', #2045 ) ;
#4142 = EDGE_LOOP ( 'NONE', ( #1952, #3878, #860, #3469, #5294, #3960, #3991, #1807 ) ) ;
#4143 = FILL_AREA_STYLE_COLOUR ( '', #1821 ) ;
#4144 = SURFACE_STYLE_USAGE ( .BOTH. , #632 ) ;
#4145 = EDGE_CURVE ( 'NONE', #4300, #4682, #581, .T. ) ;
#4146 = LINE ( 'NONE', #5880, #5309 ) ;
#4147 = DIRECTION ( 'NONE',  ( 0.0000000000000000000, 1.000000000000000000, 0.0000000000000000000 ) ) ;
#4148 = FILL_AREA_STYLE_COLOUR ( '', #6159 ) ;
#4149 =( BOUNDED_CURVE ( )  B_SPLINE_CURVE ( 3, ( #3462, #1520, #5022, #5994 ),
 .UNSPECIFIED., .F., .F. ) 
 B_SPLINE_CURVE_WITH_KNOTS ( ( 4, 4 ),
 ( 2.359992588465630100, 3.923192718713483200 ),
 .UNSPECIFIED. ) 
 CURVE ( )  GEOMETRIC_REPRESENTATION_ITEM ( )  RATIONAL_B_SPLINE_CURVE ( ( 1.000000000000000000, 0.8065248903854609400, 0.8065248903854609400, 1.000000000000000000 ) ) 
 REPRESENTATION_ITEM ( '' )  );
#4150 = FILL_AREA_STYLE_COLOUR ( '', #1641 ) ;
#4151 = PRESENTATION_LAYER_ASSIGNMENT (  '', '', ( #6131 ) ) ;
#4152 = VERTEX_POINT ( 'NONE', #3062 ) ;
#4153 = VERTEX_POINT ( 'NONE', #1580 ) ;
#4154 = FILL_AREA_STYLE_COLOUR ( '', #2599 ) ;
#4155 = VERTEX_POINT ( 'NONE', #1531 ) ;
#4156 = EDGE_LOOP ( 'NONE', ( #1278, #5068, #2285, #3063 ) ) ;
#4157 = EDGE_CURVE ( 'NONE', #5680, #4712, #901, .T. ) ;
#4158 = APPLICATION_CONTEXT ( 'automotive_design' ) ;
#4159 = DIRECTION ( 'NONE',  ( -0.0000000000000000000, 1.000000000000000000, 0.0000000000000000000 ) ) ;
#4160 = CARTESIAN_POINT ( 'NONE',  ( 0.7836602795888736300, 0.1999999999999996500, 2.424999999999636600 ) ) ;
#4161 = VECTOR ( 'NONE', #5612, 1000.000000000000000 ) ;
#4162 = ORIENTED_EDGE ( 'NONE', *, *, #3366, .T. ) ;
#4163 = EDGE_LOOP ( 'NONE', ( #4759, #1534, #3140, #2300 ) ) ;
#4164 = AXIS2_PLACEMENT_3D ( 'NONE', #2551, #3486, #5998 ) ;
#4165 = LINE ( 'NONE', #3819, #2713 ) ;
#4166 =( NAMED_UNIT ( * ) PLANE_ANGLE_UNIT ( ) SI_UNIT ( $, .RADIAN. ) );
#4167 = DIRECTION ( 'NONE',  ( 0.0000000000000000000, -1.000000000000000000, 0.0000000000000000000 ) ) ;
#4168 = CARTESIAN_POINT ( 'NONE',  ( 0.3564213399704684300, 0.1999999999999996500, 2.972000000000134500 ) ) ;
#4169 = LINE ( 'NONE', #253, #2244 ) ;
#4170 = ORIENTED_EDGE ( 'NONE', *, *, #5545, .F. ) ;
#4171 =( NAMED_UNIT ( * ) SI_UNIT ( $, .STERADIAN. ) SOLID_ANGLE_UNIT ( ) );
#4172 =( GEOMETRIC_REPRESENTATION_CONTEXT ( 3 ) GLOBAL_UNCERTAINTY_ASSIGNED_CONTEXT ( ( #3048 ) ) GLOBAL_UNIT_ASSIGNED_CONTEXT ( ( #4431, #1419, #5451 ) ) REPRESENTATION_CONTEXT ( 'NONE', 'WORKASPACE' ) );
#4173 = CYLINDRICAL_SURFACE ( 'NONE', #5615, 0.09999999999992220700 ) ;
#4174 = EDGE_LOOP ( 'NONE', ( #3160, #3510, #5847, #866 ) ) ;
#4175 = EDGE_CURVE ( 'NONE', #450, #886, #2666, .T. ) ;
#4176 = FILL_AREA_STYLE ('',( #3185 ) ) ;
#4177 = CARTESIAN_POINT ( 'NONE',  ( -1.966339720411239800, 0.09999999999999982500, 3.200000000000068600 ) ) ;
#4178 = SURFACE_SIDE_STYLE ('',( #1788 ) ) ;
#4179 = LINE ( 'NONE', #4505, #3938 ) ;
#4180 = CARTESIAN_POINT ( 'NONE',  ( -1.066339720411035000, 0.09999999999999982500, 2.900000000000227700 ) ) ;
#4181 = ORIENTED_EDGE ( 'NONE', *, *, #4599, .T. ) ;
#4182 = CARTESIAN_POINT ( 'NONE',  ( -0.1413397204103983000, 0.1999999999999996500, 3.200000000000182300 ) ) ;
#4183 = COLOUR_RGB ( '',1.000000000000000000, 1.000000000000000000, 1.000000000000000000 ) ;
#4184 = EDGE_CURVE ( 'NONE', #5126, #5307, #1381, .T. ) ;
#4185 = FILL_AREA_STYLE ('',( #4228 ) ) ;
#4186 =( NAMED_UNIT ( * ) PLANE_ANGLE_UNIT ( ) SI_UNIT ( $, .RADIAN. ) );
#4187 = CARTESIAN_POINT ( 'NONE',  ( -1.988339720410475100, 0.2000000000000113600, 2.227238939618863000 ) ) ;
#4188 = DIRECTION ( 'NONE',  ( 0.0000000000000000000, 0.0000000000000000000, -1.000000000000000000 ) ) ;
#4189 = ORIENTED_EDGE ( 'NONE', *, *, #5077, .T. ) ;
#4190 = CARTESIAN_POINT ( 'NONE',  ( -1.274032028103504000, 0.1999999999999996500, 3.018461538461815900 ) ) ;
#4191 = ORIENTED_EDGE ( 'NONE', *, *, #2569, .T. ) ;
#4192 = EDGE_CURVE ( 'NONE', #790, #2625, #1710, .T. ) ;
#4193 = DIRECTION ( 'NONE',  ( -0.0000000000000000000, -1.000000000000000000, 0.0000000000000000000 ) ) ;
#4194 = ORIENTED_EDGE ( 'NONE', *, *, #1517, .F. ) ;
#4195 = DIRECTION ( 'NONE',  ( -0.0000000000000000000, -1.000000000000000000, 0.0000000000000000000 ) ) ;
#4196 = AXIS2_PLACEMENT_3D ( 'NONE', #4410, #441, #2486 ) ;
#4197 = DIRECTION ( 'NONE',  ( 0.0000000000000000000, 1.000000000000000000, -0.0000000000000000000 ) ) ;
#4198 = PRESENTATION_STYLE_ASSIGNMENT (( #154 ) ) ;
#4199 = ORIENTED_EDGE ( 'NONE', *, *, #3545, .F. ) ;
#4200 = CARTESIAN_POINT ( 'NONE',  ( -1.916339720411399400, 0.0000000000000000000, 2.100000000000045800 ) ) ;
#4201 = DIRECTION ( 'NONE',  ( 0.0000000000000000000, 1.000000000000000000, -0.0000000000000000000 ) ) ;
#4202 = DIRECTION ( 'NONE',  ( 0.0000000000000000000, -1.000000000000000000, -0.0000000000000000000 ) ) ;
#4203 = VECTOR ( 'NONE', #1709, 1000.000000000000000 ) ;
#4204 = VERTEX_POINT ( 'NONE', #2213 ) ;
#4205 = DIRECTION ( 'NONE',  ( -0.0000000000000000000, -0.0000000000000000000, 1.000000000000000000 ) ) ;
#4206 = AXIS2_PLACEMENT_3D ( 'NONE', #5898, #1405, #389 ) ;
#4207 = LINE ( 'NONE', #5202, #5454 ) ;
#4208 = CARTESIAN_POINT ( 'NONE',  ( -1.066339720411035000, 0.09999999999999982500, 2.900000000000229100 ) ) ;
#4209 = VERTEX_POINT ( 'NONE', #4126 ) ;
#4210 = VECTOR ( 'NONE', #517, 1000.000000000000000 ) ;
#4211 = ORIENTED_EDGE ( 'NONE', *, *, #2952, .F. ) ;
#4212 = EDGE_LOOP ( 'NONE', ( #3223, #3014, #5035, #4130 ) ) ;
#4213 = PRESENTATION_LAYER_ASSIGNMENT (  '', '', ( #2655 ) ) ;
#4214 = ORIENTED_EDGE ( 'NONE', *, *, #2584, .T. ) ;
#4215 = ORIENTED_EDGE ( 'NONE', *, *, #4382, .F. ) ;
#4216 = CARTESIAN_POINT ( 'NONE',  ( -1.274032028103504000, 0.1999999999999996500, 3.018461538461815900 ) ) ;
#4217 = PRESENTATION_LAYER_ASSIGNMENT (  '', '', ( #1896 ) ) ;
#4218 = FACE_OUTER_BOUND ( 'NONE', #54, .T. ) ;
#4219 = CYLINDRICAL_SURFACE ( 'NONE', #3659, 0.1999999999999317900 ) ;
#4220 = EDGE_CURVE ( 'NONE', #435, #2562, #5740, .T. ) ;
#4221 =( NAMED_UNIT ( * ) PLANE_ANGLE_UNIT ( ) SI_UNIT ( $, .RADIAN. ) );
#4222 = CARTESIAN_POINT ( 'NONE',  ( -1.266339720411307800, 0.1999999999999996500, 2.100000000000150600 ) ) ;
#4223 = DIRECTION ( 'NONE',  ( -0.0000000000000000000, -1.000000000000000000, 0.0000000000000000000 ) ) ;
#4224 = ORIENTED_EDGE ( 'NONE', *, *, #245, .T. ) ;
#4225 = DIRECTION ( 'NONE',  ( -0.0000000000000000000, -0.0000000000000000000, 1.000000000000000000 ) ) ;
#4226 = FACE_OUTER_BOUND ( 'NONE', #893, .T. ) ;
#4227 = UNCERTAINTY_MEASURE_WITH_UNIT (LENGTH_MEASURE( 1.000000000000000100E-005 ), #4869, 'distance_accuracy_value', 'NONE');
#4228 = FILL_AREA_STYLE_COLOUR ( '', #6003 ) ;
#4229 = DIRECTION ( 'NONE',  ( 0.0000000000000000000, 0.0000000000000000000, -1.000000000000000000 ) ) ;
#4230 = VERTEX_POINT ( 'NONE', #1127 ) ;
#4231 = ORIENTED_EDGE ( 'NONE', *, *, #642, .T. ) ;
#4232 = SURFACE_STYLE_FILL_AREA ( #3564 ) ;
#4233 = AXIS2_PLACEMENT_3D ( 'NONE', #6116, #5707, #248 ) ;
#4234 = PRESENTATION_STYLE_ASSIGNMENT (( #4144 ) ) ;
#4235 = DIRECTION ( 'NONE',  ( -0.08682659386424779200, -0.9924325091389669700, 0.08682659386424779200 ) ) ;
#4236 = VERTEX_POINT ( 'NONE', #3220 ) ;
#4237 = CARTESIAN_POINT ( 'NONE',  ( -1.916339720410827700, 0.09999999999999982500, 2.900000000000111400 ) ) ;
#4238 = VERTEX_POINT ( 'NONE', #3158 ) ;
#4239 = DIRECTION ( 'NONE',  ( 0.0000000000000000000, 1.000000000000000000, 0.0000000000000000000 ) ) ;
#4240 = EDGE_CURVE ( 'NONE', #3352, #3083, #5210, .T. ) ;
#4241 = CARTESIAN_POINT ( 'NONE',  ( -1.817097153120262700, 0.5200000000000000200, 2.000003627672315900 ) ) ;
#4242 = DIRECTION ( 'NONE',  ( -0.9230769230754696200, 0.0000000000000000000, -0.3846153846188730700 ) ) ;
#4243 = ORIENTED_EDGE ( 'NONE', *, *, #3344, .T. ) ;
#4244 = MECHANICAL_DESIGN_GEOMETRIC_PRESENTATION_REPRESENTATION (  '', ( #2591 ), #463 ) ;
#4245 = LINE ( 'NONE', #3784, #2470 ) ;
#4246 = DIRECTION ( 'NONE',  ( 0.0000000000000000000, 1.000000000000000000, -0.0000000000000000000 ) ) ;
#4247 = CARTESIAN_POINT ( 'NONE',  ( 0.4733156667138709900, 0.1999999999999996500, 2.028000000000611500 ) ) ;
#4248 = CARTESIAN_POINT ( 'NONE',  ( -1.716339720411126400, 0.09999999999999982500, 2.000000000000023100 ) ) ;
#4249 = COLOUR_RGB ( '',0.7921568627450980000, 0.8196078431372548800, 0.9333333333333333500 ) ;
#4250 = VERTEX_POINT ( 'NONE', #6178 ) ;
#4251 = PRESENTATION_STYLE_ASSIGNMENT (( #227 ) ) ;
#4252 = PRESENTATION_LAYER_ASSIGNMENT (  '', '', ( #4455 ) ) ;
#4253 = DIRECTION ( 'NONE',  ( -0.9961946980917455500, 0.08715574274765836000, 0.0000000000000000000 ) ) ;
#4254 = CARTESIAN_POINT ( 'NONE',  ( -2.016339720410853100, 0.09999999999999982500, 2.900000000000000800 ) ) ;
#4255 = AXIS2_PLACEMENT_3D ( 'NONE', #6160, #706, #637 ) ;
#4256 = EDGE_CURVE ( 'NONE', #4399, #5458, #2050, .T. ) ;
#4257 = FACE_OUTER_BOUND ( 'NONE', #3658, .T. ) ;
#4258 = ORIENTED_EDGE ( 'NONE', *, *, #3069, .T. ) ;
#4259 = CARTESIAN_POINT ( 'NONE',  ( -1.416339720411399000, 0.09999999999999982500, 3.200000000000182300 ) ) ;
#4260 = VECTOR ( 'NONE', #5911, 1000.000000000000000 ) ;
#4261 = CARTESIAN_POINT ( 'NONE',  ( 0.6836602795889648000, 0.1999999999999996500, 2.675000000000091300 ) ) ;
#4262 = CARTESIAN_POINT ( 'NONE',  ( 0.5556602795888085900, 0.2000000000000005100, 2.028000000000612000 ) ) ;
#4263 = UNCERTAINTY_MEASURE_WITH_UNIT (LENGTH_MEASURE( 1.000000000000000100E-005 ), #4819, 'distance_accuracy_value', 'NONE');
#4264 = DIRECTION ( 'NONE',  ( -1.000000000000000000, 0.0000000000000000000, 0.0000000000000000000 ) ) ;
#4265 = PRODUCT_RELATED_PRODUCT_CATEGORY ( 'part', '', ( #1631 ) ) ;
#4266 = LINE ( 'NONE', #5697, #3329 ) ;
#4267 = ORIENTED_EDGE ( 'NONE', *, *, #4654, .F. ) ;
#4268 = DIRECTION ( 'NONE',  ( -1.000000000000000000, 0.0000000000000000000, 0.0000000000000000000 ) ) ;
#4269 = EDGE_CURVE ( 'NONE', #4065, #1579, #6046, .T. ) ;
#4270 =( NAMED_UNIT ( * ) SI_UNIT ( $, .STERADIAN. ) SOLID_ANGLE_UNIT ( ) );
#4271 = FACE_OUTER_BOUND ( 'NONE', #4004, .T. ) ;
#4272 = ORIENTED_EDGE ( 'NONE', *, *, #545, .F. ) ;
#4273 = SURFACE_SIDE_STYLE ('',( #885 ) ) ;
#4274 = EDGE_LOOP ( 'NONE', ( #3769, #2510, #6218, #4423 ) ) ;
#4275 = AXIS2_PLACEMENT_3D ( 'NONE', #4045, #1030, #1577 ) ;
#4276 = CARTESIAN_POINT ( 'NONE',  ( -1.066339720411035600, 0.0000000000000000000, 2.100000000000045800 ) ) ;
#4277 = ORIENTED_EDGE ( 'NONE', *, *, #3934, .T. ) ;
#4278 = EDGE_CURVE ( 'NONE', #3893, #3840, #43, .T. ) ;
#4279 = DIRECTION ( 'NONE',  ( 0.0000000000000000000, 1.000000000000000000, -0.0000000000000000000 ) ) ;
#4280 = DIRECTION ( 'NONE',  ( -0.0000000000000000000, -1.000000000000000000, -0.0000000000000000000 ) ) ;
#4281 = CARTESIAN_POINT ( 'NONE',  ( -2.216339720411125900, 0.5200000000000000200, 3.200000000000182300 ) ) ;
#4282 = ORIENTED_EDGE ( 'NONE', *, *, #1698, .F. ) ;
#4283 = FILL_AREA_STYLE_COLOUR ( '', #6090 ) ;
#4284 = CIRCLE ( 'NONE', #6386, 0.1000000000000241100 ) ;
#4285 = ORIENTED_EDGE ( 'NONE', *, *, #2984, .T. ) ;
#4286 = LINE ( 'NONE', #6267, #2992 ) ;
#4287 = AXIS2_PLACEMENT_3D ( 'NONE', #274, #4795, #2878 ) ;
#4288 = ORIENTED_EDGE ( 'NONE', *, *, #3055, .T. ) ;
#4289 = DIRECTION ( 'NONE',  ( 1.000000000000000000, 0.0000000000000000000, 0.0000000000000000000 ) ) ;
#4290 = DIRECTION ( 'NONE',  ( 0.0000000000000000000, 1.000000000000000000, 0.0000000000000000000 ) ) ;
#4291 = DIRECTION ( 'NONE',  ( 1.000000000000000000, 0.0000000000000000000, 0.0000000000000000000 ) ) ;
#4292 = ORIENTED_EDGE ( 'NONE', *, *, #2122, .F. ) ;
#4293 = EDGE_CURVE ( 'NONE', #4461, #4892, #1624, .T. ) ;
#4294 = ORIENTED_EDGE ( 'NONE', *, *, #5313, .F. ) ;
#4295 =( LENGTH_UNIT ( ) NAMED_UNIT ( * ) SI_UNIT ( .MILLI., .METRE. ) );
#4296 = CARTESIAN_POINT ( 'NONE',  ( -1.274032028103504000, 0.09999999999999982500, 3.018461538461815900 ) ) ;
#4297 = SURFACE_STYLE_FILL_AREA ( #169 ) ;
#4298 = CYLINDRICAL_SURFACE ( 'NONE', #2452, 0.09999999999990767700 ) ;
#4299 = AXIS2_PLACEMENT_3D ( 'NONE', #3286, #4395, #355 ) ;
#4300 = VERTEX_POINT ( 'NONE', #5131 ) ;
#4301 = AXIS2_PLACEMENT_3D ( 'NONE', #2312, #3288, #280 ) ;
#4302 = DIRECTION ( 'NONE',  ( -0.0000000000000000000, -1.000000000000000000, 0.0000000000000000000 ) ) ;
#4303 = ORIENTED_EDGE ( 'NONE', *, *, #1636, .F. ) ;
#4304 = EDGE_CURVE ( 'NONE', #1436, #1894, #3416, .T. ) ;
#4305 = CYLINDRICAL_SURFACE ( 'NONE', #1605, 0.1000000000000241100 ) ;
#4306 = DIRECTION ( 'NONE',  ( 0.0000000000000000000, -1.000000000000000000, 0.0000000000000000000 ) ) ;
#4307 = DIRECTION ( 'NONE',  ( 0.0000000000000000000, 1.000000000000000000, 0.0000000000000000000 ) ) ;
#4308 = DIRECTION ( 'NONE',  ( -1.000000000000000000, 0.0000000000000000000, 0.0000000000000000000 ) ) ;
#4309 = CYLINDRICAL_SURFACE ( 'NONE', #6281, 0.09999999999945426200 ) ;
#4310 = ORIENTED_EDGE ( 'NONE', *, *, #5997, .F. ) ;
#4311 = ORIENTED_EDGE ( 'NONE', *, *, #6340, .T. ) ;
#4312 = FACE_BOUND ( 'NONE', #3888, .T. ) ;
#4313 = DIRECTION ( 'NONE',  ( 1.000000000000000000, 0.0000000000000000000, 0.0000000000000000000 ) ) ;
#4314 = DIRECTION ( 'NONE',  ( 0.0000000000000000000, 1.000000000000000000, 0.0000000000000000000 ) ) ;
#4315 = SURFACE_STYLE_USAGE ( .BOTH. , #4273 ) ;
#4316 = LINE ( 'NONE', #3704, #859 ) ;
#4317 = ORIENTED_EDGE ( 'NONE', *, *, #4428, .T. ) ;
#4318 = CLOSED_SHELL ( 'NONE', ( #962, #3341, #4440, #3976, #5355, #3402, #3011, #376, #5395, #5893, #4401, #6231, #2520, #5292, #4030, #1882, #3405, #934, #2558, #6431, #3834, #1399, #5453, #4912, #2008, #5406, #3006, #869, #409, #4723, #4533, #4884, #3959, #3733, #5742 ) ) ;
#4319 = EDGE_CURVE ( 'NONE', #4466, #2814, #2125, .T. ) ;
#4320 = DIRECTION ( 'NONE',  ( -0.0000000000000000000, -1.000000000000000000, 0.0000000000000000000 ) ) ;
#4321 = DIRECTION ( 'NONE',  ( -1.000000000000000000, 0.0000000000000000000, 0.0000000000000000000 ) ) ;
#4322 = ORIENTED_EDGE ( 'NONE', *, *, #3422, .F. ) ;
#4323 = MECHANICAL_DESIGN_GEOMETRIC_PRESENTATION_REPRESENTATION (  '', ( #2974 ), #3993 ) ;
#4324 = EDGE_CURVE ( 'NONE', #2893, #4803, #5889, .T. ) ;
#4325 = VECTOR ( 'NONE', #6441, 1000.000000000000000 ) ;
#4326 = DIRECTION ( 'NONE',  ( 0.0000000000000000000, 1.000000000000000000, 0.0000000000000000000 ) ) ;
#4327 = ORIENTED_EDGE ( 'NONE', *, *, #3696, .F. ) ;
#4328 = VECTOR ( 'NONE', #5746, 1000.000000000000000 ) ;
#4329 = MECHANICAL_DESIGN_GEOMETRIC_PRESENTATION_REPRESENTATION (  '', ( #3536 ), #4123 ) ;
#4330 = VERTEX_POINT ( 'NONE', #2671 ) ;
#4331 = CARTESIAN_POINT ( 'NONE',  ( -2.016339720411308700, 0.0000000000000000000, 2.100000000000074300 ) ) ;
#4332 = CARTESIAN_POINT ( 'NONE',  ( -2.216339720411125900, 0.0000000000000000000, 3.000000000000136800 ) ) ;
#4333 =( NAMED_UNIT ( * ) PLANE_ANGLE_UNIT ( ) SI_UNIT ( $, .RADIAN. ) );
#4334 =( GEOMETRIC_REPRESENTATION_CONTEXT ( 3 ) GLOBAL_UNCERTAINTY_ASSIGNED_CONTEXT ( ( #2174 ) ) GLOBAL_UNIT_ASSIGNED_CONTEXT ( ( #4534, #3460, #3034 ) ) REPRESENTATION_CONTEXT ( 'NONE', 'WORKASPACE' ) );
#4335 = DIRECTION ( 'NONE',  ( -1.000000000000000000, 0.0000000000000000000, 0.0000000000000000000 ) ) ;
#4336 = ORIENTED_EDGE ( 'NONE', *, *, #1743, .F. ) ;
#4337 = CARTESIAN_POINT ( 'NONE',  ( -1.316339720410930400, 0.1999999999999996500, 2.020000000000912600 ) ) ;
#4338 = STYLED_ITEM ( 'NONE', ( #5206 ), #4418 ) ;
#4339 = EDGE_CURVE ( 'NONE', #5467, #6151, #3197, .T. ) ;
#4340 = MANIFOLD_SOLID_BREP ( 'Body-Move/Copy1[4]', #836 ) ;
#4341 = LINE ( 'NONE', #3080, #5347 ) ;
#4342 = ORIENTED_EDGE ( 'NONE', *, *, #2806, .F. ) ;
#4343 = FILL_AREA_STYLE ('',( #2894 ) ) ;
#4344 = ORIENTED_EDGE ( 'NONE', *, *, #1947, .F. ) ;
#4345 = CARTESIAN_POINT ( 'NONE',  ( -0.04133972041117130200, 0.1999999999999996500, 3.100000000000045800 ) ) ;
#4346 = CARTESIAN_POINT ( 'NONE',  ( -1.349673053744338000, 0.1999999999999996500, 3.200000000000182300 ) ) ;
#4347 =( LENGTH_UNIT ( ) NAMED_UNIT ( * ) SI_UNIT ( .MILLI., .METRE. ) );
#4348 = CARTESIAN_POINT ( 'NONE',  ( 0.5836602795890560900, 0.09999999999999982500, 2.900000000000056800 ) ) ;
#4349 = ORIENTED_EDGE ( 'NONE', *, *, #2334, .T. ) ;
#4350 = ADVANCED_FACE ( 'NONE', ( #514 ), #1151, .T. ) ;
#4351 = ORIENTED_EDGE ( 'NONE', *, *, #5278, .T. ) ;
#4352 = AXIS2_PLACEMENT_3D ( 'NONE', #5470, #946, #2536 ) ;
#4353 = DIRECTION ( 'NONE',  ( 0.0000000000000000000, 0.0000000000000000000, 1.000000000000000000 ) ) ;
#4354 = FILL_AREA_STYLE_COLOUR ( '', #1237 ) ;
#4355 = PRODUCT_DEFINITION_SHAPE ( 'NONE', 'NONE',  #4388 ) ;
#4356 = ORIENTED_EDGE ( 'NONE', *, *, #2098, .T. ) ;
#4357 = PRESENTATION_LAYER_ASSIGNMENT (  '', '', ( #4035 ) ) ;
#4358 = LINE ( 'NONE', #4024, #3425 ) ;
#4359 = ORIENTED_EDGE ( 'NONE', *, *, #1659, .T. ) ;
#4360 = CIRCLE ( 'NONE', #3756, 0.1999999999999317900 ) ;
#4361 = EDGE_CURVE ( 'NONE', #2158, #5709, #3647, .T. ) ;
#4362 = CARTESIAN_POINT ( 'NONE',  ( -1.988339720410230700, 0.2000000000000005100, 2.110344612875447300 ) ) ;
#4363 = FACE_OUTER_BOUND ( 'NONE', #343, .T. ) ;
#4364 = SURFACE_STYLE_USAGE ( .BOTH. , #1350 ) ;
#4365 = FACE_OUTER_BOUND ( 'NONE', #1199, .T. ) ;
#4366 = DIRECTION ( 'NONE',  ( -0.0000000000000000000, -1.000000000000000000, -0.0000000000000000000 ) ) ;
#4367 = LINE ( 'NONE', #2496, #2754 ) ;
#4368 = PLANE ( 'NONE',  #2865 ) ;
#4369 = ORIENTED_EDGE ( 'NONE', *, *, #2361, .T. ) ;
#4370 = ORIENTED_EDGE ( 'NONE', *, *, #1525, .F. ) ;
#4371 = STYLED_ITEM ( 'NONE', ( #1654 ), #2972 ) ;
#4372 = EDGE_LOOP ( 'NONE', ( #3357, #1104, #1069, #1810 ) ) ;
#4373 = CARTESIAN_POINT ( 'NONE',  ( -1.616339720410762300, 0.0000000000000000000, 2.900000000000116700 ) ) ;
#4374 = PRESENTATION_STYLE_ASSIGNMENT (( #39 ) ) ;
#4375 = DIRECTION ( 'NONE',  ( -0.0000000000000000000, -1.000000000000000000, 0.0000000000000000000 ) ) ;
#4376 = ORIENTED_EDGE ( 'NONE', *, *, #166, .T. ) ;
#4377 =( NAMED_UNIT ( * ) PLANE_ANGLE_UNIT ( ) SI_UNIT ( $, .RADIAN. ) );
#4378 = AXIS2_PLACEMENT_3D ( 'NONE', #4492, #4320, #4822 ) ;
#4379 = CIRCLE ( 'NONE', #198, 0.09999999999990896700 ) ;
#4380 = CARTESIAN_POINT ( 'NONE',  ( -1.916339720410885800, 0.0000000000000000000, 3.000000000000136800 ) ) ;
#4381 = LINE ( 'NONE', #6291, #2228 ) ;
#4382 = EDGE_CURVE ( 'NONE', #688, #628, #2043, .T. ) ;
#4383 = ORIENTED_EDGE ( 'NONE', *, *, #2443, .F. ) ;
#4384 = ADVANCED_FACE ( 'NONE', ( #6201 ), #4592, .T. ) ;
#4385 = DIRECTION ( 'NONE',  ( -0.08682659386433073900, 0.9924325091389592000, 0.08682659386425485600 ) ) ;
#4386 = VERTEX_POINT ( 'NONE', #2318 ) ;
#4387 = FACE_OUTER_BOUND ( 'NONE', #3903, .T. ) ;
#4388 = PRODUCT_DEFINITION ( 'UNKNOWN', '', #2615, #1767 ) ;
#4389 = ADVANCED_FACE ( 'NONE', ( #4900 ), #1051, .F. ) ;
#4390 =( NAMED_UNIT ( * ) PLANE_ANGLE_UNIT ( ) SI_UNIT ( $, .RADIAN. ) );
#4391 = VECTOR ( 'NONE', #1707, 1000.000000000000000 ) ;
#4392 = EDGE_LOOP ( 'NONE', ( #5529, #4656, #725, #73 ) ) ;
#4393 = EDGE_CURVE ( 'NONE', #512, #1892, #1950, .T. ) ;
#4394 = VERTEX_POINT ( 'NONE', #2842 ) ;
#4395 = DIRECTION ( 'NONE',  ( 0.0000000000000000000, 0.0000000000000000000, 1.000000000000000000 ) ) ;
#4396 = DIRECTION ( 'NONE',  ( -0.0000000000000000000, 1.000000000000000000, 0.0000000000000000000 ) ) ;
#4397 = DIRECTION ( 'NONE',  ( 0.08682659386416571900, -0.9924325091389741800, 0.08682659386424843000 ) ) ;
#4398 = FACE_OUTER_BOUND ( 'NONE', #3401, .T. ) ;
#4399 = VERTEX_POINT ( 'NONE', #802 ) ;
#4400 = DIRECTION ( 'NONE',  ( 0.0000000000000000000, -1.000000000000000000, 0.0000000000000000000 ) ) ;
#4401 = ADVANCED_FACE ( 'NONE', ( #813 ), #3724, .F. ) ;
#4402 = STYLED_ITEM ( 'NONE', ( #6198 ), #1334 ) ;
#4403 = LINE ( 'NONE', #731, #5255 ) ;
#4404 = EDGE_LOOP ( 'NONE', ( #314, #3726, #4608, #2373 ) ) ;
#4405 = EDGE_CURVE ( 'NONE', #1704, #3417, #977, .T. ) ;
#4406 = CARTESIAN_POINT ( 'NONE',  ( -0.04133972041117195400, 0.09999999999999982500, 3.100000000000045800 ) ) ;
#4407 = VECTOR ( 'NONE', #6245, 1000.000000000000000 ) ;
#4408 = ORIENTED_EDGE ( 'NONE', *, *, #5067, .F. ) ;
#4409 = AXIS2_PLACEMENT_3D ( 'NONE', #5447, #2957, #4429 ) ;
#4410 = CARTESIAN_POINT ( 'NONE',  ( -1.616339720410989500, 0.09999999999999982500, 1.800000000000318700 ) ) ;
#4411 = VECTOR ( 'NONE', #770, 1000.000000000000200 ) ;
#4412 = CARTESIAN_POINT ( 'NONE',  ( -2.116339720411217800, 0.1999999999999996500, 3.000000000000023100 ) ) ;
#4413 = DIRECTION ( 'NONE',  ( -0.0000000000000000000, -0.0000000000000000000, 1.000000000000000000 ) ) ;
#4414 = DIRECTION ( 'NONE',  ( 1.000000000000000000, 0.0000000000000000000, 0.0000000000000000000 ) ) ;
#4415 = PRESENTATION_STYLE_ASSIGNMENT (( #4315 ) ) ;
#4416 = DIRECTION ( 'NONE',  ( -1.000000000000000000, 0.0000000000000000000, -5.204170427935305300E-014 ) ) ;
#4417 = EDGE_LOOP ( 'NONE', ( #2578, #3177, #1168, #3358 ) ) ;
#4418 = ADVANCED_FACE ( 'NONE', ( #1144 ), #2798, .F. ) ;
#4419 = DIRECTION ( 'NONE',  ( -1.000000000000000000, 0.0000000000000000000, 0.0000000000000000000 ) ) ;
#4420 = DIRECTION ( 'NONE',  ( -0.0000000000000000000, -1.000000000000000000, 0.0000000000000000000 ) ) ;
#4421 = ORIENTED_EDGE ( 'NONE', *, *, #3626, .F. ) ;
#4422 = DIRECTION ( 'NONE',  ( 0.0000000000000000000, 0.0000000000000000000, 1.000000000000000000 ) ) ;
#4423 = ORIENTED_EDGE ( 'NONE', *, *, #4515, .F. ) ;
#4424 = UNCERTAINTY_MEASURE_WITH_UNIT (LENGTH_MEASURE( 1.000000000000000100E-005 ), #5774, 'distance_accuracy_value', 'NONE');
#4425 = AXIS2_PLACEMENT_3D ( 'NONE', #1824, #455, #2726 ) ;
#4426 = DIRECTION ( 'NONE',  ( -1.000000000000000000, 0.0000000000000000000, 0.0000000000000000000 ) ) ;
#4427 = CLOSED_SHELL ( 'NONE', ( #3376, #1364, #14, #3541, #4816, #1471, #3437, #6348, #5033, #1510, #5934, #6089, #503, #899, #1951, #3467, #4389, #3892, #6420, #6000, #1450, #4418, #864, #2080, #2473, #6416, #4496, #4512, #6383, #3800, #101, #5015, #2972, #4993, #2943, #5422, #2503, #1476, #2060, #4880, #5979, #4978, #4947, #440, #4350, #3308, #1334, #5392, #2438, #2975, #1437, #795, #5530, #1548, #3040, #3942, #5714, #2634, #3965, #2411, #2541, #2909, #3041, #1994, #4483, #4478, #896, #2913, #6466, #3867, #3050, #2471, #1854, #2778 ) ) ;
#4428 = EDGE_CURVE ( 'NONE', #3979, #6187, #3192, .T. ) ;
#4429 = DIRECTION ( 'NONE',  ( 0.0000000000000000000, -1.000000000000000000, 0.0000000000000000000 ) ) ;
#4430 = SURFACE_STYLE_USAGE ( .BOTH. , #5959 ) ;
#4431 =( LENGTH_UNIT ( ) NAMED_UNIT ( * ) SI_UNIT ( .MILLI., .METRE. ) );
#4432 = VERTEX_POINT ( 'NONE', #3318 ) ;
#4433 = CARTESIAN_POINT ( 'NONE',  ( -1.716339720411012500, 0.0000000000000000000, 2.000000000000136800 ) ) ;
#4434 = EDGE_CURVE ( 'NONE', #5528, #4693, #4506, .T. ) ;
#4435 = EDGE_CURVE ( 'NONE', #4883, #3423, #3487, .T. ) ;
#4436 = DIRECTION ( 'NONE',  ( -0.0000000000000000000, -0.0000000000000000000, 1.000000000000000000 ) ) ;
#4437 = VERTEX_POINT ( 'NONE', #5819 ) ;
#4438 = ORIENTED_EDGE ( 'NONE', *, *, #5401, .F. ) ;
#4439 = MECHANICAL_DESIGN_GEOMETRIC_PRESENTATION_REPRESENTATION (  '', ( #1222 ), #3361 ) ;
#4440 = ADVANCED_FACE ( 'NONE', ( #1458 ), #1293, .F. ) ;
#4441 = FILL_AREA_STYLE_COLOUR ( '', #470 ) ;
#4442 = EDGE_CURVE ( 'NONE', #6385, #3360, #4114, .T. ) ;
#4443 = VECTOR ( 'NONE', #4289, 1000.000000000000000 ) ;
#4444 = ORIENTED_EDGE ( 'NONE', *, *, #3643, .T. ) ;
#4445 = VERTEX_POINT ( 'NONE', #5336 ) ;
#4446 = VERTEX_POINT ( 'NONE', #5803 ) ;
#4447 = CARTESIAN_POINT ( 'NONE',  ( -2.016339720410853100, 0.0000000000000000000, 2.900000000000055900 ) ) ;
#4448 =( GEOMETRIC_REPRESENTATION_CONTEXT ( 3 ) GLOBAL_UNCERTAINTY_ASSIGNED_CONTEXT ( ( #1628 ) ) GLOBAL_UNIT_ASSIGNED_CONTEXT ( ( #1671, #3669, #5682 ) ) REPRESENTATION_CONTEXT ( 'NONE', 'WORKASPACE' ) );
#4449 = DIRECTION ( 'NONE',  ( 0.0000000000000000000, 1.000000000000000000, -0.0000000000000000000 ) ) ;
#4450 = ORIENTED_EDGE ( 'NONE', *, *, #2605, .T. ) ;
#4451 = PRESENTATION_STYLE_ASSIGNMENT (( #1615 ) ) ;
#4452 = UNCERTAINTY_MEASURE_WITH_UNIT (LENGTH_MEASURE( 1.000000000000000100E-005 ), #6286, 'distance_accuracy_value', 'NONE');
#4453 = DIRECTION ( 'NONE',  ( -0.08682659386424847200, -0.9924325091389668600, 0.08682659386424782000 ) ) ;
#4454 = CARTESIAN_POINT ( 'NONE',  ( 0.7836602795888739600, 0.0000000000000000000, 3.200000000000182300 ) ) ;
#4455 = STYLED_ITEM ( 'NONE', ( #2390 ), #5714 ) ;
#4456 = SURFACE_STYLE_USAGE ( .BOTH. , #5019 ) ;
#4457 = LINE ( 'NONE', #5733, #1182 ) ;
#4458 = VERTEX_POINT ( 'NONE', #5784 ) ;
#4459 = STYLED_ITEM ( 'NONE', ( #5200 ), #4496 ) ;
#4460 = CARTESIAN_POINT ( 'NONE',  ( -2.216339720411126400, 0.1999999999999996500, 2.425000000000091300 ) ) ;
#4461 = VERTEX_POINT ( 'NONE', #2255 ) ;
#4462 = EDGE_CURVE ( 'NONE', #3761, #2056, #192, .T. ) ;
#4463 = DIRECTION ( 'NONE',  ( -1.000000000000000000, 0.0000000000000000000, 0.0000000000000000000 ) ) ;
#4464 =( NAMED_UNIT ( * ) SI_UNIT ( $, .STERADIAN. ) SOLID_ANGLE_UNIT ( ) );
#4465 = CYLINDRICAL_SURFACE ( 'NONE', #5296, 0.09999999999990485900 ) ;
#4466 = VERTEX_POINT ( 'NONE', #5468 ) ;
#4467 = FILL_AREA_STYLE_COLOUR ( '', #1219 ) ;
#4468 = ORIENTED_EDGE ( 'NONE', *, *, #819, .F. ) ;
#4469 = CARTESIAN_POINT ( 'NONE',  ( -0.3913397204113083800, 0.1999999999999996500, 1.900000000000000400 ) ) ;
#4470 = FILL_AREA_STYLE_COLOUR ( '', #6217 ) ;
#4471 = DIRECTION ( 'NONE',  ( 0.0000000000000000000, 0.0000000000000000000, -1.000000000000000000 ) ) ;
#4472 = EDGE_CURVE ( 'NONE', #4726, #689, #5734, .T. ) ;
#4473 = CYLINDRICAL_SURFACE ( 'NONE', #1494, 0.09999999999968171800 ) ;
#4474 = DIRECTION ( 'NONE',  ( 0.0000000000000000000, 1.000000000000000000, 0.0000000000000000000 ) ) ;
#4475 = ORIENTED_EDGE ( 'NONE', *, *, #2261, .F. ) ;
#4476 = LINE ( 'NONE', #5845, #3622 ) ;
#4477 = MECHANICAL_DESIGN_GEOMETRIC_PRESENTATION_REPRESENTATION (  '', ( #6131 ), #5678 ) ;
#4478 = ADVANCED_FACE ( 'NONE', ( #6427 ), #2485, .F. ) ;
#4479 = CARTESIAN_POINT ( 'NONE',  ( 0.3579233739251812000, 0.2345994752125249700, 2.225736905664238700 ) ) ;
#4480 = FACE_OUTER_BOUND ( 'NONE', #6058, .T. ) ;
#4481 = ORIENTED_EDGE ( 'NONE', *, *, #3886, .T. ) ;
#4482 = SURFACE_STYLE_USAGE ( .BOTH. , #3436 ) ;
#4483 = ADVANCED_FACE ( 'NONE', ( #4271 ), #6321, .F. ) ;
#4484 = PRESENTATION_LAYER_ASSIGNMENT (  '', '', ( #2752 ) ) ;
#4485 = FILL_AREA_STYLE_COLOUR ( '', #3870 ) ;
#4486 = DIRECTION ( 'NONE',  ( 0.3846153846188729600, 0.0000000000000000000, -0.9230769230754695100 ) ) ;
#4487 = EDGE_CURVE ( 'NONE', #1406, #5807, #2971, .T. ) ;
#4488 = PLANE ( 'NONE',  #6024 ) ;
#4489 = EDGE_LOOP ( 'NONE', ( #4901, #4923, #341, #3189 ) ) ;
#4490 = VECTOR ( 'NONE', #3605, 1000.000000000000000 ) ;
#4491 = SURFACE_STYLE_USAGE ( .BOTH. , #4979 ) ;
#4492 = CARTESIAN_POINT ( 'NONE',  ( -0.3913397204108536900, 0.1999999999999996500, 3.199999999999954900 ) ) ;
#4493 = AXIS2_PLACEMENT_3D ( 'NONE', #2592, #3118, #5573 ) ;
#4494 = EDGE_LOOP ( 'NONE', ( #5391, #5086, #3444, #4243 ) ) ;
#4495 = SURFACE_SIDE_STYLE ('',( #1889 ) ) ;
#4496 = ADVANCED_FACE ( 'NONE', ( #575 ), #5446, .F. ) ;
#4497 =( NAMED_UNIT ( * ) SI_UNIT ( $, .STERADIAN. ) SOLID_ANGLE_UNIT ( ) );
#4498 = ORIENTED_EDGE ( 'NONE', *, *, #3446, .T. ) ;
#4499 = CARTESIAN_POINT ( 'NONE',  ( -0.2913397204109440800, 0.09999999999999982500, 3.200000000000182300 ) ) ;
#4500 = COLOUR_RGB ( '',1.000000000000000000, 1.000000000000000000, 1.000000000000000000 ) ;
#4501 = ORIENTED_EDGE ( 'NONE', *, *, #6417, .T. ) ;
#4502 = EDGE_CURVE ( 'NONE', #1892, #3720, #4341, .T. ) ;
#4503 = CARTESIAN_POINT ( 'NONE',  ( -1.099673053744338700, 0.09999999999999982500, 3.100000000000273200 ) ) ;
#4504 = CARTESIAN_POINT ( 'NONE',  ( -1.066339720411035400, 0.1999999999999996500, 1.900000000000000100 ) ) ;
#4505 = CARTESIAN_POINT ( 'NONE',  ( -1.266339720411307800, 0.1999999999999996500, 2.100000000000150600 ) ) ;
#4506 = LINE ( 'NONE', #3817, #1539 ) ;
#4507 = DIRECTION ( 'NONE',  ( -0.0000000000000000000, -1.000000000000000000, 0.0000000000000000000 ) ) ;
#4508 = CARTESIAN_POINT ( 'NONE',  ( -1.966339720411155700, 0.1999999999999996500, 1.800000000000062000 ) ) ;
#4509 = ORIENTED_EDGE ( 'NONE', *, *, #1568, .F. ) ;
#4510 = DIRECTION ( 'NONE',  ( -0.0000000000000000000, -1.000000000000000000, 0.0000000000000000000 ) ) ;
#4511 = AXIS2_PLACEMENT_3D ( 'NONE', #6013, #4134, #1559 ) ;
#4512 = ADVANCED_FACE ( 'NONE', ( #1620 ), #4897, .T. ) ;
#4513 = DIRECTION ( 'NONE',  ( 0.0000000000000000000, -1.000000000000000000, 0.0000000000000000000 ) ) ;
#4514 = VECTOR ( 'NONE', #1177, 1000.000000000000200 ) ;
#4515 = EDGE_CURVE ( 'NONE', #1289, #6214, #2808, .T. ) ;
#4516 = VERTEX_POINT ( 'NONE', #1048 ) ;
#4517 = CARTESIAN_POINT ( 'NONE',  ( -1.616339720411101000, 0.1999999999999996500, 3.200000000000182300 ) ) ;
#4518 = ORIENTED_EDGE ( 'NONE', *, *, #4319, .F. ) ;
#4519 = COLOUR_RGB ( '',1.000000000000000000, 1.000000000000000000, 1.000000000000000000 ) ;
#4520 = EDGE_LOOP ( 'NONE', ( #3019, #3088, #3815, #4258 ) ) ;
#4521 =( NAMED_UNIT ( * ) PLANE_ANGLE_UNIT ( ) SI_UNIT ( $, .RADIAN. ) );
#4522 = LINE ( 'NONE', #2622, #4055 ) ;
#4523 = CARTESIAN_POINT ( 'NONE',  ( 0.6836602795889648000, 0.1999999999999996500, 1.999999999999909400 ) ) ;
#4524 = LINE ( 'NONE', #857, #1317 ) ;
#4525 = VECTOR ( 'NONE', #425, 1000.000000000000000 ) ;
#4526 = ORIENTED_EDGE ( 'NONE', *, *, #3520, .F. ) ;
#4527 = ORIENTED_EDGE ( 'NONE', *, *, #5322, .T. ) ;
#4528 = EDGE_CURVE ( 'NONE', #89, #2529, #261, .T. ) ;
#4529 = DIRECTION ( 'NONE',  ( -1.000000000000000000, 0.0000000000000000000, 0.0000000000000000000 ) ) ;
#4530 = DIRECTION ( 'NONE',  ( -1.000000000000000000, 0.0000000000000000000, 0.0000000000000000000 ) ) ;
#4531 = VERTEX_POINT ( 'NONE', #28 ) ;
#4532 = ORIENTED_EDGE ( 'NONE', *, *, #3390, .T. ) ;
#4533 = ADVANCED_FACE ( 'NONE', ( #495 ), #6036, .T. ) ;
#4534 =( LENGTH_UNIT ( ) NAMED_UNIT ( * ) SI_UNIT ( .MILLI., .METRE. ) );
#4535 = LINE ( 'NONE', #4016, #4847 ) ;
#4536 = DIRECTION ( 'NONE',  ( -0.0000000000000000000, -1.000000000000000000, 0.0000000000000000000 ) ) ;
#4537 = VECTOR ( 'NONE', #921, 1000.000000000000000 ) ;
#4538 = CIRCLE ( 'NONE', #4164, 0.09999999999990767700 ) ;
#4539 = SURFACE_SIDE_STYLE ('',( #49 ) ) ;
#4540 = STYLED_ITEM ( 'NONE', ( #2212 ), #2026 ) ;
#4541 = ORIENTED_EDGE ( 'NONE', *, *, #5787, .F. ) ;
#4542 = DIRECTION ( 'NONE',  ( 0.0000000000000000000, 0.0000000000000000000, 1.000000000000000000 ) ) ;
#4543 = EDGE_LOOP ( 'NONE', ( #1065, #4606, #6295, #537, #1129, #3688, #2848, #2003 ) ) ;
#4544 = PRESENTATION_STYLE_ASSIGNMENT (( #735 ) ) ;
#4545 = DIRECTION ( 'NONE',  ( 0.0000000000000000000, 0.0000000000000000000, -1.000000000000000000 ) ) ;
#4546 = VECTOR ( 'NONE', #5346, 1000.000000000000100 ) ;
#4547 =( NAMED_UNIT ( * ) PLANE_ANGLE_UNIT ( ) SI_UNIT ( $, .RADIAN. ) );
#4548 = ORIENTED_EDGE ( 'NONE', *, *, #3944, .F. ) ;
#4549 = ORIENTED_EDGE ( 'NONE', *, *, #5215, .T. ) ;
#4550 = MECHANICAL_DESIGN_GEOMETRIC_PRESENTATION_REPRESENTATION (  '', ( #5452 ), #386 ) ;
#4551 = CARTESIAN_POINT ( 'NONE',  ( 0.5836566519171044700, 0.5200000000000001300, 2.082348240547252900 ) ) ;
#4552 = LINE ( 'NONE', #2716, #4391 ) ;
#4553 = ORIENTED_EDGE ( 'NONE', *, *, #5445, .T. ) ;
#4554 = PRESENTATION_STYLE_ASSIGNMENT (( #3037 ) ) ;
#4555 = CIRCLE ( 'NONE', #3816, 0.1000000000000228200 ) ;
#4556 = CARTESIAN_POINT ( 'NONE',  ( -2.216339720411130800, 0.1999999999999996500, 2.675000000000095700 ) ) ;
#4557 = PRESENTATION_LAYER_ASSIGNMENT (  '', '', ( #1771 ) ) ;
#4558 = DIRECTION ( 'NONE',  ( -1.000000000000000000, -0.0000000000000000000, -0.0000000000000000000 ) ) ;
#4559 = AXIS2_PLACEMENT_3D ( 'NONE', #1617, #3131, #6059 ) ;
#4560 = VECTOR ( 'NONE', #3029, 999.9999999999998900 ) ;
#4561 = VERTEX_POINT ( 'NONE', #1006 ) ;
#4562 = EDGE_CURVE ( 'NONE', #5528, #168, #5875, .T. ) ;
#4563 = DIRECTION ( 'NONE',  ( -1.000000000000000000, 0.0000000000000000000, 0.0000000000000000000 ) ) ;
#4564 = SURFACE_STYLE_USAGE ( .BOTH. , #42 ) ;
#4565 = DIRECTION ( 'NONE',  ( -0.0000000000000000000, -1.000000000000000000, 0.0000000000000000000 ) ) ;
#4566 = ORIENTED_EDGE ( 'NONE', *, *, #5473, .F. ) ;
#4567 = DIRECTION ( 'NONE',  ( 0.9961946980917455500, 0.08715574274765836000, 9.597692108297220200E-013 ) ) ;
#4568 = VECTOR ( 'NONE', #1326, 1000.000000000000000 ) ;
#4569 = DIRECTION ( 'NONE',  ( -1.000000000000000000, 0.0000000000000000000, 0.0000000000000000000 ) ) ;
#4570 = DIRECTION ( 'NONE',  ( -0.0000000000000000000, -1.000000000000000000, 0.0000000000000000000 ) ) ;
#4571 = ORIENTED_EDGE ( 'NONE', *, *, #3886, .F. ) ;
#4572 =( GEOMETRIC_REPRESENTATION_CONTEXT ( 3 ) GLOBAL_UNCERTAINTY_ASSIGNED_CONTEXT ( ( #324 ) ) GLOBAL_UNIT_ASSIGNED_CONTEXT ( ( #3024, #4940, #1465 ) ) REPRESENTATION_CONTEXT ( 'NONE', 'WORKASPACE' ) );
#4573 = VECTOR ( 'NONE', #4413, 1000.000000000000000 ) ;
#4574 = FILL_AREA_STYLE ('',( #56 ) ) ;
#4575 = SURFACE_STYLE_FILL_AREA ( #4905 ) ;
#4576 = SURFACE_SIDE_STYLE ('',( #3209 ) ) ;
#4577 = EDGE_LOOP ( 'NONE', ( #69, #2511, #385, #4844 ) ) ;
#4578 = PRESENTATION_LAYER_ASSIGNMENT (  '', '', ( #1431 ) ) ;
#4579 = DIRECTION ( 'NONE',  ( 1.000000000000000000, 0.0000000000000000000, 0.0000000000000000000 ) ) ;
#4580 = EDGE_LOOP ( 'NONE', ( #1474, #6153, #2702, #1480 ) ) ;
#4581 = CARTESIAN_POINT ( 'NONE',  ( -1.474673053744338400, 0.09999999999999982500, 1.800000000000091300 ) ) ;
#4582 = CARTESIAN_POINT ( 'NONE',  ( -1.066339720411035000, 0.0000000000000000000, 2.900000000000229100 ) ) ;
#4583 = EDGE_CURVE ( 'NONE', #3979, #4981, #2186, .T. ) ;
#4584 = DIRECTION ( 'NONE',  ( -1.000000000000000000, 0.0000000000000000000, 0.0000000000000000000 ) ) ;
#4585 = VECTOR ( 'NONE', #2795, 1000.000000000000000 ) ;
#4586 = VERTEX_POINT ( 'NONE', #5105 ) ;
#4587 = DIRECTION ( 'NONE',  ( -0.0000000000000000000, 1.000000000000000000, -0.0000000000000000000 ) ) ;
#4588 = SURFACE_SIDE_STYLE ('',( #1137 ) ) ;
#4589 = PRESENTATION_LAYER_ASSIGNMENT (  '', '', ( #1354 ) ) ;
#4590 = CARTESIAN_POINT ( 'NONE',  ( -1.274032028103503800, 0.1999999999999996500, 3.018461538461815900 ) ) ;
#4591 = SURFACE_STYLE_USAGE ( .BOTH. , #2093 ) ;
#4592 = CYLINDRICAL_SURFACE ( 'NONE', #4129, 0.09999999999990896700 ) ;
#4593 = DIRECTION ( 'NONE',  ( 0.0000000000000000000, -1.000000000000000000, 0.0000000000000000000 ) ) ;
#4594 = VECTOR ( 'NONE', #195, 1000.000000000000100 ) ;
#4595 = VERTEX_POINT ( 'NONE', #1026 ) ;
#4596 = DIRECTION ( 'NONE',  ( 0.0000000000000000000, 1.000000000000000000, -0.0000000000000000000 ) ) ;
#4597 = STYLED_ITEM ( 'NONE', ( #2742 ), #4115 ) ;
#4598 = ORIENTED_EDGE ( 'NONE', *, *, #4638, .F. ) ;
#4599 = EDGE_CURVE ( 'NONE', #5910, #4726, #4655, .T. ) ;
#4600 = CARTESIAN_POINT ( 'NONE',  ( -1.866339720411217500, 0.09999999999999982500, 1.800000000000091300 ) ) ;
#4601 = FILL_AREA_STYLE_COLOUR ( '', #505 ) ;
#4602 = CARTESIAN_POINT ( 'NONE',  ( 0.4836602795891464200, 0.0000000000000000000, 3.000000000000364200 ) ) ;
#4603 = PLANE ( 'NONE',  #469 ) ;
#4604 = VECTOR ( 'NONE', #3003, 1000.000000000000000 ) ;
#4605 =( NAMED_UNIT ( * ) SI_UNIT ( $, .STERADIAN. ) SOLID_ANGLE_UNIT ( ) );
#4606 = ORIENTED_EDGE ( 'NONE', *, *, #5824, .F. ) ;
#4607 = EDGE_CURVE ( 'NONE', #5895, #459, #6194, .T. ) ;
#4608 = ORIENTED_EDGE ( 'NONE', *, *, #602, .F. ) ;
#4609 = ORIENTED_EDGE ( 'NONE', *, *, #3844, .F. ) ;
#4610 = ADVANCED_FACE ( 'NONE', ( #1128 ), #5570, .T. ) ;
#4611 = DIRECTION ( 'NONE',  ( -1.000000000000000000, -0.0000000000000000000, -0.0000000000000000000 ) ) ;
#4612 = VECTOR ( 'NONE', #887, 1000.000000000000000 ) ;
#4613 = CYLINDRICAL_SURFACE ( 'NONE', #6435, 0.09999999999990615000 ) ;
#4614 = ORIENTED_EDGE ( 'NONE', *, *, #4942, .T. ) ;
#4615 = VECTOR ( 'NONE', #23, 1000.000000000000000 ) ;
#4616 = DIRECTION ( 'NONE',  ( 0.0000000000000000000, 0.0000000000000000000, -1.000000000000000000 ) ) ;
#4617 = EDGE_CURVE ( 'NONE', #360, #3340, #4811, .T. ) ;
#4618 = SURFACE_STYLE_USAGE ( .BOTH. , #3608 ) ;
#4619 = DIRECTION ( 'NONE',  ( -0.9961946980917455500, 0.08715574274765847100, 0.0000000000000000000 ) ) ;
#4620 = DIRECTION ( 'NONE',  ( -0.0000000000000000000, -1.000000000000000000, -0.0000000000000000000 ) ) ;
#4621 = VERTEX_POINT ( 'NONE', #2146 ) ;
#4622 = DIRECTION ( 'NONE',  ( -0.0000000000000000000, -1.000000000000000000, 0.0000000000000000000 ) ) ;
#4623 = EDGE_LOOP ( 'NONE', ( #4034, #4438, #4211, #4267 ) ) ;
#4624 = CYLINDRICAL_SURFACE ( 'NONE', #481, 0.1000000000004684200 ) ;
#4625 = AXIS2_PLACEMENT_3D ( 'NONE', #2355, #3338, #4976 ) ;
#4626 = PLANE ( 'NONE',  #1036 ) ;
#4627 = DIRECTION ( 'NONE',  ( -1.000000000000000000, 0.0000000000000000000, 0.0000000000000000000 ) ) ;
#4628 = PRESENTATION_STYLE_ASSIGNMENT (( #3723 ) ) ;
#4629 = ORIENTED_EDGE ( 'NONE', *, *, #3113, .F. ) ;
#4630 = CARTESIAN_POINT ( 'NONE',  ( 0.5556602795888090400, 0.1999999999999996500, 2.772761060381785400 ) ) ;
#4631 = ORIENTED_EDGE ( 'NONE', *, *, #563, .F. ) ;
#4632 = AXIS2_PLACEMENT_3D ( 'NONE', #2920, #4449, #1374 ) ;
#4633 = LINE ( 'NONE', #1872, #3606 ) ;
#4634 = UNCERTAINTY_MEASURE_WITH_UNIT (LENGTH_MEASURE( 1.000000000000000100E-005 ), #6381, 'distance_accuracy_value', 'NONE');
#4635 = DIRECTION ( 'NONE',  ( -1.000000000000000000, -0.0000000000000000000, -0.0000000000000000000 ) ) ;
#4636 = ORIENTED_EDGE ( 'NONE', *, *, #5912, .F. ) ;
#4637 = AXIS2_PLACEMENT_3D ( 'NONE', #4281, #1795, #5749 ) ;
#4638 = EDGE_CURVE ( 'NONE', #3340, #2397, #732, .T. ) ;
#4639 = CARTESIAN_POINT ( 'NONE',  ( -1.066339720411490400, 0.0000000000000000000, 2.900000000000199300 ) ) ;
#4640 = CARTESIAN_POINT ( 'NONE',  ( 0.7836602795884186600, 0.09999999999999982500, 2.675000000000091300 ) ) ;
#4641 = DIRECTION ( 'NONE',  ( 0.3846153846147276100, 0.0000000000000000000, -0.9230769230771968000 ) ) ;
#4642 =( NAMED_UNIT ( * ) SI_UNIT ( $, .STERADIAN. ) SOLID_ANGLE_UNIT ( ) );
#4643 = PRESENTATION_STYLE_ASSIGNMENT (( #4364 ) ) ;
#4644 = CARTESIAN_POINT ( 'NONE',  ( -0.04133972041139941800, 0.1999999999999996500, 1.900000000000000400 ) ) ;
#4645 = AXIS2_PLACEMENT_3D ( 'NONE', #3897, #845, #5397 ) ;
#4646 = DIRECTION ( 'NONE',  ( -1.000000000000000000, 0.0000000000000000000, 0.0000000000000000000 ) ) ;
#4647 = EDGE_CURVE ( 'NONE', #60, #510, #6421, .T. ) ;
#4648 =( NAMED_UNIT ( * ) PLANE_ANGLE_UNIT ( ) SI_UNIT ( $, .RADIAN. ) );
#4649 = DIRECTION ( 'NONE',  ( -1.000000000000000000, -0.0000000000000000000, -0.0000000000000000000 ) ) ;
#4650 = DIRECTION ( 'NONE',  ( -0.3846153846147276100, 0.0000000000000000000, 0.9230769230771968000 ) ) ;
#4651 = FACE_OUTER_BOUND ( 'NONE', #2252, .T. ) ;
#4652 = DIRECTION ( 'NONE',  ( -0.0000000000000000000, 1.000000000000000000, 0.0000000000000000000 ) ) ;
#4653 = PRESENTATION_STYLE_ASSIGNMENT (( #2199 ) ) ;
#4654 = EDGE_CURVE ( 'NONE', #5458, #4081, #2412, .T. ) ;
#4655 = CIRCLE ( 'NONE', #521, 0.09999999999991308900 ) ;
#4656 = ORIENTED_EDGE ( 'NONE', *, *, #3326, .F. ) ;
#4657 = VERTEX_POINT ( 'NONE', #1197 ) ;
#4658 = DIRECTION ( 'NONE',  ( -0.0000000000000000000, -1.000000000000000000, -0.0000000000000000000 ) ) ;
#4659 = DIRECTION ( 'NONE',  ( 0.0000000000000000000, -1.000000000000000000, 0.0000000000000000000 ) ) ;
#4660 = CARTESIAN_POINT ( 'NONE',  ( 0.3844177122987648700, 0.5200000000000047900, 2.999996372328477700 ) ) ;
#4661 = STYLED_ITEM ( 'NONE', ( #5679 ), #2438 ) ;
#4662 = SURFACE_STYLE_FILL_AREA ( #3362 ) ;
#4663 = ORIENTED_EDGE ( 'NONE', *, *, #3778, .F. ) ;
#4664 = CARTESIAN_POINT ( 'NONE',  ( -2.016339720411310500, 0.1999999999999996500, 1.900000000000000400 ) ) ;
#4665 = LINE ( 'NONE', #2653, #3645 ) ;
#4666 = EDGE_CURVE ( 'NONE', #435, #3734, #359, .T. ) ;
#4667 = UNCERTAINTY_MEASURE_WITH_UNIT (LENGTH_MEASURE( 1.000000000000000100E-005 ), #3439, 'distance_accuracy_value', 'NONE');
#4668 = DIRECTION ( 'NONE',  ( 0.0000000000000000000, 1.000000000000000000, -0.0000000000000000000 ) ) ;
#4669 = ORIENTED_EDGE ( 'NONE', *, *, #2325, .F. ) ;
#4670 = CARTESIAN_POINT ( 'NONE',  ( -1.966339720411183000, 0.1999999999999996500, 3.100000000000045800 ) ) ;
#4671 = VERTEX_POINT ( 'NONE', #5127 ) ;
#4672 = FILL_AREA_STYLE ('',( #4148 ) ) ;
#4673 = AXIS2_PLACEMENT_3D ( 'NONE', #3240, #136, #640 ) ;
#4674 = CARTESIAN_POINT ( 'NONE',  ( -1.266339720411307800, 0.1999999999999996500, 2.100000000000045800 ) ) ;
#4675 = PRESENTATION_STYLE_ASSIGNMENT (( #6411 ) ) ;
#4676 = DIRECTION ( 'NONE',  ( -0.0000000000000000000, -1.000000000000000000, 0.0000000000000000000 ) ) ;
#4677 = ORIENTED_EDGE ( 'NONE', *, *, #5976, .T. ) ;
#4678 = PRESENTATION_LAYER_ASSIGNMENT (  '', '', ( #95 ) ) ;
#4679 = VECTOR ( 'NONE', #508, 1000.000000000000000 ) ;
#4680 = MECHANICAL_DESIGN_GEOMETRIC_PRESENTATION_REPRESENTATION (  '', ( #4338 ), #5785 ) ;
#4681 = CARTESIAN_POINT ( 'NONE',  ( -2.016339720411308300, 0.1999999999999996500, 1.900000000000000400 ) ) ;
#4682 = VERTEX_POINT ( 'NONE', #2168 ) ;
#4683 = EDGE_CURVE ( 'NONE', #2968, #878, #2114, .T. ) ;
#4684 = CARTESIAN_POINT ( 'NONE',  ( -2.116339720411217800, 0.1999999999999996500, 2.675000000000091300 ) ) ;
#4685 = VECTOR ( 'NONE', #3403, 1000.000000000000000 ) ;
#4686 = CARTESIAN_POINT ( 'NONE',  ( -2.116339720411216900, 0.1999999999999996500, 3.200000000000182300 ) ) ;
#4687 = CARTESIAN_POINT ( 'NONE',  ( -1.099673053744500300, 0.1999999999999996500, 3.200000000000195100 ) ) ;
#4688 = FACE_OUTER_BOUND ( 'NONE', #3777, .T. ) ;
#4689 = CARTESIAN_POINT ( 'NONE',  ( -0.9663397204111265900, 0.09999999999999982500, 2.000000000000137200 ) ) ;
#4690 = LINE ( 'NONE', #3674, #4921 ) ;
#4691 = ORIENTED_EDGE ( 'NONE', *, *, #1878, .T. ) ;
#4692 = ORIENTED_EDGE ( 'NONE', *, *, #6418, .T. ) ;
#4693 = VERTEX_POINT ( 'NONE', #4698 ) ;
#4694 = DIRECTION ( 'NONE',  ( 1.000000000000000000, 0.0000000000000000000, 0.0000000000000000000 ) ) ;
#4695 = SURFACE_STYLE_USAGE ( .BOTH. , #3655 ) ;
#4696 = CARTESIAN_POINT ( 'NONE',  ( -1.616339720411331200, 0.1999999999999996500, 2.900000000000114500 ) ) ;
#4697 = FACE_OUTER_BOUND ( 'NONE', #3707, .T. ) ;
#4698 = CARTESIAN_POINT ( 'NONE',  ( 0.6836602795889648000, 0.09999999999999982500, 2.325000000000181800 ) ) ;
#4699 = CARTESIAN_POINT ( 'NONE',  ( -2.116339720411216900, 0.09999999999999982500, 1.999999999999907200 ) ) ;
#4700 = STYLED_ITEM ( 'NONE', ( #4770 ), #896 ) ;
#4701 = ORIENTED_EDGE ( 'NONE', *, *, #2272, .F. ) ;
#4702 = ORIENTED_EDGE ( 'NONE', *, *, #4393, .F. ) ;
#4703 = SURFACE_STYLE_FILL_AREA ( #4185 ) ;
#4704 = VECTOR ( 'NONE', #6419, 1000.000000000000000 ) ;
#4705 = SURFACE_STYLE_USAGE ( .BOTH. , #5198 ) ;
#4706 = MECHANICAL_DESIGN_GEOMETRIC_PRESENTATION_REPRESENTATION (  '', ( #3729 ), #875 ) ;
#4707 = ORIENTED_EDGE ( 'NONE', *, *, #3776, .F. ) ;
#4708 = CARTESIAN_POINT ( 'NONE',  ( -0.1413397204113086000, 0.09999999999999982500, 1.800000000000091300 ) ) ;
#4709 = EDGE_CURVE ( 'NONE', #5379, #2576, #4266, .T. ) ;
#4710 = FILL_AREA_STYLE ('',( #2200 ) ) ;
#4711 = FACE_OUTER_BOUND ( 'NONE', #5750, .T. ) ;
#4712 = VERTEX_POINT ( 'NONE', #2668 ) ;
#4713 = ORIENTED_EDGE ( 'NONE', *, *, #618, .F. ) ;
#4714 = PRESENTATION_LAYER_ASSIGNMENT (  '', '', ( #5245 ) ) ;
#4715 = LINE ( 'NONE', #5616, #4789 ) ;
#4716 = UNCERTAINTY_MEASURE_WITH_UNIT (LENGTH_MEASURE( 1.000000000000000100E-005 ), #3544, 'distance_accuracy_value', 'NONE');
#4717 = CARTESIAN_POINT ( 'NONE',  ( 0.7836602795884191100, 0.09999999999999982500, 2.325000000000181800 ) ) ;
#4718 = CARTESIAN_POINT ( 'NONE',  ( 0.4733156667138757000, 0.1999999999999996500, 2.972000000000129600 ) ) ;
#4719 = VECTOR ( 'NONE', #5962, 1000.000000000000000 ) ;
#4720 = ORIENTED_EDGE ( 'NONE', *, *, #4727, .F. ) ;
#4721 = DIRECTION ( 'NONE',  ( 0.0000000000000000000, 1.000000000000000000, 0.0000000000000000000 ) ) ;
#4722 = FILL_AREA_STYLE_COLOUR ( '', #5811 ) ;
#4723 = ADVANCED_FACE ( 'NONE', ( #2028 ), #5638, .F. ) ;
#4724 = STYLED_ITEM ( 'NONE', ( #5353 ), #4350 ) ;
#4725 = VECTOR ( 'NONE', #1446, 1000.000000000000000 ) ;
#4726 = VERTEX_POINT ( 'NONE', #126 ) ;
#4727 = EDGE_CURVE ( 'NONE', #5807, #1892, #1943, .T. ) ;
#4728 = CYLINDRICAL_SURFACE ( 'NONE', #2927, 0.1000000000000256400 ) ;
#4729 = DIRECTION ( 'NONE',  ( 0.3846153846147282200, 0.0000000000000000000, -0.9230769230771965800 ) ) ;
#4730 = CARTESIAN_POINT ( 'NONE',  ( -0.1413397204103989700, 0.1999999999999996500, 3.200000000000182300 ) ) ;
#4731 =( NAMED_UNIT ( * ) PLANE_ANGLE_UNIT ( ) SI_UNIT ( $, .RADIAN. ) );
#4732 = PLANE ( 'NONE',  #4637 ) ;
#4733 = CARTESIAN_POINT ( 'NONE',  ( -1.066339720411263000, 0.09999999999999982500, 2.100000000000045800 ) ) ;
#4734 = LINE ( 'NONE', #6141, #6334 ) ;
#4735 = FILL_AREA_STYLE ('',( #1228 ) ) ;
#4736 = EDGE_CURVE ( 'NONE', #3676, #2625, #1044, .T. ) ;
#4737 =( LENGTH_UNIT ( ) NAMED_UNIT ( * ) SI_UNIT ( .MILLI., .METRE. ) );
#4738 = CARTESIAN_POINT ( 'NONE',  ( -1.266339720411307800, 0.1999999999999996500, 2.100000000000045800 ) ) ;
#4739 = ORIENTED_EDGE ( 'NONE', *, *, #2737, .T. ) ;
#4740 = ORIENTED_EDGE ( 'NONE', *, *, #4304, .T. ) ;
#4741 = AXIS2_PLACEMENT_3D ( 'NONE', #3553, #1646, #4066 ) ;
#4742 = VERTEX_POINT ( 'NONE', #6129 ) ;
#4743 = EDGE_CURVE ( 'NONE', #5090, #6017, #5427, .T. ) ;
#4744 = FILL_AREA_STYLE ('',( #4154 ) ) ;
#4745 = FILL_AREA_STYLE ('',( #1223 ) ) ;
#4746 = UNCERTAINTY_MEASURE_WITH_UNIT (LENGTH_MEASURE( 1.000000000000000100E-005 ), #5195, 'distance_accuracy_value', 'NONE');
#4747 = CARTESIAN_POINT ( 'NONE',  ( -1.988339720410868600, 0.1999999999999996500, 2.772761060381882200 ) ) ;
#4748 = PRESENTATION_LAYER_ASSIGNMENT (  '', '', ( #3529 ) ) ;
#4749 = SURFACE_STYLE_USAGE ( .BOTH. , #3652 ) ;
#4750 = FILL_AREA_STYLE ('',( #5220 ) ) ;
#4751 = VECTOR ( 'NONE', #3687, 1000.000000000000000 ) ;
#4752 = VERTEX_POINT ( 'NONE', #1217 ) ;
#4753 = SURFACE_STYLE_USAGE ( .BOTH. , #1234 ) ;
#4754 = DIRECTION ( 'NONE',  ( 0.0000000000000000000, -1.000000000000000000, -0.0000000000000000000 ) ) ;
#4755 = DIRECTION ( 'NONE',  ( -1.000000000000000000, 0.0000000000000000000, 0.0000000000000000000 ) ) ;
#4756 = FACE_OUTER_BOUND ( 'NONE', #2803, .T. ) ;
#4757 = ORIENTED_EDGE ( 'NONE', *, *, #3200, .F. ) ;
#4758 = STYLED_ITEM ( 'NONE', ( #2911 ), #3892 ) ;
#4759 = ORIENTED_EDGE ( 'NONE', *, *, #3302, .F. ) ;
#4760 = VECTOR ( 'NONE', #905, 1000.000000000000000 ) ;
#4761 = DIRECTION ( 'NONE',  ( -0.0000000000000000000, -1.000000000000000000, 0.0000000000000000000 ) ) ;
#4762 = LINE ( 'NONE', #5552, #520 ) ;
#4763 = SURFACE_STYLE_FILL_AREA ( #2964 ) ;
#4764 = CARTESIAN_POINT ( 'NONE',  ( -1.066339720411157300, 0.1999999999999996500, 2.100000000000150600 ) ) ;
#4765 = VERTEX_POINT ( 'NONE', #4670 ) ;
#4766 = FACE_BOUND ( 'NONE', #2488, .T. ) ;
#4767 = ORIENTED_EDGE ( 'NONE', *, *, #166, .F. ) ;
#4768 = DIRECTION ( 'NONE',  ( -0.0000000000000000000, -0.0000000000000000000, 1.000000000000000000 ) ) ;
#4769 = CYLINDRICAL_SURFACE ( 'NONE', #540, 0.09999999999993824900 ) ;
#4770 = PRESENTATION_STYLE_ASSIGNMENT (( #109 ) ) ;
#4771 = VECTOR ( 'NONE', #2273, 1000.000000000000000 ) ;
#4772 = EDGE_CURVE ( 'NONE', #264, #711, #3798, .T. ) ;
#4773 = DIRECTION ( 'NONE',  ( 1.000000000000000000, 0.0000000000000000000, 0.0000000000000000000 ) ) ;
#4774 = CARTESIAN_POINT ( 'NONE',  ( 0.7836602795884191100, 0.1999999999999996500, 2.325000000000181800 ) ) ;
#4775 =( NAMED_UNIT ( * ) PLANE_ANGLE_UNIT ( ) SI_UNIT ( $, .RADIAN. ) );
#4776 = EDGE_LOOP ( 'NONE', ( #1459, #3602, #814, #156 ) ) ;
#4777 = FILL_AREA_STYLE ('',( #3283 ) ) ;
#4778 = ORIENTED_EDGE ( 'NONE', *, *, #18, .F. ) ;
#4779 =( LENGTH_UNIT ( ) NAMED_UNIT ( * ) SI_UNIT ( .MILLI., .METRE. ) );
#4780 = ORIENTED_EDGE ( 'NONE', *, *, #1861, .T. ) ;
#4781 = CARTESIAN_POINT ( 'NONE',  ( -0.04133972041094405300, 0.1999999999999996500, 3.199999999999500100 ) ) ;
#4782 = EDGE_CURVE ( 'NONE', #5709, #6164, #1785, .T. ) ;
#4783 = ORIENTED_EDGE ( 'NONE', *, *, #4220, .T. ) ;
#4784 = COLOUR_RGB ( '',1.000000000000000000, 1.000000000000000000, 1.000000000000000000 ) ;
#4785 = EDGE_CURVE ( 'NONE', #5837, #2667, #6270, .T. ) ;
#4786 = DIRECTION ( 'NONE',  ( -1.000000000000000000, -0.0000000000000000000, -0.0000000000000000000 ) ) ;
#4787 = EDGE_LOOP ( 'NONE', ( #5916, #2828, #2830, #6210 ) ) ;
#4788 = EDGE_LOOP ( 'NONE', ( #5857, #480, #4948, #5387 ) ) ;
#4789 = VECTOR ( 'NONE', #3640, 1000.000000000000000 ) ;
#4790 = AXIS2_PLACEMENT_3D ( 'NONE', #6188, #1706, #671 ) ;
#4791 = SURFACE_STYLE_USAGE ( .BOTH. , #268 ) ;
#4792 = ORIENTED_EDGE ( 'NONE', *, *, #5948, .T. ) ;
#4793 = EDGE_CURVE ( 'NONE', #168, #1295, #2487, .T. ) ;
#4794 = ORIENTED_EDGE ( 'NONE', *, *, #1324, .F. ) ;
#4795 = DIRECTION ( 'NONE',  ( -0.0000000000000000000, -1.000000000000000000, 0.0000000000000000000 ) ) ;
#4796 = PRESENTATION_STYLE_ASSIGNMENT (( #2328 ) ) ;
#4797 = ORIENTED_EDGE ( 'NONE', *, *, #3998, .T. ) ;
#4798 = MECHANICAL_DESIGN_GEOMETRIC_PRESENTATION_REPRESENTATION (  '', ( #1401 ), #299 ) ;
#4799 = CIRCLE ( 'NONE', #318, 0.2000000000001505900 ) ;
#4800 = CARTESIAN_POINT ( 'NONE',  ( 0.5836602795886011200, 0.1999999999999996500, 3.100000000000045800 ) ) ;
#4801 =( NAMED_UNIT ( * ) SI_UNIT ( $, .STERADIAN. ) SOLID_ANGLE_UNIT ( ) );
#4802 = LINE ( 'NONE', #2633, #3788 ) ;
#4803 = VERTEX_POINT ( 'NONE', #2249 ) ;
#4804 = DIRECTION ( 'NONE',  ( 0.0000000000000000000, 1.000000000000000000, 0.0000000000000000000 ) ) ;
#4805 = AXIS2_PLACEMENT_3D ( 'NONE', #2152, #6092, #681 ) ;
#4806 = EDGE_CURVE ( 'NONE', #5150, #1569, #4973, .T. ) ;
#4807 = PRESENTATION_STYLE_ASSIGNMENT (( #6423 ) ) ;
#4808 = ORIENTED_EDGE ( 'NONE', *, *, #183, .T. ) ;
#4809 = SURFACE_SIDE_STYLE ('',( #2598 ) ) ;
#4810 = CARTESIAN_POINT ( 'NONE',  ( 0.7836602795888739600, 0.1999999999999996500, 1.800000000000091300 ) ) ;
#4811 = LINE ( 'NONE', #3100, #1447 ) ;
#4812 = ORIENTED_EDGE ( 'NONE', *, *, #6326, .T. ) ;
#4813 = CARTESIAN_POINT ( 'NONE',  ( -1.866339720411217500, 0.09999999999999982500, 1.800000000000091300 ) ) ;
#4814 = ORIENTED_EDGE ( 'NONE', *, *, #4982, .F. ) ;
#4815 = EDGE_CURVE ( 'NONE', #6311, #132, #3115, .T. ) ;
#4816 = ADVANCED_FACE ( 'NONE', ( #2651, #2264 ), #2354, .F. ) ;
#4817 = AXIS2_PLACEMENT_3D ( 'NONE', #5667, #6181, #594 ) ;
#4818 = CARTESIAN_POINT ( 'NONE',  ( -2.016339720411251900, 0.1999999999999996500, 3.100000000000045800 ) ) ;
#4819 =( LENGTH_UNIT ( ) NAMED_UNIT ( * ) SI_UNIT ( .MILLI., .METRE. ) );
#4820 = ORIENTED_EDGE ( 'NONE', *, *, #2005, .F. ) ;
#4821 = AXIS2_PLACEMENT_3D ( 'NONE', #48, #91, #32 ) ;
#4822 = DIRECTION ( 'NONE',  ( -1.000000000000000000, 0.0000000000000000000, 0.0000000000000000000 ) ) ;
#4823 = ORIENTED_EDGE ( 'NONE', *, *, #4393, .T. ) ;
#4824 = CARTESIAN_POINT ( 'NONE',  ( 0.5556602795888085900, 0.2000000000000004800, 2.889655387125188200 ) ) ;
#4825 = EDGE_CURVE ( 'NONE', #3225, #3761, #3043, .T. ) ;
#4826 = UNCERTAINTY_MEASURE_WITH_UNIT (LENGTH_MEASURE( 1.000000000000000100E-005 ), #3093, 'distance_accuracy_value', 'NONE');
#4827 = CARTESIAN_POINT ( 'NONE',  ( -0.9663397204111244800, 0.0000000000000000000, 2.100000000000047200 ) ) ;
#4828 = CIRCLE ( 'NONE', #3461, 0.09999999999945426200 ) ;
#4829 =( NAMED_UNIT ( * ) PLANE_ANGLE_UNIT ( ) SI_UNIT ( $, .RADIAN. ) );
#4830 = ORIENTED_EDGE ( 'NONE', *, *, #106, .F. ) ;
#4831 =( GEOMETRIC_REPRESENTATION_CONTEXT ( 3 ) GLOBAL_UNCERTAINTY_ASSIGNED_CONTEXT ( ( #1221 ) ) GLOBAL_UNIT_ASSIGNED_CONTEXT ( ( #3662, #655, #4171 ) ) REPRESENTATION_CONTEXT ( 'NONE', 'WORKASPACE' ) );
#4832 = CARTESIAN_POINT ( 'NONE',  ( -1.616339720411197600, 0.09999999999999982500, 3.100000000000045800 ) ) ;
#4833 = DIRECTION ( 'NONE',  ( 0.0000000000000000000, 0.0000000000000000000, -1.000000000000000000 ) ) ;
#4834 = FACE_OUTER_BOUND ( 'NONE', #392, .T. ) ;
#4835 = ORIENTED_EDGE ( 'NONE', *, *, #4954, .F. ) ;
#4836 = CARTESIAN_POINT ( 'NONE',  ( -2.216339720411125900, 0.1999999999999996500, 2.028000000000612000 ) ) ;
#4837 = LINE ( 'NONE', #5184, #2512 ) ;
#4838 = SURFACE_SIDE_STYLE ('',( #5864 ) ) ;
#4839 = VECTOR ( 'NONE', #6412, 1000.000000000000000 ) ;
#4840 = DIRECTION ( 'NONE',  ( -0.0000000000000000000, -1.000000000000000000, 0.0000000000000000000 ) ) ;
#4841 = LINE ( 'NONE', #1560, #6219 ) ;
#4842 = EDGE_CURVE ( 'NONE', #2809, #2893, #2109, .T. ) ;
#4843 = FACE_BOUND ( 'NONE', #4543, .T. ) ;
#4844 = ORIENTED_EDGE ( 'NONE', *, *, #5863, .T. ) ;
#4845 = ORIENTED_EDGE ( 'NONE', *, *, #5904, .F. ) ;
#4846 = CARTESIAN_POINT ( 'NONE',  ( -1.789100780791993600, 0.1999999999999996500, 2.028000000000611500 ) ) ;
#4847 = VECTOR ( 'NONE', #5044, 1000.000000000000000 ) ;
#4848 = DIRECTION ( 'NONE',  ( -0.0000000000000000000, -1.000000000000000000, -0.0000000000000000000 ) ) ;
#4849 = CARTESIAN_POINT ( 'NONE',  ( 0.5556602795888085900, 0.2000000000000005100, 2.227238939618961100 ) ) ;
#4850 = EDGE_CURVE ( 'NONE', #3429, #4238, #5725, .T. ) ;
#4851 = CARTESIAN_POINT ( 'NONE',  ( -2.016339720411310500, 0.1999999999999996500, 1.900000000000000400 ) ) ;
#4852 = DIRECTION ( 'NONE',  ( 0.0000000000000000000, 0.0000000000000000000, -1.000000000000000000 ) ) ;
#4853 = DIRECTION ( 'NONE',  ( 0.0000000000000000000, 1.000000000000000000, 0.0000000000000000000 ) ) ;
#4854 = DIRECTION ( 'NONE',  ( -1.000000000000000000, 0.0000000000000000000, -6.505213034919216300E-014 ) ) ;
#4855 = EDGE_LOOP ( 'NONE', ( #1397, #6259, #6093, #5428 ) ) ;
#4856 = ORIENTED_EDGE ( 'NONE', *, *, #4850, .F. ) ;
#4857 = PRESENTATION_STYLE_ASSIGNMENT (( #4491 ) ) ;
#4858 = DIRECTION ( 'NONE',  ( 1.000000000000000000, 0.0000000000000000000, 0.0000000000000000000 ) ) ;
#4859 = DIRECTION ( 'NONE',  ( -0.0000000000000000000, -1.000000000000000000, 0.0000000000000000000 ) ) ;
#4860 = AXIS2_PLACEMENT_3D ( 'NONE', #3342, #3384, #1920 ) ;
#4861 =( NAMED_UNIT ( * ) PLANE_ANGLE_UNIT ( ) SI_UNIT ( $, .RADIAN. ) );
#4862 = CIRCLE ( 'NONE', #1281, 0.09999999999992220700 ) ;
#4863 = ORIENTED_EDGE ( 'NONE', *, *, #6397, .T. ) ;
#4864 = UNCERTAINTY_MEASURE_WITH_UNIT (LENGTH_MEASURE( 1.000000000000000100E-005 ), #2395, 'distance_accuracy_value', 'NONE');
#4865 = CARTESIAN_POINT ( 'NONE',  ( 0.4836602795890891900, 0.0000000000000000000, 3.000000000000136800 ) ) ;
#4866 = ORIENTED_EDGE ( 'NONE', *, *, #3763, .F. ) ;
#4867 = CYLINDRICAL_SURFACE ( 'NONE', #2065, 0.09999999999990896700 ) ;
#4868 = EDGE_CURVE ( 'NONE', #5375, #3352, #416, .T. ) ;
#4869 =( LENGTH_UNIT ( ) NAMED_UNIT ( * ) SI_UNIT ( .MILLI., .METRE. ) );
#4870 = ORIENTED_EDGE ( 'NONE', *, *, #5185, .F. ) ;
#4871 = COLOUR_RGB ( '',1.000000000000000000, 1.000000000000000000, 1.000000000000000000 ) ;
#4872 = STYLED_ITEM ( 'NONE', ( #3818 ), #2503 ) ;
#4873 = DIRECTION ( 'NONE',  ( 1.000000000000000000, 0.0000000000000000000, 0.0000000000000000000 ) ) ;
#4874 = DIRECTION ( 'NONE',  ( -0.08682659386424779200, -0.9924325091389670800, 0.08682659386424779200 ) ) ;
#4875 = LINE ( 'NONE', #5970, #4325 ) ;
#4876 = CARTESIAN_POINT ( 'NONE',  ( -0.9663397204111260400, 0.09999999999999982500, 2.000000000000137200 ) ) ;
#4877 = ORIENTED_EDGE ( 'NONE', *, *, #902, .T. ) ;
#4878 = CARTESIAN_POINT ( 'NONE',  ( -2.216339720411125900, 0.0000000000000000000, 3.000000000000136800 ) ) ;
#4879 = CYLINDRICAL_SURFACE ( 'NONE', #2253, 0.1000000000000254200 ) ;
#4880 = ADVANCED_FACE ( 'NONE', ( #4032 ), #5657, .T. ) ;
#4881 = PRESENTATION_LAYER_ASSIGNMENT (  '', '', ( #5663 ) ) ;
#4882 = LINE ( 'NONE', #1869, #877 ) ;
#4883 = VERTEX_POINT ( 'NONE', #4248 ) ;
#4884 = ADVANCED_FACE ( 'NONE', ( #3399 ), #321, .F. ) ;
#4885 = LINE ( 'NONE', #809, #880 ) ;
#4886 = CARTESIAN_POINT ( 'NONE',  ( -1.099673053744499600, 0.09999999999999982500, 3.200000000000195100 ) ) ;
#4887 = PLANE ( 'NONE',  #2910 ) ;
#4888 = CARTESIAN_POINT ( 'NONE',  ( 0.3564213399704593300, 0.1999999999999996500, 2.028000000000611500 ) ) ;
#4889 = CARTESIAN_POINT ( 'NONE',  ( 0.5836602795888279300, 0.09999999999999982500, 2.000000000000136800 ) ) ;
#4890 =( GEOMETRIC_REPRESENTATION_CONTEXT ( 3 ) GLOBAL_UNCERTAINTY_ASSIGNED_CONTEXT ( ( #2852 ) ) GLOBAL_UNIT_ASSIGNED_CONTEXT ( ( #427, #3940, #454 ) ) REPRESENTATION_CONTEXT ( 'NONE', 'WORKASPACE' ) );
#4891 = EDGE_LOOP ( 'NONE', ( #104, #2866, #1638, #6290 ) ) ;
#4892 = VERTEX_POINT ( 'NONE', #2834 ) ;
#4893 = DIRECTION ( 'NONE',  ( -0.0000000000000000000, -1.000000000000000000, -0.0000000000000000000 ) ) ;
#4894 = STYLED_ITEM ( 'NONE', ( #4415 ), #4880 ) ;
#4895 = EDGE_CURVE ( 'NONE', #620, #2271, #1692, .T. ) ;
#4896 =( NAMED_UNIT ( * ) SI_UNIT ( $, .STERADIAN. ) SOLID_ANGLE_UNIT ( ) );
#4897 = CYLINDRICAL_SURFACE ( 'NONE', #6406, 0.09999999999993868000 ) ;
#4898 = ORIENTED_EDGE ( 'NONE', *, *, #1279, .F. ) ;
#4899 = CARTESIAN_POINT ( 'NONE',  ( -2.016339720411308700, 0.1999999999999996500, 3.100000000000045800 ) ) ;
#4900 = FACE_OUTER_BOUND ( 'NONE', #1819, .T. ) ;
#4901 = ORIENTED_EDGE ( 'NONE', *, *, #3182, .F. ) ;
#4902 = AXIS2_PLACEMENT_3D ( 'NONE', #1132, #2677, #4641 ) ;
#4903 = CARTESIAN_POINT ( 'NONE',  ( -1.966339720411155700, 0.09999999999999982500, 1.800000000000062000 ) ) ;
#4904 = FILL_AREA_STYLE ('',( #3458 ) ) ;
#4905 = FILL_AREA_STYLE ('',( #2905 ) ) ;
#4906 = LINE ( 'NONE', #34, #5065 ) ;
#4907 = DIRECTION ( 'NONE',  ( 0.0000000000000000000, 1.000000000000000000, -0.0000000000000000000 ) ) ;
#4908 = ORIENTED_EDGE ( 'NONE', *, *, #5120, .F. ) ;
#4909 = UNCERTAINTY_MEASURE_WITH_UNIT (LENGTH_MEASURE( 1.000000000000000100E-005 ), #697, 'distance_accuracy_value', 'NONE');
#4910 =( GEOMETRIC_REPRESENTATION_CONTEXT ( 3 ) GLOBAL_UNCERTAINTY_ASSIGNED_CONTEXT ( ( #3465 ) ) GLOBAL_UNIT_ASSIGNED_CONTEXT ( ( #2985, #3963, #2392 ) ) REPRESENTATION_CONTEXT ( 'NONE', 'WORKASPACE' ) );
#4911 = LINE ( 'NONE', #3196, #1385 ) ;
#4912 = ADVANCED_FACE ( 'NONE', ( #3946, #3552 ), #6213, .F. ) ;
#4913 = FILL_AREA_STYLE_COLOUR ( '', #3322 ) ;
#4914 = FACE_OUTER_BOUND ( 'NONE', #738, .T. ) ;
#4915 = EDGE_CURVE ( 'NONE', #2004, #3666, #6337, .T. ) ;
#4916 = PLANE ( 'NONE',  #791 ) ;
#4917 = CIRCLE ( 'NONE', #1613, 0.09999999999990485900 ) ;
#4918 = CARTESIAN_POINT ( 'NONE',  ( -1.416339720411399400, 0.1999999999999996500, 2.020000000000515600 ) ) ;
#4919 = COLOUR_RGB ( '',1.000000000000000000, 1.000000000000000000, 1.000000000000000000 ) ;
#4920 = ORIENTED_EDGE ( 'NONE', *, *, #5787, .T. ) ;
#4921 = VECTOR ( 'NONE', #1679, 1000.000000000000000 ) ;
#4922 = PLANE ( 'NONE',  #766 ) ;
#4923 = ORIENTED_EDGE ( 'NONE', *, *, #3000, .F. ) ;
#4924 = CARTESIAN_POINT ( 'NONE',  ( -0.2913397204113987700, 0.09999999999999982500, 1.800000000000091300 ) ) ;
#4925 = ORIENTED_EDGE ( 'NONE', *, *, #3164, .T. ) ;
#4926 = VECTOR ( 'NONE', #2611, 1000.000000000000000 ) ;
#4927 = LINE ( 'NONE', #5478, #601 ) ;
#4928 = CIRCLE ( 'NONE', #2497, 0.1000000000004684200 ) ;
#4929 = DIRECTION ( 'NONE',  ( -1.000000000000000000, 0.0000000000000000000, 0.0000000000000000000 ) ) ;
#4930 = AXIS2_PLACEMENT_3D ( 'NONE', #6468, #2548, #4014 ) ;
#4931 = ORIENTED_EDGE ( 'NONE', *, *, #5045, .T. ) ;
#4932 = DIRECTION ( 'NONE',  ( -0.0000000000000000000, -0.0000000000000000000, 1.000000000000000000 ) ) ;
#4933 = ORIENTED_EDGE ( 'NONE', *, *, #2077, .T. ) ;
#4934 = AXIS2_PLACEMENT_3D ( 'NONE', #5275, #5741, #5723 ) ;
#4935 = EDGE_CURVE ( 'NONE', #2901, #5414, #5574, .T. ) ;
#4936 = ORIENTED_EDGE ( 'NONE', *, *, #5927, .F. ) ;
#4937 = STYLED_ITEM ( 'NONE', ( #189 ), #6449 ) ;
#4938 = CYLINDRICAL_SURFACE ( 'NONE', #803, 0.2000000000000002100 ) ;
#4939 = SURFACE_STYLE_USAGE ( .BOTH. , #464 ) ;
#4940 =( NAMED_UNIT ( * ) PLANE_ANGLE_UNIT ( ) SI_UNIT ( $, .RADIAN. ) );
#4941 = ORIENTED_EDGE ( 'NONE', *, *, #3257, .F. ) ;
#4942 = EDGE_CURVE ( 'NONE', #2901, #2696, #565, .T. ) ;
#4943 = ORIENTED_EDGE ( 'NONE', *, *, #3302, .T. ) ;
#4944 = CARTESIAN_POINT ( 'NONE',  ( -1.408647412718748700, 0.1999999999999996500, 1.981538461538457700 ) ) ;
#4945 = CARTESIAN_POINT ( 'NONE',  ( 0.5836602795890552000, 0.0000000000000000000, 2.100000000000045800 ) ) ;
#4946 = CARTESIAN_POINT ( 'NONE',  ( -1.981006213489856500, 0.1161776323360948100, 2.234572446539262500 ) ) ;
#4947 = ADVANCED_FACE ( 'NONE', ( #4257 ), #5878, .T. ) ;
#4948 = ORIENTED_EDGE ( 'NONE', *, *, #1251, .T. ) ;
#4949 = UNCERTAINTY_MEASURE_WITH_UNIT (LENGTH_MEASURE( 1.000000000000000100E-005 ), #3650, 'distance_accuracy_value', 'NONE');
#4950 = ADVANCED_FACE ( 'NONE', ( #255 ), #4887, .F. ) ;
#4951 = AXIS2_PLACEMENT_3D ( 'NONE', #5488, #3530, #5956 ) ;
#4952 = FACE_OUTER_BOUND ( 'NONE', #2420, .T. ) ;
#4953 = EDGE_LOOP ( 'NONE', ( #4908, #1930, #2293, #3284 ) ) ;
#4954 = EDGE_CURVE ( 'NONE', #264, #3083, #178, .T. ) ;
#4955 = FILL_AREA_STYLE_COLOUR ( '', #2780 ) ;
#4956 = LINE ( 'NONE', #1811, #4407 ) ;
#4957 = CARTESIAN_POINT ( 'NONE',  ( 0.7836602795888739600, 0.0000000000000000000, 1.800000000000091300 ) ) ;
#4958 = FILL_AREA_STYLE_COLOUR ( '', #2571 ) ;
#4959 = VECTOR ( 'NONE', #936, 1000.000000000000000 ) ;
#4960 = ORIENTED_EDGE ( 'NONE', *, *, #5257, .T. ) ;
#4961 = STYLED_ITEM ( 'NONE', ( #3383 ), #2778 ) ;
#4962 = CARTESIAN_POINT ( 'NONE',  ( 0.4836602795890319600, 0.09999999999999982500, 2.900000000000112700 ) ) ;
#4963 = CYLINDRICAL_SURFACE ( 'NONE', #5345, 0.09999999999990875900 ) ;
#4964 = DIRECTION ( 'NONE',  ( -1.000000000000000000, 0.0000000000000000000, -3.317658647804793000E-012 ) ) ;
#4965 = FILL_AREA_STYLE ('',( #465 ) ) ;
#4966 = SURFACE_SIDE_STYLE ('',( #2430 ) ) ;
#4967 = AXIS2_PLACEMENT_3D ( 'NONE', #3542, #5081, #2136 ) ;
#4968 = COLOUR_RGB ( '',1.000000000000000000, 1.000000000000000000, 1.000000000000000000 ) ;
#4969 = EDGE_LOOP ( 'NONE', ( #1741, #5112, #1469, #554 ) ) ;
#4970 = VECTOR ( 'NONE', #3581, 1000.000000000000000 ) ;
#4971 = AXIS2_PLACEMENT_3D ( 'NONE', #4556, #5041, #2518 ) ;
#4972 = EDGE_CURVE ( 'NONE', #5315, #3537, #1938, .T. ) ;
#4973 = LINE ( 'NONE', #6158, #4585 ) ;
#4974 = CARTESIAN_POINT ( 'NONE',  ( 0.6836602795889643600, 0.1999999999999996500, 3.199999999999500100 ) ) ;
#4975 = ORIENTED_EDGE ( 'NONE', *, *, #1505, .F. ) ;
#4976 = DIRECTION ( 'NONE',  ( -1.000000000000000000, 0.0000000000000000000, 0.0000000000000000000 ) ) ;
#4977 = AXIS2_PLACEMENT_3D ( 'NONE', #1195, #3174, #4627 ) ;
#4978 = ADVANCED_FACE ( 'NONE', ( #1362 ), #1356, .T. ) ;
#4979 = SURFACE_SIDE_STYLE ('',( #5475 ) ) ;
#4980 = AXIS2_PLACEMENT_3D ( 'NONE', #4781, #3797, #1296 ) ;
#4981 = VERTEX_POINT ( 'NONE', #2949 ) ;
#4982 = EDGE_CURVE ( 'NONE', #5375, #264, #4882, .T. ) ;
#4983 = CARTESIAN_POINT ( 'NONE',  ( -2.116339720411216900, 0.1999999999999996500, 2.999999999999909400 ) ) ;
#4984 = ADVANCED_FACE ( 'NONE', ( #558 ), #2433, .F. ) ;
#4985 =( LENGTH_UNIT ( ) NAMED_UNIT ( * ) SI_UNIT ( .MILLI., .METRE. ) );
#4986 = CARTESIAN_POINT ( 'NONE',  ( 0.5836602795888279300, 0.1999999999999996500, 2.000000000000136800 ) ) ;
#4987 = ORIENTED_EDGE ( 'NONE', *, *, #5024, .F. ) ;
#4988 = DIRECTION ( 'NONE',  ( -0.0000000000000000000, -1.000000000000000000, 0.0000000000000000000 ) ) ;
#4989 = EDGE_LOOP ( 'NONE', ( #484, #3021, #5696, #2757 ) ) ;
#4990 = EDGE_CURVE ( 'NONE', #1917, #1461, #2103, .T. ) ;
#4991 = DIRECTION ( 'NONE',  ( 1.000000000000000000, -0.0000000000000000000, 0.0000000000000000000 ) ) ;
#4992 = FILL_AREA_STYLE_COLOUR ( '', #1166 ) ;
#4993 = ADVANCED_FACE ( 'NONE', ( #174 ), #3244, .T. ) ;
#4994 =( NAMED_UNIT ( * ) PLANE_ANGLE_UNIT ( ) SI_UNIT ( $, .RADIAN. ) );
#4995 = FACE_OUTER_BOUND ( 'NONE', #1825, .T. ) ;
#4996 = ORIENTED_EDGE ( 'NONE', *, *, #4935, .T. ) ;
#4997 = DIRECTION ( 'NONE',  ( -0.0000000000000000000, -0.0000000000000000000, 1.000000000000000000 ) ) ;
#4998 = FACE_OUTER_BOUND ( 'NONE', #3913, .T. ) ;
#4999 = ORIENTED_EDGE ( 'NONE', *, *, #6030, .F. ) ;
#5000 =( NAMED_UNIT ( * ) PLANE_ANGLE_UNIT ( ) SI_UNIT ( $, .RADIAN. ) );
#5001 = PRESENTATION_LAYER_ASSIGNMENT (  '', '', ( #4661 ) ) ;
#5002 = LINE ( 'NONE', #5690, #3743 ) ;
#5003 = VECTOR ( 'NONE', #1974, 1000.000000000000000 ) ;
#5004 = EDGE_CURVE ( 'NONE', #3794, #1263, #1033, .T. ) ;
#5005 = DIRECTION ( 'NONE',  ( -0.0000000000000000000, -1.000000000000000000, -0.0000000000000000000 ) ) ;
#5006 = ORIENTED_EDGE ( 'NONE', *, *, #3010, .F. ) ;
#5007 = FACE_OUTER_BOUND ( 'NONE', #593, .T. ) ;
#5008 =( NAMED_UNIT ( * ) SI_UNIT ( $, .STERADIAN. ) SOLID_ANGLE_UNIT ( ) );
#5009 = ORIENTED_EDGE ( 'NONE', *, *, #5266, .T. ) ;
#5010 = ORIENTED_EDGE ( 'NONE', *, *, #4562, .F. ) ;
#5011 = CARTESIAN_POINT ( 'NONE',  ( -1.716339720410671800, 0.09999999999999982500, 1.800000000000091300 ) ) ;
#5012 = CARTESIAN_POINT ( 'NONE',  ( 0.4836602795891464200, 0.0000000000000000000, 2.100000000000045800 ) ) ;
#5013 = VECTOR ( 'NONE', #3690, 1000.000000000000000 ) ;
#5014 = ORIENTED_EDGE ( 'NONE', *, *, #4617, .T. ) ;
#5015 = ADVANCED_FACE ( 'NONE', ( #4651 ), #2032, .F. ) ;
#5016 = CARTESIAN_POINT ( 'NONE',  ( -1.266339720411307800, 0.09999999999999982500, 3.200000000000182300 ) ) ;
#5017 = CARTESIAN_POINT ( 'NONE',  ( 0.3844177122987553200, 0.5200000000000004600, 2.000003627672315900 ) ) ;
#5018 = AXIS2_PLACEMENT_3D ( 'NONE', #792, #2825, #5342 ) ;
#5019 = SURFACE_SIDE_STYLE ('',( #2955 ) ) ;
#5020 = ORIENTED_EDGE ( 'NONE', *, *, #1415, .T. ) ;
#5021 =( GEOMETRIC_REPRESENTATION_CONTEXT ( 3 ) GLOBAL_UNCERTAINTY_ASSIGNED_CONTEXT ( ( #5873 ) ) GLOBAL_UNIT_ASSIGNED_CONTEXT ( ( #4295, #6216, #2295 ) ) REPRESENTATION_CONTEXT ( 'NONE', 'WORKASPACE' ) );
#5022 = CARTESIAN_POINT ( 'NONE',  ( -1.905995107535359600, 0.1999999999999996500, 2.028000000000611500 ) ) ;
#5023 = ORIENTED_EDGE ( 'NONE', *, *, #1265, .T. ) ;
#5024 = EDGE_CURVE ( 'NONE', #5762, #5414, #646, .T. ) ;
#5025 = FACE_OUTER_BOUND ( 'NONE', #2718, .T. ) ;
#5026 = CARTESIAN_POINT ( 'NONE',  ( -2.216339720411125900, 0.1999999999999996500, 2.575000000000182300 ) ) ;
#5027 = CARTESIAN_POINT ( 'NONE',  ( -1.916339720410944700, 0.0000000000000000000, 3.000000000000136800 ) ) ;
#5028 = CIRCLE ( 'NONE', #5899, 0.09999999999990918900 ) ;
#5029 = ORIENTED_EDGE ( 'NONE', *, *, #5818, .T. ) ;
#5030 = DIRECTION ( 'NONE',  ( -1.000000000000000000, 0.0000000000000000000, 0.0000000000000000000 ) ) ;
#5031 = ORIENTED_EDGE ( 'NONE', *, *, #2217, .T. ) ;
#5032 = SURFACE_STYLE_USAGE ( .BOTH. , #3058 ) ;
#5033 = ADVANCED_FACE ( 'NONE', ( #5795 ), #3468, .F. ) ;
#5034 = VECTOR ( 'NONE', #4414, 1000.000000000000000 ) ;
#5035 = ORIENTED_EDGE ( 'NONE', *, *, #5388, .F. ) ;
#5036 = CARTESIAN_POINT ( 'NONE',  ( -2.016336092739247700, 0.5200000000000000200, 2.917651759453641100 ) ) ;
#5037 = PRESENTATION_LAYER_ASSIGNMENT (  '', '', ( #5477 ) ) ;
#5038 = CIRCLE ( 'NONE', #976, 0.09999999999945426200 ) ;
#5039 = ORIENTED_EDGE ( 'NONE', *, *, #6091, .F. ) ;
#5040 =( LENGTH_UNIT ( ) NAMED_UNIT ( * ) SI_UNIT ( .MILLI., .METRE. ) );
#5041 = DIRECTION ( 'NONE',  ( -0.0000000000000000000, -1.000000000000000000, 0.0000000000000000000 ) ) ;
#5042 =( GEOMETRIC_REPRESENTATION_CONTEXT ( 3 ) GLOBAL_UNCERTAINTY_ASSIGNED_CONTEXT ( ( #1928 ) ) GLOBAL_UNIT_ASSIGNED_CONTEXT ( ( #4737, #5204, #2267 ) ) REPRESENTATION_CONTEXT ( 'NONE', 'WORKASPACE' ) );
#5043 =( NAMED_UNIT ( * ) SI_UNIT ( $, .STERADIAN. ) SOLID_ANGLE_UNIT ( ) );
#5044 = DIRECTION ( 'NONE',  ( 0.0000000000000000000, 1.000000000000000000, -0.0000000000000000000 ) ) ;
#5045 = EDGE_CURVE ( 'NONE', #3547, #3851, #4179, .T. ) ;
#5046 = EDGE_LOOP ( 'NONE', ( #1105, #4933, #4702, #5885, #6235 ) ) ;
#5047 = LINE ( 'NONE', #2343, #3708 ) ;
#5048 =( NAMED_UNIT ( * ) PLANE_ANGLE_UNIT ( ) SI_UNIT ( $, .RADIAN. ) );
#5049 = DIRECTION ( 'NONE',  ( 1.000000000000000000, 0.0000000000000000000, 0.0000000000000000000 ) ) ;
#5050 =( GEOMETRIC_REPRESENTATION_CONTEXT ( 3 ) GLOBAL_UNCERTAINTY_ASSIGNED_CONTEXT ( ( #5572 ) ) GLOBAL_UNIT_ASSIGNED_CONTEXT ( ( #3546, #525, #546 ) ) REPRESENTATION_CONTEXT ( 'NONE', 'WORKASPACE' ) );
#5051 =( LENGTH_UNIT ( ) NAMED_UNIT ( * ) SI_UNIT ( .MILLI., .METRE. ) );
#5052 = VERTEX_POINT ( 'NONE', #3072 ) ;
#5053 = DIRECTION ( 'NONE',  ( -0.0000000000000000000, -1.000000000000000000, 0.0000000000000000000 ) ) ;
#5054 = CARTESIAN_POINT ( 'NONE',  ( 0.3844177122987726400, 0.5200000000000000200, 2.999996372328428000 ) ) ;
#5055 = ORIENTED_EDGE ( 'NONE', *, *, #5004, .T. ) ;
#5056 = FACE_OUTER_BOUND ( 'NONE', #3443, .T. ) ;
#5057 = STYLED_ITEM ( 'NONE', ( #5665 ), #4478 ) ;
#5058 = EDGE_CURVE ( 'NONE', #2696, #5762, #2396, .T. ) ;
#5059 = CARTESIAN_POINT ( 'NONE',  ( 0.5836602795887143600, 0.1999999999999996500, 1.900000000000000400 ) ) ;
#5060 = DIRECTION ( 'NONE',  ( -0.0000000000000000000, -1.000000000000000000, 0.0000000000000000000 ) ) ;
#5061 = CARTESIAN_POINT ( 'NONE',  ( -1.716339720411009600, 0.09999999999999982500, 3.000000000000136800 ) ) ;
#5062 = ORIENTED_EDGE ( 'NONE', *, *, #5794, .F. ) ;
#5063 = CIRCLE ( 'NONE', #3482, 0.09999999999990485900 ) ;
#5064 = FILL_AREA_STYLE ('',( #1142 ) ) ;
#5065 = VECTOR ( 'NONE', #1032, 1000.000000000000000 ) ;
#5066 = ORIENTED_EDGE ( 'NONE', *, *, #115, .F. ) ;
#5067 = EDGE_CURVE ( 'NONE', #3953, #2071, #1027, .T. ) ;
#5068 = ORIENTED_EDGE ( 'NONE', *, *, #5634, .T. ) ;
#5069 =( LENGTH_UNIT ( ) NAMED_UNIT ( * ) SI_UNIT ( .MILLI., .METRE. ) );
#5070 = PRESENTATION_STYLE_ASSIGNMENT (( #2897 ) ) ;
#5071 = SURFACE_STYLE_USAGE ( .BOTH. , #5091 ) ;
#5072 = ORIENTED_EDGE ( 'NONE', *, *, #1743, .T. ) ;
#5073 = AXIS2_PLACEMENT_3D ( 'NONE', #4957, #4542, #4513 ) ;
#5074 = VECTOR ( 'NONE', #4768, 1000.000000000000000 ) ;
#5075 = ORIENTED_EDGE ( 'NONE', *, *, #1820, .T. ) ;
#5076 = LINE ( 'NONE', #4135, #1557 ) ;
#5077 = EDGE_CURVE ( 'NONE', #4765, #2669, #4875, .T. ) ;
#5078 = FILL_AREA_STYLE_COLOUR ( '', #5588 ) ;
#5079 = CARTESIAN_POINT ( 'NONE',  ( 0.7836602795888739600, 0.1999999999999996500, 3.200000000000182300 ) ) ;
#5080 = ORIENTED_EDGE ( 'NONE', *, *, #1348, .T. ) ;
#5081 = DIRECTION ( 'NONE',  ( 0.0000000000000000000, 1.000000000000000000, -0.0000000000000000000 ) ) ;
#5082 =( NAMED_UNIT ( * ) PLANE_ANGLE_UNIT ( ) SI_UNIT ( $, .RADIAN. ) );
#5083 = VECTOR ( 'NONE', #4893, 1000.000000000000000 ) ;
#5084 = SURFACE_SIDE_STYLE ('',( #610 ) ) ;
#5085 = MECHANICAL_DESIGN_GEOMETRIC_PRESENTATION_REPRESENTATION (  '', ( #41 ), #5522 ) ;
#5086 = ORIENTED_EDGE ( 'NONE', *, *, #5162, .F. ) ;
#5087 = CARTESIAN_POINT ( 'NONE',  ( 0.4836602795890319600, 0.09999999999999982500, 2.900000000000112700 ) ) ;
#5088 = ORIENTED_EDGE ( 'NONE', *, *, #1596, .F. ) ;
#5089 = FACE_OUTER_BOUND ( 'NONE', #4520, .T. ) ;
#5090 = VERTEX_POINT ( 'NONE', #2521 ) ;
#5091 = SURFACE_SIDE_STYLE ('',( #1229 ) ) ;
#5092 = PRESENTATION_LAYER_ASSIGNMENT (  '', '', ( #1018 ) ) ;
#5093 = LINE ( 'NONE', #4738, #5622 ) ;
#5094 = ORIENTED_EDGE ( 'NONE', *, *, #3626, .T. ) ;
#5095 = ORIENTED_EDGE ( 'NONE', *, *, #4052, .F. ) ;
#5096 = DIRECTION ( 'NONE',  ( -1.000000000000000000, -0.0000000000000000000, -0.0000000000000000000 ) ) ;
#5097 = PRESENTATION_LAYER_ASSIGNMENT (  '', '', ( #6320 ) ) ;
#5098 = CARTESIAN_POINT ( 'NONE',  ( -1.266339720411308300, 0.1999999999999996500, 2.980000000000326400 ) ) ;
#5099 = FILL_AREA_STYLE_COLOUR ( '', #6064 ) ;
#5100 = LINE ( 'NONE', #884, #5249 ) ;
#5101 = ORIENTED_EDGE ( 'NONE', *, *, #5747, .F. ) ;
#5102 = EDGE_CURVE ( 'NONE', #6446, #5691, #5790, .T. ) ;
#5103 = VECTOR ( 'NONE', #2337, 1000.000000000000100 ) ;
#5104 = SURFACE_STYLE_USAGE ( .BOTH. , #4057 ) ;
#5105 = CARTESIAN_POINT ( 'NONE',  ( -1.191980746052013500, 0.1999999999999996500, 3.161538461538429400 ) ) ;
#5106 = CYLINDRICAL_SURFACE ( 'NONE', #5018, 0.09999999999945447000 ) ;
#5107 = MANIFOLD_SOLID_BREP ( 'Body-Move/Copy1[2]', #4427 ) ;
#5108 =( NAMED_UNIT ( * ) PLANE_ANGLE_UNIT ( ) SI_UNIT ( $, .RADIAN. ) );
#5109 = LINE ( 'NONE', #2849, #5410 ) ;
#5110 = DIRECTION ( 'NONE',  ( 0.0000000000000000000, 1.000000000000000000, 0.0000000000000000000 ) ) ;
#5111 = LINE ( 'NONE', #2609, #6258 ) ;
#5112 = ORIENTED_EDGE ( 'NONE', *, *, #281, .T. ) ;
#5113 = EDGE_CURVE ( 'NONE', #188, #4155, #167, .T. ) ;
#5114 = CARTESIAN_POINT ( 'NONE',  ( -1.333006387077913900, 0.09999999999999982500, 1.800000000000091300 ) ) ;
#5115 = DIRECTION ( 'NONE',  ( -0.0000000000000000000, -1.000000000000000000, 0.0000000000000000000 ) ) ;
#5116 = CARTESIAN_POINT ( 'NONE',  ( -1.716339720411126400, 0.1999999999999996500, 3.200000000000182300 ) ) ;
#5117 = ORIENTED_EDGE ( 'NONE', *, *, #2935, .T. ) ;
#5118 = LINE ( 'NONE', #643, #4970 ) ;
#5119 = CARTESIAN_POINT ( 'NONE',  ( 0.5836566519171041400, 0.5200000000000000200, 2.199242567290664600 ) ) ;
#5120 = EDGE_CURVE ( 'NONE', #6247, #2801, #5186, .T. ) ;
#5121 = DIRECTION ( 'NONE',  ( 0.0000000000000000000, 1.000000000000000000, 0.0000000000000000000 ) ) ;
#5122 = VECTOR ( 'NONE', #4545, 1000.000000000000000 ) ;
#5123 = ORIENTED_EDGE ( 'NONE', *, *, #894, .T. ) ;
#5124 = CARTESIAN_POINT ( 'NONE',  ( -1.866339720411217100, 0.1999999999999996500, 1.800000000000091300 ) ) ;
#5125 = DIRECTION ( 'NONE',  ( -0.0000000000000000000, -1.000000000000000000, 0.0000000000000000000 ) ) ;
#5126 = VERTEX_POINT ( 'NONE', #5098 ) ;
#5127 = CARTESIAN_POINT ( 'NONE',  ( 0.4836602795891464200, 0.09999999999999982500, 2.000000000000137200 ) ) ;
#5128 = AXIS2_PLACEMENT_3D ( 'NONE', #5735, #3266, #3796 ) ;
#5129 = DIRECTION ( 'NONE',  ( -1.000000000000000000, 0.0000000000000000000, 0.0000000000000000000 ) ) ;
#5130 = CARTESIAN_POINT ( 'NONE',  ( 0.5836602795887148000, 0.09999999999999982500, 2.999999999999795700 ) ) ;
#5131 = CARTESIAN_POINT ( 'NONE',  ( -1.966339720411183400, 0.1999999999999996500, 3.100000000000045800 ) ) ;
#5132 = EDGE_LOOP ( 'NONE', ( #151, #3994, #262, #1167 ) ) ;
#5133 = SURFACE_STYLE_FILL_AREA ( #6099 ) ;
#5134 = STYLED_ITEM ( 'NONE', ( #1688 ), #5033 ) ;
#5135 = ORIENTED_EDGE ( 'NONE', *, *, #6049, .T. ) ;
#5136 = PRESENTATION_LAYER_ASSIGNMENT (  '', '', ( #4597 ) ) ;
#5137 =( NAMED_UNIT ( * ) SI_UNIT ( $, .STERADIAN. ) SOLID_ANGLE_UNIT ( ) );
#5138 = ORIENTED_EDGE ( 'NONE', *, *, #1001, .T. ) ;
#5139 = EDGE_CURVE ( 'NONE', #2071, #2801, #5332, .T. ) ;
#5140 =( NAMED_UNIT ( * ) SI_UNIT ( $, .STERADIAN. ) SOLID_ANGLE_UNIT ( ) );
#5141 = CARTESIAN_POINT ( 'NONE',  ( -2.216339720411125900, 0.5200000000000004600, 3.200000000000182300 ) ) ;
#5142 = DIRECTION ( 'NONE',  ( -0.0000000000000000000, -1.000000000000000000, -0.0000000000000000000 ) ) ;
#5143 = CARTESIAN_POINT ( 'NONE',  ( 0.6836602795889643600, 0.1999999999999996500, 2.325000000000181800 ) ) ;
#5144 = CARTESIAN_POINT ( 'NONE',  ( 0.6836602795889643600, 0.1999999999999996500, 1.999999999999909400 ) ) ;
#5145 = VERTEX_POINT ( 'NONE', #5143 ) ;
#5146 = UNCERTAINTY_MEASURE_WITH_UNIT (LENGTH_MEASURE( 1.000000000000000100E-005 ), #6156, 'distance_accuracy_value', 'NONE');
#5147 = FILL_AREA_STYLE_COLOUR ( '', #4784 ) ;
#5148 = DIRECTION ( 'NONE',  ( -0.0000000000000000000, -1.000000000000000000, 0.0000000000000000000 ) ) ;
#5149 = EDGE_CURVE ( 'NONE', #2071, #2110, #3699, .T. ) ;
#5150 = VERTEX_POINT ( 'NONE', #1657 ) ;
#5151 = DIRECTION ( 'NONE',  ( -1.000000000000000000, 0.0000000000000000000, 0.0000000000000000000 ) ) ;
#5152 = AXIS2_PLACEMENT_3D ( 'NONE', #4640, #2178, #5624 ) ;
#5153 = DIRECTION ( 'NONE',  ( -1.000000000000000000, 0.0000000000000000000, 0.0000000000000000000 ) ) ;
#5154 = VECTOR ( 'NONE', #4833, 1000.000000000000000 ) ;
#5155 =( NAMED_UNIT ( * ) SI_UNIT ( $, .STERADIAN. ) SOLID_ANGLE_UNIT ( ) );
#5156 = CIRCLE ( 'NONE', #1099, 0.1000000000000228200 ) ;
#5157 = ORIENTED_EDGE ( 'NONE', *, *, #2820, .F. ) ;
#5158 = ORIENTED_EDGE ( 'NONE', *, *, #6040, .T. ) ;
#5159 = EDGE_LOOP ( 'NONE', ( #4086, #1302, #4088, #3497, #686, #4767, #1926, #3833 ) ) ;
#5160 = LINE ( 'NONE', #6019, #4615 ) ;
#5161 = DIRECTION ( 'NONE',  ( -1.000000000000000000, 0.0000000000000000000, 0.0000000000000000000 ) ) ;
#5162 = EDGE_CURVE ( 'NONE', #5052, #669, #1203, .T. ) ;
#5163 = FILL_AREA_STYLE_COLOUR ( '', #4061 ) ;
#5164 = DIRECTION ( 'NONE',  ( -1.000000000000000000, 0.0000000000000000000, 0.0000000000000000000 ) ) ;
#5165 = DIRECTION ( 'NONE',  ( -1.000000000000000000, 0.0000000000000000000, 0.0000000000000000000 ) ) ;
#5166 = ORIENTED_EDGE ( 'NONE', *, *, #856, .F. ) ;
#5167 = MECHANICAL_DESIGN_GEOMETRIC_PRESENTATION_REPRESENTATION (  '', ( #121 ), #4043 ) ;
#5168 = CARTESIAN_POINT ( 'NONE',  ( -1.616339720411101000, 0.09999999999999982500, 3.100000000000045800 ) ) ;
#5169 = PLANE ( 'NONE',  #3109 ) ;
#5170 = LINE ( 'NONE', #717, #2617 ) ;
#5171 = CARTESIAN_POINT ( 'NONE',  ( 0.3564213399704593300, 0.1999999999999996500, 2.028000000000611500 ) ) ;
#5172 = ORIENTED_EDGE ( 'NONE', *, *, #4935, .F. ) ;
#5173 = CARTESIAN_POINT ( 'NONE',  ( 0.5556602795888085900, 0.1999999999999996500, 2.889655387125192700 ) ) ;
#5174 = VECTOR ( 'NONE', #5523, 1000.000000000000000 ) ;
#5175 = DIRECTION ( 'NONE',  ( -1.000000000000000000, -0.0000000000000000000, -0.0000000000000000000 ) ) ;
#5176 = EDGE_LOOP ( 'NONE', ( #186, #2036, #4077, #5479 ) ) ;
#5177 = MECHANICAL_DESIGN_GEOMETRIC_PRESENTATION_REPRESENTATION (  '', ( #6396 ), #6067 ) ;
#5178 = EDGE_CURVE ( 'NONE', #3638, #4065, #1435, .T. ) ;
#5179 = ORIENTED_EDGE ( 'NONE', *, *, #4278, .F. ) ;
#5180 = PRESENTATION_STYLE_ASSIGNMENT (( #1439 ) ) ;
#5181 = DIRECTION ( 'NONE',  ( -1.000000000000000000, 0.0000000000000000000, 0.0000000000000000000 ) ) ;
#5182 = STYLED_ITEM ( 'NONE', ( #3333 ), #5526 ) ;
#5183 = CARTESIAN_POINT ( 'NONE',  ( -1.933991479863628400, 0.5200000000000000200, 2.000003627672315900 ) ) ;
#5184 = CARTESIAN_POINT ( 'NONE',  ( -0.1413397204113083800, 0.1999999999999996500, 1.800000000000091300 ) ) ;
#5185 = EDGE_CURVE ( 'NONE', #5414, #5618, #5038, .T. ) ;
#5186 = LINE ( 'NONE', #2477, #1603 ) ;
#5187 = ORIENTED_EDGE ( 'NONE', *, *, #1871, .T. ) ;
#5188 = CARTESIAN_POINT ( 'NONE',  ( 0.7836602795888736300, 0.09999999999999982500, 2.575000000000637000 ) ) ;
#5189 = CARTESIAN_POINT ( 'NONE',  ( -1.616339720410762300, 0.09999999999999982500, 2.900000000000227700 ) ) ;
#5190 = CARTESIAN_POINT ( 'NONE',  ( -1.616339720411101000, 0.09999999999999982500, 1.900000000000000400 ) ) ;
#5191 = CARTESIAN_POINT ( 'NONE',  ( -1.616339720410762300, 0.0000000000000000000, 3.200000000000182300 ) ) ;
#5192 = ORIENTED_EDGE ( 'NONE', *, *, #2970, .F. ) ;
#5193 = VECTOR ( 'NONE', #1209, 1000.000000000000000 ) ;
#5194 = MECHANICAL_DESIGN_GEOMETRIC_PRESENTATION_REPRESENTATION (  '', ( #2752 ), #910 ) ;
#5195 =( LENGTH_UNIT ( ) NAMED_UNIT ( * ) SI_UNIT ( .MILLI., .METRE. ) );
#5196 = EDGE_CURVE ( 'NONE', #6187, #4209, #92, .T. ) ;
#5197 = SURFACE_STYLE_FILL_AREA ( #415 ) ;
#5198 = SURFACE_SIDE_STYLE ('',( #374 ) ) ;
#5199 = DIRECTION ( 'NONE',  ( -1.000000000000000000, 0.0000000000000000000, 0.0000000000000000000 ) ) ;
#5200 = PRESENTATION_STYLE_ASSIGNMENT (( #983 ) ) ;
#5201 = VERTEX_POINT ( 'NONE', #4113 ) ;
#5202 = CARTESIAN_POINT ( 'NONE',  ( 0.6836602795889643600, 0.1999999999999996500, 1.999999999999909400 ) ) ;
#5203 = ORIENTED_EDGE ( 'NONE', *, *, #6326, .F. ) ;
#5204 =( NAMED_UNIT ( * ) PLANE_ANGLE_UNIT ( ) SI_UNIT ( $, .RADIAN. ) );
#5205 = PLANE ( 'NONE',  #3969 ) ;
#5206 = PRESENTATION_STYLE_ASSIGNMENT (( #1802 ) ) ;
#5207 = DIRECTION ( 'NONE',  ( -1.000000000000000000, 0.0000000000000000000, 0.0000000000000000000 ) ) ;
#5208 = ORIENTED_EDGE ( 'NONE', *, *, #5886, .T. ) ;
#5209 = CARTESIAN_POINT ( 'NONE',  ( 0.6836602795889643600, 0.09999999999999982500, 2.999999999999852600 ) ) ;
#5210 = LINE ( 'NONE', #5597, #1466 ) ;
#5211 = DIRECTION ( 'NONE',  ( 0.0000000000000000000, 1.000000000000000000, 0.0000000000000000000 ) ) ;
#5212 = ORIENTED_EDGE ( 'NONE', *, *, #3242, .F. ) ;
#5213 =( GEOMETRIC_REPRESENTATION_CONTEXT ( 3 ) GLOBAL_UNCERTAINTY_ASSIGNED_CONTEXT ( ( #2445 ) ) GLOBAL_UNIT_ASSIGNED_CONTEXT ( ( #4082, #88, #3117 ) ) REPRESENTATION_CONTEXT ( 'NONE', 'WORKASPACE' ) );
#5214 = CARTESIAN_POINT ( 'NONE',  ( -0.04133972041094405300, 0.1999999999999996500, 3.199999999999500100 ) ) ;
#5215 = EDGE_CURVE ( 'NONE', #2110, #4432, #4022, .T. ) ;
#5216 = SURFACE_STYLE_USAGE ( .BOTH. , #1748 ) ;
#5217 =( BOUNDED_CURVE ( )  B_SPLINE_CURVE ( 3, ( #5171, #4247, #5660, #213 ),
 .UNSPECIFIED., .F., .F. ) 
 B_SPLINE_CURVE_WITH_KNOTS ( ( 4, 4 ),
 ( 2.359992588465626100, 3.923192718713960100 ),
 .UNSPECIFIED. ) 
 CURVE ( )  GEOMETRIC_REPRESENTATION_ITEM ( )  RATIONAL_B_SPLINE_CURVE ( ( 1.000000000000000000, 0.8065248903853481400, 0.8065248903853481400, 1.000000000000000000 ) ) 
 REPRESENTATION_ITEM ( '' )  );
#5218 = CARTESIAN_POINT ( 'NONE',  ( -1.790602814746711500, 0.2171683266629612400, 2.026497966045892600 ) ) ;
#5219 = ORIENTED_EDGE ( 'NONE', *, *, #4240, .F. ) ;
#5220 = FILL_AREA_STYLE_COLOUR ( '', #6361 ) ;
#5221 = SURFACE_STYLE_FILL_AREA ( #2201 ) ;
#5222 = ORIENTED_EDGE ( 'NONE', *, *, #1497, .F. ) ;
#5223 = ORIENTED_EDGE ( 'NONE', *, *, #6162, .T. ) ;
#5224 = ORIENTED_EDGE ( 'NONE', *, *, #3151, .T. ) ;
#5225 =( NAMED_UNIT ( * ) SI_UNIT ( $, .STERADIAN. ) SOLID_ANGLE_UNIT ( ) );
#5226 = CARTESIAN_POINT ( 'NONE',  ( -2.116339720411217800, 0.1999999999999996500, 1.999999999999909400 ) ) ;
#5227 = DIRECTION ( 'NONE',  ( -1.000000000000000000, 0.0000000000000000000, 0.0000000000000000000 ) ) ;
#5228 = CIRCLE ( 'NONE', #6184, 0.1999999999999317900 ) ;
#5229 = CIRCLE ( 'NONE', #3133, 0.09999999999991049400 ) ;
#5230 = VECTOR ( 'NONE', #1448, 1000.000000000000000 ) ;
#5231 =( GEOMETRIC_REPRESENTATION_CONTEXT ( 3 ) GLOBAL_UNCERTAINTY_ASSIGNED_CONTEXT ( ( #1509 ) ) GLOBAL_UNIT_ASSIGNED_CONTEXT ( ( #3762, #3715, #710 ) ) REPRESENTATION_CONTEXT ( 'NONE', 'WORKASPACE' ) );
#5232 = CARTESIAN_POINT ( 'NONE',  ( -1.274032028103504000, 0.1999999999999996500, 3.018461538461815900 ) ) ;
#5233 = ORIENTED_EDGE ( 'NONE', *, *, #3316, .T. ) ;
#5234 = CARTESIAN_POINT ( 'NONE',  ( 0.5556602795888085900, 0.2000000000000005100, 2.972000000000116800 ) ) ;
#5235 = ORIENTED_EDGE ( 'NONE', *, *, #5645, .F. ) ;
#5236 =( NAMED_UNIT ( * ) SI_UNIT ( $, .STERADIAN. ) SOLID_ANGLE_UNIT ( ) );
#5237 = DIRECTION ( 'NONE',  ( 0.08682659386424779200, 0.9924325091389669700, -0.08682659386424779200 ) ) ;
#5238 = AXIS2_PLACEMENT_3D ( 'NONE', #576, #4095, #1611 ) ;
#5239 = VERTEX_POINT ( 'NONE', #62 ) ;
#5240 = VERTEX_POINT ( 'NONE', #1087 ) ;
#5241 = EDGE_CURVE ( 'NONE', #4059, #3071, #5260, .T. ) ;
#5242 = CARTESIAN_POINT ( 'NONE',  ( -1.066339720411096500, 0.1999999999999996500, 1.900000000000000100 ) ) ;
#5243 = LINE ( 'NONE', #2812, #775 ) ;
#5244 = EDGE_LOOP ( 'NONE', ( #2593, #5635, #1098, #6179 ) ) ;
#5245 = STYLED_ITEM ( 'NONE', ( #1308 ), #2634 ) ;
#5246 = DIRECTION ( 'NONE',  ( -0.08682659386424779200, -0.9924325091389670800, 0.08682659386424779200 ) ) ;
#5247 = CARTESIAN_POINT ( 'NONE',  ( -2.016336092739191300, 0.5200000000000000200, 3.200000000000182300 ) ) ;
#5248 = CARTESIAN_POINT ( 'NONE',  ( -0.04133972041094448300, 0.09999999999999982500, 3.199999999999500100 ) ) ;
#5249 = VECTOR ( 'NONE', #3428, 1000.000000000000000 ) ;
#5250 = ORIENTED_EDGE ( 'NONE', *, *, #5655, .F. ) ;
#5251 = SURFACE_STYLE_FILL_AREA ( #1365 ) ;
#5252 = AXIS2_PLACEMENT_3D ( 'NONE', #1495, #2746, #5207 ) ;
#5253 = SURFACE_SIDE_STYLE ('',( #3258 ) ) ;
#5254 = AXIS2_PLACEMENT_3D ( 'NONE', #3845, #2869, #327 ) ;
#5255 = VECTOR ( 'NONE', #2790, 1000.000000000000000 ) ;
#5256 = ORIENTED_EDGE ( 'NONE', *, *, #3973, .F. ) ;
#5257 = EDGE_CURVE ( 'NONE', #4394, #6355, #6408, .T. ) ;
#5258 = LINE ( 'NONE', #2324, #5562 ) ;
#5259 = CARTESIAN_POINT ( 'NONE',  ( -1.416339720411399000, 0.1999999999999996500, 2.900000000000057200 ) ) ;
#5260 = CIRCLE ( 'NONE', #4967, 0.09999999999990896700 ) ;
#5261 = DIRECTION ( 'NONE',  ( -1.000000000000000000, 0.0000000000000000000, 0.0000000000000000000 ) ) ;
#5262 = ORIENTED_EDGE ( 'NONE', *, *, #6068, .F. ) ;
#5263 = CARTESIAN_POINT ( 'NONE',  ( -1.490698694770201200, 0.1999999999999996500, 1.838461538461524800 ) ) ;
#5264 = VECTOR ( 'NONE', #1696, 1000.000000000000000 ) ;
#5265 = FILL_AREA_STYLE ('',( #2810 ) ) ;
#5266 = EDGE_CURVE ( 'NONE', #726, #4062, #5111, .T. ) ;
#5267 = ORIENTED_EDGE ( 'NONE', *, *, #1636, .T. ) ;
#5268 = FILL_AREA_STYLE_COLOUR ( '', #5314 ) ;
#5269 = LINE ( 'NONE', #1862, #2563 ) ;
#5270 = DIRECTION ( 'NONE',  ( 1.000000000000000000, 0.0000000000000000000, 0.0000000000000000000 ) ) ;
#5271 = CARTESIAN_POINT ( 'NONE',  ( 0.7836602795888739600, 0.1999999999999996500, 2.575000000000637000 ) ) ;
#5272 = VECTOR ( 'NONE', #5049, 1000.000000000000000 ) ;
#5273 = CARTESIAN_POINT ( 'NONE',  ( -1.916339720410944200, 0.09999999999999982500, 3.000000000000136800 ) ) ;
#5274 = AXIS2_PLACEMENT_3D ( 'NONE', #4764, #286, #6132 ) ;
#5275 = CARTESIAN_POINT ( 'NONE',  ( -1.616339720411330800, 0.1999999999999996500, 2.900000000000114500 ) ) ;
#5276 = ORIENTED_EDGE ( 'NONE', *, *, #2098, .F. ) ;
#5277 = CARTESIAN_POINT ( 'NONE',  ( -1.817097153120833300, 0.5200000000000004600, 2.999996372328624700 ) ) ;
#5278 = EDGE_CURVE ( 'NONE', #5201, #6385, #4802, .T. ) ;
#5279 = DIRECTION ( 'NONE',  ( -1.000000000000000000, 0.0000000000000000000, 0.0000000000000000000 ) ) ;
#5280 = LINE ( 'NONE', #1608, #2039 ) ;
#5281 = DIRECTION ( 'NONE',  ( -0.0000000000000000000, -1.000000000000000000, 0.0000000000000000000 ) ) ;
#5282 = DIRECTION ( 'NONE',  ( -1.000000000000000000, -0.0000000000000000000, -0.0000000000000000000 ) ) ;
#5283 = ORIENTED_EDGE ( 'NONE', *, *, #3802, .T. ) ;
#5284 = AXIS2_PLACEMENT_3D ( 'NONE', #1478, #5482, #519 ) ;
#5285 = CARTESIAN_POINT ( 'NONE',  ( 0.4836602795889192200, 0.09999999999999982500, 3.000000000000364200 ) ) ;
#5286 = LINE ( 'NONE', #2466, #6438 ) ;
#5287 = EDGE_LOOP ( 'NONE', ( #5594, #269, #5796, #930 ) ) ;
#5288 =( GEOMETRIC_REPRESENTATION_CONTEXT ( 3 ) GLOBAL_UNCERTAINTY_ASSIGNED_CONTEXT ( ( #2525 ) ) GLOBAL_UNIT_ASSIGNED_CONTEXT ( ( #3989, #1537, #2100 ) ) REPRESENTATION_CONTEXT ( 'NONE', 'WORKASPACE' ) );
#5289 = EDGE_CURVE ( 'NONE', #3863, #5315, #322, .T. ) ;
#5290 = DIRECTION ( 'NONE',  ( -5.684268702434480800E-013, 0.0000000000000000000, -1.000000000000000000 ) ) ;
#5291 = SURFACE_STYLE_FILL_AREA ( #5677 ) ;
#5292 = ADVANCED_FACE ( 'NONE', ( #1113 ), #4603, .F. ) ;
#5293 = CARTESIAN_POINT ( 'NONE',  ( -1.416339720411399400, 0.1999999999999996500, 2.900000000000057200 ) ) ;
#5294 = ORIENTED_EDGE ( 'NONE', *, *, #3113, .T. ) ;
#5295 = UNCERTAINTY_MEASURE_WITH_UNIT (LENGTH_MEASURE( 1.000000000000000100E-005 ), #3896, 'distance_accuracy_value', 'NONE');
#5296 = AXIS2_PLACEMENT_3D ( 'NONE', #3128, #5148, #607 ) ;
#5297 = CARTESIAN_POINT ( 'NONE',  ( -2.116339720411217800, 0.09999999999999982500, 2.325000000000182300 ) ) ;
#5298 = STYLED_ITEM ( 'NONE', ( #967 ), #4816 ) ;
#5299 = SURFACE_SIDE_STYLE ('',( #5568 ) ) ;
#5300 = VECTOR ( 'NONE', #3073, 1000.000000000000000 ) ;
#5301 = EDGE_CURVE ( 'NONE', #1714, #6114, #1351, .T. ) ;
#5302 = LINE ( 'NONE', #2679, #5527 ) ;
#5303 = FILL_AREA_STYLE ('',( #3765 ) ) ;
#5304 = ORIENTED_EDGE ( 'NONE', *, *, #1481, .T. ) ;
#5305 = ORIENTED_EDGE ( 'NONE', *, *, #1647, .F. ) ;
#5306 = DIRECTION ( 'NONE',  ( -0.0000000000000000000, -1.000000000000000000, -0.0000000000000000000 ) ) ;
#5307 = VERTEX_POINT ( 'NONE', #117 ) ;
#5308 = SURFACE_STYLE_USAGE ( .BOTH. , #254 ) ;
#5309 = VECTOR ( 'NONE', #2375, 1000.000000000000000 ) ;
#5310 = DIRECTION ( 'NONE',  ( -0.0000000000000000000, -1.000000000000000000, -0.0000000000000000000 ) ) ;
#5311 = ORIENTED_EDGE ( 'NONE', *, *, #6263, .F. ) ;
#5312 = VECTOR ( 'NONE', #4453, 1000.000000000000100 ) ;
#5313 = EDGE_CURVE ( 'NONE', #2625, #1609, #5490, .T. ) ;
#5314 = COLOUR_RGB ( '',1.000000000000000000, 1.000000000000000000, 1.000000000000000000 ) ;
#5315 = VERTEX_POINT ( 'NONE', #5061 ) ;
#5316 = DIRECTION ( 'NONE',  ( 0.0000000000000000000, 1.000000000000000000, 0.0000000000000000000 ) ) ;
#5317 = AXIS2_PLACEMENT_3D ( 'NONE', #3323, #6327, #3367 ) ;
#5318 = DIRECTION ( 'NONE',  ( -1.000000000000000000, 0.0000000000000000000, 0.0000000000000000000 ) ) ;
#5319 = DIRECTION ( 'NONE',  ( -1.000000000000000000, 0.0000000000000000000, 2.602085213967539700E-014 ) ) ;
#5320 = FACE_OUTER_BOUND ( 'NONE', #4855, .T. ) ;
#5321 = EDGE_LOOP ( 'NONE', ( #2380, #2587, #4356, #5817 ) ) ;
#5322 = EDGE_CURVE ( 'NONE', #595, #4803, #5946, .T. ) ;
#5323 = VERTEX_POINT ( 'NONE', #3717 ) ;
#5324 =( NAMED_UNIT ( * ) SI_UNIT ( $, .STERADIAN. ) SOLID_ANGLE_UNIT ( ) );
#5325 = CARTESIAN_POINT ( 'NONE',  ( 0.7836602795888739600, 0.5200000000000000200, 3.200000000000182300 ) ) ;
#5326 = DIRECTION ( 'NONE',  ( 0.0000000000000000000, 1.000000000000000000, -0.0000000000000000000 ) ) ;
#5327 = VECTOR ( 'NONE', #4396, 1000.000000000000000 ) ;
#5328 = AXIS2_PLACEMENT_3D ( 'NONE', #5232, #1174, #4729 ) ;
#5329 = CARTESIAN_POINT ( 'NONE',  ( 0.7836602795888739600, 0.1999999999999996500, 3.200000000000182300 ) ) ;
#5330 = CARTESIAN_POINT ( 'NONE',  ( -1.866339720411217500, 0.1999999999999996500, 1.800000000000091300 ) ) ;
#5331 = DIRECTION ( 'NONE',  ( -1.000000000000000000, 0.0000000000000000000, 0.0000000000000000000 ) ) ;
#5332 = LINE ( 'NONE', #2182, #16 ) ;
#5333 = ORIENTED_EDGE ( 'NONE', *, *, #3982, .T. ) ;
#5334 = PRESENTATION_STYLE_ASSIGNMENT (( #3978 ) ) ;
#5335 = MECHANICAL_DESIGN_GEOMETRIC_PRESENTATION_REPRESENTATION (  '', ( #3667 ), #639 ) ;
#5336 = CARTESIAN_POINT ( 'NONE',  ( -1.988339720410343000, 0.2000000000000005100, 2.227238939618769300 ) ) ;
#5337 = CARTESIAN_POINT ( 'NONE',  ( -1.099673053744337800, 0.1999999999999996500, 3.100000000000273200 ) ) ;
#5338 = PRESENTATION_LAYER_ASSIGNMENT (  '', '', ( #5057 ) ) ;
#5339 = EDGE_CURVE ( 'NONE', #4109, #4461, #3031, .T. ) ;
#5340 = ORIENTED_EDGE ( 'NONE', *, *, #2545, .F. ) ;
#5341 = SURFACE_SIDE_STYLE ('',( #1484 ) ) ;
#5342 = DIRECTION ( 'NONE',  ( -1.000000000000000000, 0.0000000000000000000, 0.0000000000000000000 ) ) ;
#5343 = VECTOR ( 'NONE', #3267, 1000.000000000000000 ) ;
#5344 = ORIENTED_EDGE ( 'NONE', *, *, #477, .T. ) ;
#5345 = AXIS2_PLACEMENT_3D ( 'NONE', #3728, #4721, #3692 ) ;
#5346 = DIRECTION ( 'NONE',  ( -0.3846153846147278300, 0.0000000000000000000, 0.9230769230771968000 ) ) ;
#5347 = VECTOR ( 'NONE', #2588, 1000.000000000000000 ) ;
#5348 = CARTESIAN_POINT ( 'NONE',  ( -2.016339720411308700, 0.1999999999999996500, 1.900000000000000400 ) ) ;
#5349 = ORIENTED_EDGE ( 'NONE', *, *, #1285, .T. ) ;
#5350 = PRESENTATION_STYLE_ASSIGNMENT (( #5216 ) ) ;
#5351 = DIRECTION ( 'NONE',  ( -1.000000000000000000, 0.0000000000000000000, 0.0000000000000000000 ) ) ;
#5352 = AXIS2_PLACEMENT_3D ( 'NONE', #6015, #3943, #1454 ) ;
#5353 = PRESENTATION_STYLE_ASSIGNMENT (( #2193 ) ) ;
#5354 = ORIENTED_EDGE ( 'NONE', *, *, #4683, .T. ) ;
#5355 = ADVANCED_FACE ( 'NONE', ( #2472 ), #4173, .F. ) ;
#5356 = CARTESIAN_POINT ( 'NONE',  ( 0.6836602795889643600, 0.09999999999999982500, 2.000000000000023100 ) ) ;
#5357 = VERTEX_POINT ( 'NONE', #5242 ) ;
#5358 = EDGE_CURVE ( 'NONE', #2840, #6195, #1964, .T. ) ;
#5359 = CARTESIAN_POINT ( 'NONE',  ( -2.216339720411125900, 0.1999999999999996500, 2.028000000000612000 ) ) ;
#5360 = PLANE ( 'NONE',  #2074 ) ;
#5361 = EDGE_LOOP ( 'NONE', ( #5763, #456, #4527, #400 ) ) ;
#5362 = MECHANICAL_DESIGN_GEOMETRIC_PRESENTATION_REPRESENTATION (  '', ( #3171 ), #3830 ) ;
#5363 = CARTESIAN_POINT ( 'NONE',  ( -1.933991479864249200, 0.5200000000000004600, 2.999996372328628700 ) ) ;
#5364 = DIRECTION ( 'NONE',  ( -0.0000000000000000000, -1.000000000000000000, -0.0000000000000000000 ) ) ;
#5365 = LINE ( 'NONE', #5191, #2429 ) ;
#5366 = FACE_OUTER_BOUND ( 'NONE', #155, .T. ) ;
#5367 = CARTESIAN_POINT ( 'NONE',  ( -1.191980746052013500, 0.09999999999999982500, 3.161538461538429400 ) ) ;
#5368 = PRESENTATION_STYLE_ASSIGNMENT (( #1865 ) ) ;
#5369 = DIRECTION ( 'NONE',  ( 0.0000000000000000000, 1.000000000000000000, -0.0000000000000000000 ) ) ;
#5370 = SURFACE_STYLE_FILL_AREA ( #3837 ) ;
#5371 = STYLED_ITEM ( 'NONE', ( #1867 ), #4483 ) ;
#5372 = ORIENTED_EDGE ( 'NONE', *, *, #2867, .F. ) ;
#5373 = DIRECTION ( 'NONE',  ( -0.0000000000000000000, -0.0000000000000000000, 1.000000000000000000 ) ) ;
#5374 = FACE_BOUND ( 'NONE', #4623, .T. ) ;
#5375 = VERTEX_POINT ( 'NONE', #5688 ) ;
#5376 = EDGE_CURVE ( 'NONE', #3638, #4446, #1682, .T. ) ;
#5377 = UNCERTAINTY_MEASURE_WITH_UNIT (LENGTH_MEASURE( 1.000000000000000100E-005 ), #129, 'distance_accuracy_value', 'NONE');
#5378 = DIRECTION ( 'NONE',  ( 1.000000000000000000, 0.0000000000000000000, 0.0000000000000000000 ) ) ;
#5379 = VERTEX_POINT ( 'NONE', #647 ) ;
#5380 = DIRECTION ( 'NONE',  ( -0.0000000000000000000, -1.000000000000000000, -0.0000000000000000000 ) ) ;
#5381 = VECTOR ( 'NONE', #4997, 1000.000000000000000 ) ;
#5382 = VECTOR ( 'NONE', #6298, 1000.000000000000000 ) ;
#5383 = CIRCLE ( 'NONE', #4006, 0.09999999999990907800 ) ;
#5384 = PRESENTATION_STYLE_ASSIGNMENT (( #908 ) ) ;
#5385 = ORIENTED_EDGE ( 'NONE', *, *, #1179, .F. ) ;
#5386 = CARTESIAN_POINT ( 'NONE',  ( -2.016339720410853100, 0.09999999999999982500, 2.100000000000044500 ) ) ;
#5387 = ORIENTED_EDGE ( 'NONE', *, *, #1298, .T. ) ;
#5388 = EDGE_CURVE ( 'NONE', #3927, #3086, #2875, .T. ) ;
#5389 = PRESENTATION_STYLE_ASSIGNMENT (( #4753 ) ) ;
#5390 = DIRECTION ( 'NONE',  ( 0.0000000000000000000, 1.000000000000000000, 0.0000000000000000000 ) ) ;
#5391 = ORIENTED_EDGE ( 'NONE', *, *, #5509, .T. ) ;
#5392 = ADVANCED_FACE ( 'NONE', ( #4480 ), #6022, .F. ) ;
#5393 = ORIENTED_EDGE ( 'NONE', *, *, #618, .T. ) ;
#5394 =( NAMED_UNIT ( * ) PLANE_ANGLE_UNIT ( ) SI_UNIT ( $, .RADIAN. ) );
#5395 = ADVANCED_FACE ( 'NONE', ( #3025 ), #5715, .T. ) ;
#5396 = SURFACE_SIDE_STYLE ('',( #4763 ) ) ;
#5397 = DIRECTION ( 'NONE',  ( -1.000000000000000000, 0.0000000000000000000, 0.0000000000000000000 ) ) ;
#5398 = FACE_OUTER_BOUND ( 'NONE', #1625, .T. ) ;
#5399 = ORIENTED_EDGE ( 'NONE', *, *, #943, .F. ) ;
#5400 = SURFACE_STYLE_FILL_AREA ( #5928 ) ;
#5401 = EDGE_CURVE ( 'NONE', #2397, #4399, #2465, .T. ) ;
#5402 = PLANE ( 'NONE',  #1740 ) ;
#5403 = VERTEX_POINT ( 'NONE', #4733 ) ;
#5404 = AXIS2_PLACEMENT_3D ( 'NONE', #2347, #1290, #5793 ) ;
#5405 = SURFACE_SIDE_STYLE ('',( #3983 ) ) ;
#5406 = ADVANCED_FACE ( 'NONE', ( #2011 ), #3101, .F. ) ;
#5407 = DIRECTION ( 'NONE',  ( 1.000000000000000000, 0.0000000000000000000, 0.0000000000000000000 ) ) ;
#5408 = VERTEX_POINT ( 'NONE', #6208 ) ;
#5409 = CARTESIAN_POINT ( 'NONE',  ( -0.2913397204113985500, 0.0000000000000000000, 1.800000000000091300 ) ) ;
#5410 = VECTOR ( 'NONE', #3276, 1000.000000000000000 ) ;
#5411 = CARTESIAN_POINT ( 'NONE',  ( -1.416339720411399400, 0.09999999999999982500, 2.020000000000515600 ) ) ;
#5412 = AXIS2_PLACEMENT_3D ( 'NONE', #2134, #3609, #4619 ) ;
#5413 = UNCERTAINTY_MEASURE_WITH_UNIT (LENGTH_MEASURE( 1.000000000000000100E-005 ), #507, 'distance_accuracy_value', 'NONE');
#5414 = VERTEX_POINT ( 'NONE', #2263 ) ;
#5415 = EDGE_CURVE ( 'NONE', #1319, #2237, #4403, .T. ) ;
#5416 = CIRCLE ( 'NONE', #5152, 0.09999999999945426200 ) ;
#5417 = DIRECTION ( 'NONE',  ( -1.000000000000000000, 0.0000000000000000000, 0.0000000000000000000 ) ) ;
#5418 = DIRECTION ( 'NONE',  ( 0.0000000000000000000, 0.0000000000000000000, -1.000000000000000000 ) ) ;
#5419 = MECHANICAL_DESIGN_GEOMETRIC_PRESENTATION_REPRESENTATION (  '', ( #6320 ), #940 ) ;
#5420 = VERTEX_POINT ( 'NONE', #142 ) ;
#5421 = CIRCLE ( 'NONE', #6103, 0.09999999999990907800 ) ;
#5422 = ADVANCED_FACE ( 'NONE', ( #1768 ), #5639, .T. ) ;
#5423 = DIRECTION ( 'NONE',  ( -0.0000000000000000000, -1.000000000000000000, 0.0000000000000000000 ) ) ;
#5424 = AXIS2_PLACEMENT_3D ( 'NONE', #2290, #1849, #737 ) ;
#5425 = EDGE_CURVE ( 'NONE', #2916, #6462, #317, .T. ) ;
#5426 =( NAMED_UNIT ( * ) PLANE_ANGLE_UNIT ( ) SI_UNIT ( $, .RADIAN. ) );
#5427 = LINE ( 'NONE', #654, #890 ) ;
#5428 = ORIENTED_EDGE ( 'NONE', *, *, #2361, .F. ) ;
#5429 = DIRECTION ( 'NONE',  ( -0.0000000000000000000, -1.000000000000000000, 0.0000000000000000000 ) ) ;
#5430 = ORIENTED_EDGE ( 'NONE', *, *, #5322, .F. ) ;
#5431 = CARTESIAN_POINT ( 'NONE',  ( -0.9663397204115812300, 0.0000000000000000000, 2.900000000000227700 ) ) ;
#5432 = CARTESIAN_POINT ( 'NONE',  ( -1.966339720411240300, 0.09999999999999982500, 3.200000000000068600 ) ) ;
#5433 = CARTESIAN_POINT ( 'NONE',  ( 0.6836602795889648000, 0.1999999999999996500, 2.999999999999909400 ) ) ;
#5434 = EDGE_CURVE ( 'NONE', #4238, #4892, #3463, .T. ) ;
#5435 = ORIENTED_EDGE ( 'NONE', *, *, #4654, .T. ) ;
#5436 = CIRCLE ( 'NONE', #4511, 0.09999999999990767700 ) ;
#5437 = EDGE_CURVE ( 'NONE', #1289, #159, #784, .T. ) ;
#5438 = DIRECTION ( 'NONE',  ( 0.0000000000000000000, 1.000000000000000000, -0.0000000000000000000 ) ) ;
#5439 = FILL_AREA_STYLE_COLOUR ( '', #4249 ) ;
#5440 = CIRCLE ( 'NONE', #1453, 0.09999999999990918900 ) ;
#5441 = ORIENTED_EDGE ( 'NONE', *, *, #819, .T. ) ;
#5442 = PRESENTATION_LAYER_ASSIGNMENT (  '', '', ( #5882 ) ) ;
#5443 = CARTESIAN_POINT ( 'NONE',  ( -1.616339720411330800, 0.09999999999999982500, 2.900000000000114500 ) ) ;
#5444 = CYLINDRICAL_SURFACE ( 'NONE', #3495, 0.09999999999990907800 ) ;
#5445 = EDGE_CURVE ( 'NONE', #2543, #5240, #6252, .T. ) ;
#5446 = PLANE ( 'NONE',  #4559 ) ;
#5447 = CARTESIAN_POINT ( 'NONE',  ( -1.966339720411125900, 0.1999999999999996500, 3.100000000000045800 ) ) ;
#5448 = PRESENTATION_STYLE_ASSIGNMENT (( #1029 ) ) ;
#5449 = VECTOR ( 'NONE', #5438, 1000.000000000000000 ) ;
#5450 = VERTEX_POINT ( 'NONE', #6269 ) ;
#5451 =( NAMED_UNIT ( * ) SI_UNIT ( $, .STERADIAN. ) SOLID_ANGLE_UNIT ( ) );
#5452 = STYLED_ITEM ( 'NONE', ( #5384 ), #3437 ) ;
#5453 = ADVANCED_FACE ( 'NONE', ( #3162 ), #5106, .F. ) ;
#5454 = VECTOR ( 'NONE', #3168, 1000.000000000000000 ) ;
#5455 = LINE ( 'NONE', #3345, #1728 ) ;
#5456 = FACE_OUTER_BOUND ( 'NONE', #5610, .T. ) ;
#5457 = ORIENTED_EDGE ( 'NONE', *, *, #3036, .T. ) ;
#5458 = VERTEX_POINT ( 'NONE', #2387 ) ;
#5459 = FILL_AREA_STYLE_COLOUR ( '', #3855 ) ;
#5460 = AXIS2_PLACEMENT_3D ( 'NONE', #3854, #5281, #1816 ) ;
#5461 = EDGE_LOOP ( 'NONE', ( #2791, #4421, #3601, #3210 ) ) ;
#5462 = MECHANICAL_DESIGN_GEOMETRIC_PRESENTATION_REPRESENTATION (  '', ( #220 ), #5021 ) ;
#5463 = LINE ( 'NONE', #650, #2690 ) ;
#5464 = EDGE_CURVE ( 'NONE', #4752, #6151, #947, .T. ) ;
#5465 = DIRECTION ( 'NONE',  ( -0.0000000000000000000, -1.000000000000000000, 0.0000000000000000000 ) ) ;
#5466 = ORIENTED_EDGE ( 'NONE', *, *, #6277, .T. ) ;
#5467 = VERTEX_POINT ( 'NONE', #6249 ) ;
#5468 = CARTESIAN_POINT ( 'NONE',  ( -1.274032028103555500, 0.1999999999999996500, 3.018461538461940200 ) ) ;
#5469 = CARTESIAN_POINT ( 'NONE',  ( -0.3913397204113079300, 0.1999999999999996500, 1.900000000000000400 ) ) ;
#5470 = CARTESIAN_POINT ( 'NONE',  ( 0.5836602795890552000, 0.0000000000000000000, 2.100000000000045800 ) ) ;
#5471 = SURFACE_STYLE_FILL_AREA ( #2247 ) ;
#5472 = ORIENTED_EDGE ( 'NONE', *, *, #3078, .F. ) ;
#5473 = EDGE_CURVE ( 'NONE', #2216, #959, #3618, .T. ) ;
#5474 = ORIENTED_EDGE ( 'NONE', *, *, #1992, .F. ) ;
#5475 = SURFACE_STYLE_FILL_AREA ( #1460 ) ;
#5476 = CARTESIAN_POINT ( 'NONE',  ( -2.016336092739191300, 0.5200000000000000200, 2.800757432710180100 ) ) ;
#5477 = STYLED_ITEM ( 'NONE', ( #5334 ), #371 ) ;
#5478 = CARTESIAN_POINT ( 'NONE',  ( -2.116339720411216900, 0.09999999999999982500, 3.200000000000182300 ) ) ;
#5479 = ORIENTED_EDGE ( 'NONE', *, *, #5464, .T. ) ;
#5480 = CARTESIAN_POINT ( 'NONE',  ( -1.616339720411103200, 0.09999999999999982500, 1.900000000000000400 ) ) ;
#5481 = AXIS2_PLACEMENT_3D ( 'NONE', #897, #3363, #5861 ) ;
#5482 = DIRECTION ( 'NONE',  ( -0.0000000000000000000, -1.000000000000000000, 0.0000000000000000000 ) ) ;
#5483 = CARTESIAN_POINT ( 'NONE',  ( -0.3913397204108536900, 0.1999999999999996500, 3.199999999999954900 ) ) ;
#5484 = VECTOR ( 'NONE', #5306, 1000.000000000000000 ) ;
#5485 = EDGE_CURVE ( 'NONE', #3475, #3902, #714, .T. ) ;
#5486 = DIRECTION ( 'NONE',  ( 0.0000000000000000000, 0.0000000000000000000, 1.000000000000000000 ) ) ;
#5487 = ADVANCED_FACE ( 'NONE', ( #3309 ), #4473, .F. ) ;
#5488 = CARTESIAN_POINT ( 'NONE',  ( -0.04133972041139941800, 0.1999999999999996500, 3.100000000000045800 ) ) ;
#5489 =( NAMED_UNIT ( * ) PLANE_ANGLE_UNIT ( ) SI_UNIT ( $, .RADIAN. ) );
#5490 = LINE ( 'NONE', #2163, #2175 ) ;
#5491 = ORIENTED_EDGE ( 'NONE', *, *, #283, .T. ) ;
#5492 = STYLED_ITEM ( 'NONE', ( #3570 ), #2943 ) ;
#5493 = ADVANCED_FACE ( 'NONE', ( #4952 ), #872, .F. ) ;
#5494 = FILL_AREA_STYLE ('',( #6430 ) ) ;
#5495 = VECTOR ( 'NONE', #4658, 1000.000000000000000 ) ;
#5496 = DIRECTION ( 'NONE',  ( -1.000000000000000000, 0.0000000000000000000, -0.0000000000000000000 ) ) ;
#5497 = UNCERTAINTY_MEASURE_WITH_UNIT (LENGTH_MEASURE( 1.000000000000000100E-005 ), #2123, 'distance_accuracy_value', 'NONE');
#5498 = ORIENTED_EDGE ( 'NONE', *, *, #5415, .F. ) ;
#5499 = LINE ( 'NONE', #1721, #1212 ) ;
#5500 = EDGE_CURVE ( 'NONE', #4595, #5467, #4169, .T. ) ;
#5501 = CARTESIAN_POINT ( 'NONE',  ( -2.216339720411125900, 0.09999999999999982500, 3.200000000000182300 ) ) ;
#5502 = ORIENTED_EDGE ( 'NONE', *, *, #3808, .F. ) ;
#5503 = ORIENTED_EDGE ( 'NONE', *, *, #3944, .T. ) ;
#5504 = DIRECTION ( 'NONE',  ( -1.000000000000000000, 0.0000000000000000000, 0.0000000000000000000 ) ) ;
#5505 = CARTESIAN_POINT ( 'NONE',  ( -1.616339720411100300, 0.1999999999999996500, 3.200000000000071700 ) ) ;
#5506 = VERTEX_POINT ( 'NONE', #4832 ) ;
#5507 = DIRECTION ( 'NONE',  ( -1.000000000000000000, 0.0000000000000000000, 0.0000000000000000000 ) ) ;
#5508 = ORIENTED_EDGE ( 'NONE', *, *, #1025, .T. ) ;
#5509 = EDGE_CURVE ( 'NONE', #4250, #669, #5856, .T. ) ;
#5510 = DIRECTION ( 'NONE',  ( 0.0000000000000000000, 1.000000000000000000, 0.0000000000000000000 ) ) ;
#5511 =( NAMED_UNIT ( * ) PLANE_ANGLE_UNIT ( ) SI_UNIT ( $, .RADIAN. ) );
#5512 = DIRECTION ( 'NONE',  ( 0.0000000000000000000, -1.000000000000000000, -0.0000000000000000000 ) ) ;
#5513 = VERTEX_POINT ( 'NONE', #3328 ) ;
#5514 = CARTESIAN_POINT ( 'NONE',  ( 0.6836602795889648000, 0.09999999999999982500, 2.675000000000091300 ) ) ;
#5515 = VECTOR ( 'NONE', #658, 1000.000000000000000 ) ;
#5516 = ORIENTED_EDGE ( 'NONE', *, *, #1225, .T. ) ;
#5517 = EDGE_CURVE ( 'NONE', #4445, #2454, #1422, .T. ) ;
#5518 = CARTESIAN_POINT ( 'NONE',  ( 0.4733156667138711500, 0.2000000000000004800, 2.028000000000611500 ) ) ;
#5519 = CIRCLE ( 'NONE', #1705, 0.1000000000002411700 ) ;
#5520 = ORIENTED_EDGE ( 'NONE', *, *, #5376, .F. ) ;
#5521 = CARTESIAN_POINT ( 'NONE',  ( -1.408647412718915900, 0.09999999999999982500, 1.981538461538858900 ) ) ;
#5522 =( GEOMETRIC_REPRESENTATION_CONTEXT ( 3 ) GLOBAL_UNCERTAINTY_ASSIGNED_CONTEXT ( ( #2608 ) ) GLOBAL_UNIT_ASSIGNED_CONTEXT ( ( #3331, #3792, #794 ) ) REPRESENTATION_CONTEXT ( 'NONE', 'WORKASPACE' ) );
#5523 = DIRECTION ( 'NONE',  ( -0.0000000000000000000, -1.000000000000000000, 0.0000000000000000000 ) ) ;
#5524 = VECTOR ( 'NONE', #5237, 1000.000000000000100 ) ;
#5525 = EDGE_LOOP ( 'NONE', ( #2612, #4669, #3526, #675 ) ) ;
#5526 = ADVANCED_BREP_SHAPE_REPRESENTATION ( 'MP-3014-1100-22-80', ( #3265, #5107, #530, #4340, #1856 ), #2278 ) ;
#5527 = VECTOR ( 'NONE', #116, 1000.000000000000000 ) ;
#5528 = VERTEX_POINT ( 'NONE', #3831 ) ;
#5529 = ORIENTED_EDGE ( 'NONE', *, *, #5761, .F. ) ;
#5530 = ADVANCED_FACE ( 'NONE', ( #3234 ), #1330, .F. ) ;
#5531 = CARTESIAN_POINT ( 'NONE',  ( -1.616339720411331200, 0.1999999999999996500, 2.900000000000114500 ) ) ;
#5532 = LINE ( 'NONE', #118, #3364 ) ;
#5533 = PRESENTATION_STYLE_ASSIGNMENT (( #3824 ) ) ;
#5534 = VERTEX_POINT ( 'NONE', #5325 ) ;
#5535 = ORIENTED_EDGE ( 'NONE', *, *, #2167, .F. ) ;
#5536 = LINE ( 'NONE', #3035, #5913 ) ;
#5537 = CARTESIAN_POINT ( 'NONE',  ( 0.3564213399704593300, 0.2000000000000005100, 2.028000000000611500 ) ) ;
#5538 = DIRECTION ( 'NONE',  ( 1.000000000000000000, 0.0000000000000000000, -1.137328078938328500E-012 ) ) ;
#5539 = PRESENTATION_LAYER_ASSIGNMENT (  '', '', ( #59 ) ) ;
#5540 = CARTESIAN_POINT ( 'NONE',  ( 0.7836602795884186600, 0.1999999999999996500, 2.675000000000091300 ) ) ;
#5541 = ORIENTED_EDGE ( 'NONE', *, *, #5704, .F. ) ;
#5542 = STYLED_ITEM ( 'NONE', ( #4807 ), #5015 ) ;
#5543 = CARTESIAN_POINT ( 'NONE',  ( 0.7836602795888739600, 0.09999999999999982500, 2.575000000000637000 ) ) ;
#5544 = ORIENTED_EDGE ( 'NONE', *, *, #5724, .T. ) ;
#5545 = EDGE_CURVE ( 'NONE', #1958, #5548, #1591, .T. ) ;
#5546 = FILL_AREA_STYLE_COLOUR ( '', #3684 ) ;
#5547 = SURFACE_STYLE_FILL_AREA ( #5591 ) ;
#5548 = VERTEX_POINT ( 'NONE', #2000 ) ;
#5549 = CARTESIAN_POINT ( 'NONE',  ( -2.016336092738611400, 0.5200000000000004600, 3.200000000000182300 ) ) ;
#5550 = ORIENTED_EDGE ( 'NONE', *, *, #1037, .T. ) ;
#5551 = CIRCLE ( 'NONE', #2855, 0.09999999999990918900 ) ;
#5552 = CARTESIAN_POINT ( 'NONE',  ( -1.349673053744338700, 0.1999999999999996500, 3.200000000000182300 ) ) ;
#5553 = LINE ( 'NONE', #372, #4685 ) ;
#5554 = CARTESIAN_POINT ( 'NONE',  ( -0.04133972041139941800, 0.09999999999999982500, 1.900000000000000400 ) ) ;
#5555 = CARTESIAN_POINT ( 'NONE',  ( -2.216339720411125900, 0.09999999999999982500, 2.325000000000182300 ) ) ;
#5556 = ORIENTED_EDGE ( 'NONE', *, *, #6407, .T. ) ;
#5557 = LINE ( 'NONE', #2464, #1514 ) ;
#5558 = AXIS2_PLACEMENT_3D ( 'NONE', #2784, #745, #3325 ) ;
#5559 = ORIENTED_EDGE ( 'NONE', *, *, #3928, .T. ) ;
#5560 = CARTESIAN_POINT ( 'NONE',  ( -1.616339720411103200, 0.1999999999999996500, 1.900000000000000400 ) ) ;
#5561 =( NAMED_UNIT ( * ) PLANE_ANGLE_UNIT ( ) SI_UNIT ( $, .RADIAN. ) );
#5562 = VECTOR ( 'NONE', #1791, 1000.000000000000000 ) ;
#5563 = CARTESIAN_POINT ( 'NONE',  ( -1.916339720410944200, 0.09999999999999982500, 2.000000000000137200 ) ) ;
#5564 = SURFACE_SIDE_STYLE ('',( #2513 ) ) ;
#5565 = EDGE_CURVE ( 'NONE', #2589, #1604, #1198, .T. ) ;
#5566 = SURFACE_STYLE_FILL_AREA ( #3483 ) ;
#5567 = EDGE_LOOP ( 'NONE', ( #4823, #4720, #5135, #3531, #1191, #5826 ) ) ;
#5568 = SURFACE_STYLE_FILL_AREA ( #2760 ) ;
#5569 = FILL_AREA_STYLE ('',( #5147 ) ) ;
#5570 = PLANE ( 'NONE',  #2658 ) ;
#5571 = AXIS2_PLACEMENT_3D ( 'NONE', #5505, #1501, #4563 ) ;
#5572 = UNCERTAINTY_MEASURE_WITH_UNIT (LENGTH_MEASURE( 1.000000000000000100E-005 ), #3546, 'distance_accuracy_value', 'NONE');
#5573 = DIRECTION ( 'NONE',  ( -1.000000000000000000, 0.0000000000000000000, 0.0000000000000000000 ) ) ;
#5574 = LINE ( 'NONE', #719, #1780 ) ;
#5575 = EDGE_LOOP ( 'NONE', ( #3648, #6289, #2620, #2786 ) ) ;
#5576 = CARTESIAN_POINT ( 'NONE',  ( -2.116339720411216900, 0.1999999999999996500, 2.675000000000091300 ) ) ;
#5577 = ORIENTED_EDGE ( 'NONE', *, *, #5401, .T. ) ;
#5578 = DIRECTION ( 'NONE',  ( 0.0000000000000000000, 0.9961946980917455500, -0.08715574274765836000 ) ) ;
#5579 = AXIS2_PLACEMENT_3D ( 'NONE', #2047, #535, #5496 ) ;
#5580 = ORIENTED_EDGE ( 'NONE', *, *, #6340, .F. ) ;
#5581 = PRESENTATION_LAYER_ASSIGNMENT (  '', '', ( #1806 ) ) ;
#5582 = EDGE_CURVE ( 'NONE', #2529, #1047, #6, .T. ) ;
#5583 =( NAMED_UNIT ( * ) PLANE_ANGLE_UNIT ( ) SI_UNIT ( $, .RADIAN. ) );
#5584 = DIRECTION ( 'NONE',  ( -1.000000000000000000, -0.0000000000000000000, -0.0000000000000000000 ) ) ;
#5585 = SURFACE_STYLE_USAGE ( .BOTH. , #1700 ) ;
#5586 = CARTESIAN_POINT ( 'NONE',  ( 0.7836602795888739600, 0.09999999999999982500, 3.200000000000182300 ) ) ;
#5587 = DIRECTION ( 'NONE',  ( -1.000000000000000000, 0.0000000000000000000, 0.0000000000000000000 ) ) ;
#5588 = COLOUR_RGB ( '',1.000000000000000000, 1.000000000000000000, 1.000000000000000000 ) ;
#5589 = PRESENTATION_LAYER_ASSIGNMENT (  '', '', ( #3387 ) ) ;
#5590 =( LENGTH_UNIT ( ) NAMED_UNIT ( * ) SI_UNIT ( .MILLI., .METRE. ) );
#5591 = FILL_AREA_STYLE ('',( #2665 ) ) ;
#5592 = FACE_OUTER_BOUND ( 'NONE', #2051, .T. ) ;
#5593 = EDGE_CURVE ( 'NONE', #5357, #2419, #2944, .T. ) ;
#5594 = ORIENTED_EDGE ( 'NONE', *, *, #2480, .T. ) ;
#5595 =( NAMED_UNIT ( * ) SI_UNIT ( $, .STERADIAN. ) SOLID_ANGLE_UNIT ( ) );
#5596 =( NAMED_UNIT ( * ) PLANE_ANGLE_UNIT ( ) SI_UNIT ( $, .RADIAN. ) );
#5597 = CARTESIAN_POINT ( 'NONE',  ( -1.616339720411101000, 0.09999999999999982500, 1.900000000000000400 ) ) ;
#5598 = CIRCLE ( 'NONE', #2627, 0.1000000000002500600 ) ;
#5599 = STYLED_ITEM ( 'NONE', ( #1999 ), #1432 ) ;
#5600 = VERTEX_POINT ( 'NONE', #6369 ) ;
#5601 = FILL_AREA_STYLE_COLOUR ( '', #3246 ) ;
#5602 = EDGE_CURVE ( 'NONE', #6017, #2669, #3693, .T. ) ;
#5603 = DIRECTION ( 'NONE',  ( -1.000000000000000000, 0.0000000000000000000, 0.0000000000000000000 ) ) ;
#5604 = CARTESIAN_POINT ( 'NONE',  ( 0.5836566519171041400, 0.5200000000000004600, 3.200000000000182300 ) ) ;
#5605 = VERTEX_POINT ( 'NONE', #4924 ) ;
#5606 = CARTESIAN_POINT ( 'NONE',  ( -1.474673053744338400, 0.1999999999999996500, 1.800000000000091300 ) ) ;
#5607 = SURFACE_SIDE_STYLE ('',( #691 ) ) ;
#5608 = DIRECTION ( 'NONE',  ( 0.0000000000000000000, 1.000000000000000000, -0.0000000000000000000 ) ) ;
#5609 = ORIENTED_EDGE ( 'NONE', *, *, #5976, .F. ) ;
#5610 = EDGE_LOOP ( 'NONE', ( #5340, #3005, #2245, #5031 ) ) ;
#5611 = FILL_AREA_STYLE ('',( #2124 ) ) ;
#5612 = DIRECTION ( 'NONE',  ( -0.0000000000000000000, -1.000000000000000000, -0.0000000000000000000 ) ) ;
#5613 = DIRECTION ( 'NONE',  ( -1.000000000000000000, 0.0000000000000000000, -2.046540020794807000E-011 ) ) ;
#5614 = PRESENTATION_STYLE_ASSIGNMENT (( #3126 ) ) ;
#5615 = AXIS2_PLACEMENT_3D ( 'NONE', #4687, #1701, #5164 ) ;
#5616 = CARTESIAN_POINT ( 'NONE',  ( -2.216339720411125900, 0.0000000000000000000, 2.000000000000136800 ) ) ;
#5617 = ORIENTED_EDGE ( 'NONE', *, *, #5024, .T. ) ;
#5618 = VERTEX_POINT ( 'NONE', #862 ) ;
#5619 = DIRECTION ( 'NONE',  ( -1.000000000000000000, -0.0000000000000000000, -0.0000000000000000000 ) ) ;
#5620 = LINE ( 'NONE', #4836, #1093 ) ;
#5621 = EDGE_CURVE ( 'NONE', #4204, #1319, #5708, .T. ) ;
#5622 = VECTOR ( 'NONE', #1799, 1000.000000000000000 ) ;
#5623 = ORIENTED_EDGE ( 'NONE', *, *, #66, .T. ) ;
#5624 = DIRECTION ( 'NONE',  ( -1.000000000000000000, 0.0000000000000000000, 0.0000000000000000000 ) ) ;
#5625 = CARTESIAN_POINT ( 'NONE',  ( -1.966339720411125900, 0.1999999999999996500, 1.900000000000000400 ) ) ;
#5626 = CARTESIAN_POINT ( 'NONE',  ( -0.04133972041139855100, 0.1999999999999996500, 1.900000000000000100 ) ) ;
#5627 = AXIS2_PLACEMENT_3D ( 'NONE', #2715, #5125, #191 ) ;
#5628 = FACE_OUTER_BOUND ( 'NONE', #2819, .T. ) ;
#5629 = DIRECTION ( 'NONE',  ( -0.3846153846208078000, -0.0000000000000000000, 0.9230769230746634900 ) ) ;
#5630 = AXIS2_PLACEMENT_3D ( 'NONE', #1120, #4147, #2209 ) ;
#5631 = DIRECTION ( 'NONE',  ( 0.0000000000000000000, -1.000000000000000000, 0.0000000000000000000 ) ) ;
#5632 = LINE ( 'NONE', #105, #1341 ) ;
#5633 = ORIENTED_EDGE ( 'NONE', *, *, #5500, .T. ) ;
#5634 = EDGE_CURVE ( 'NONE', #5776, #2840, #2717, .T. ) ;
#5635 = ORIENTED_EDGE ( 'NONE', *, *, #5339, .F. ) ;
#5636 =( LENGTH_UNIT ( ) NAMED_UNIT ( * ) SI_UNIT ( .MILLI., .METRE. ) );
#5637 = CARTESIAN_POINT ( 'NONE',  ( -0.3913397204113071000, 0.1999999999999996500, 1.900000000000000400 ) ) ;
#5638 = PLANE ( 'NONE',  #2568 ) ;
#5639 = CYLINDRICAL_SURFACE ( 'NONE', #4287, 0.1000000000000228200 ) ;
#5640 = EDGE_LOOP ( 'NONE', ( #2773, #4351, #5812, #5769 ) ) ;
#5641 = DIRECTION ( 'NONE',  ( 0.0000000000000000000, 1.000000000000000000, 0.0000000000000000000 ) ) ;
#5642 =( LENGTH_UNIT ( ) NAMED_UNIT ( * ) SI_UNIT ( .MILLI., .METRE. ) );
#5643 = VECTOR ( 'NONE', #5629, 1000.000000000000000 ) ;
#5644 = ORIENTED_EDGE ( 'NONE', *, *, #1623, .T. ) ;
#5645 = EDGE_CURVE ( 'NONE', #5605, #3046, #3455, .T. ) ;
#5646 = VECTOR ( 'NONE', #1267, 1000.000000000000000 ) ;
#5647 = CARTESIAN_POINT ( 'NONE',  ( -2.216339720411125900, 0.0000000000000000000, 1.800000000000091300 ) ) ;
#5648 = PLANE ( 'NONE',  #4902 ) ;
#5649 = CARTESIAN_POINT ( 'NONE',  ( -0.9663397204113617400, 0.0000000000000000000, 3.000000000000136800 ) ) ;
#5650 = ORIENTED_EDGE ( 'NONE', *, *, #5805, .F. ) ;
#5651 = STYLED_ITEM ( 'NONE', ( #2683 ), #2471 ) ;
#5652 = DIRECTION ( 'NONE',  ( -0.0000000000000000000, -1.000000000000000000, 0.0000000000000000000 ) ) ;
#5653 = VECTOR ( 'NONE', #6206, 1000.000000000000000 ) ;
#5654 = CARTESIAN_POINT ( 'NONE',  ( -1.416339720411399000, 0.09999999999999982500, 2.900000000000057200 ) ) ;
#5655 = EDGE_CURVE ( 'NONE', #5842, #1406, #4017, .T. ) ;
#5656 = UNCERTAINTY_MEASURE_WITH_UNIT (LENGTH_MEASURE( 1.000000000000000100E-005 ), #5590, 'distance_accuracy_value', 'NONE');
#5657 = CYLINDRICAL_SURFACE ( 'NONE', #4980, 0.09999999999945426200 ) ;
#5658 = ORIENTED_EDGE ( 'NONE', *, *, #2684, .F. ) ;
#5659 = EDGE_LOOP ( 'NONE', ( #1204, #2331, #1909, #4070 ) ) ;
#5660 = CARTESIAN_POINT ( 'NONE',  ( 0.5556602795888087000, 0.1999999999999996500, 2.110344612875549000 ) ) ;
#5661 = CARTESIAN_POINT ( 'NONE',  ( -2.016339720411312700, 0.1999999999999996500, 1.999999999999905000 ) ) ;
#5662 = CARTESIAN_POINT ( 'NONE',  ( -2.216339720411125900, 0.09999999999999982500, 3.100000000000045800 ) ) ;
#5663 = STYLED_ITEM ( 'NONE', ( #3215 ), #3040 ) ;
#5664 = CARTESIAN_POINT ( 'NONE',  ( -1.066339720411096000, 0.1999999999999996500, 1.900000000000000100 ) ) ;
#5665 = PRESENTATION_STYLE_ASSIGNMENT (( #1320 ) ) ;
#5666 = STYLED_ITEM ( 'NONE', ( #6264 ), #4947 ) ;
#5667 = CARTESIAN_POINT ( 'NONE',  ( 0.3596422334128527300, 0.2542461290577059900, 2.775981953824178600 ) ) ;
#5668 = ORIENTED_EDGE ( 'NONE', *, *, #6170, .F. ) ;
#5669 = EDGE_CURVE ( 'NONE', #2237, #2219, #1921, .T. ) ;
#5670 = CARTESIAN_POINT ( 'NONE',  ( -1.616339720411101000, 0.1999999999999996500, 3.200000000000071200 ) ) ;
#5671 = CARTESIAN_POINT ( 'NONE',  ( -1.616339720410762800, 0.0000000000000000000, 2.100000000000145300 ) ) ;
#5672 = VECTOR ( 'NONE', #4593, 1000.000000000000000 ) ;
#5673 = ORIENTED_EDGE ( 'NONE', *, *, #236, .F. ) ;
#5674 = DIRECTION ( 'NONE',  ( 0.0000000000000000000, 0.0000000000000000000, -1.000000000000000000 ) ) ;
#5675 = CARTESIAN_POINT ( 'NONE',  ( -1.988339720411060700, 0.1999999999999940200, 2.972000000000343700 ) ) ;
#5676 = LINE ( 'NONE', #5576, #1644 ) ;
#5677 = FILL_AREA_STYLE ('',( #4150 ) ) ;
#5678 =( GEOMETRIC_REPRESENTATION_CONTEXT ( 3 ) GLOBAL_UNCERTAINTY_ASSIGNED_CONTEXT ( ( #3351 ) ) GLOBAL_UNIT_ASSIGNED_CONTEXT ( ( #182, #1719, #5137 ) ) REPRESENTATION_CONTEXT ( 'NONE', 'WORKASPACE' ) );
#5679 = PRESENTATION_STYLE_ASSIGNMENT (( #4939 ) ) ;
#5680 = VERTEX_POINT ( 'NONE', #3409 ) ;
#5681 = ORIENTED_EDGE ( 'NONE', *, *, #5602, .F. ) ;
#5682 =( NAMED_UNIT ( * ) SI_UNIT ( $, .STERADIAN. ) SOLID_ANGLE_UNIT ( ) );
#5683 = DIRECTION ( 'NONE',  ( -0.0000000000000000000, -1.000000000000000000, 0.0000000000000000000 ) ) ;
#5684 = COLOUR_RGB ( '',1.000000000000000000, 1.000000000000000000, 1.000000000000000000 ) ;
#5685 = CARTESIAN_POINT ( 'NONE',  ( -2.216339720411125900, 0.1999999999999996500, 2.325000000000182300 ) ) ;
#5686 = EDGE_CURVE ( 'NONE', #1047, #3668, #5100, .T. ) ;
#5687 = UNCERTAINTY_MEASURE_WITH_UNIT (LENGTH_MEASURE( 1.000000000000000100E-005 ), #3697, 'distance_accuracy_value', 'NONE');
#5688 = CARTESIAN_POINT ( 'NONE',  ( -1.966339720411141500, 0.1999999999999996500, 1.900000000000000400 ) ) ;
#5689 = ORIENTED_EDGE ( 'NONE', *, *, #1980, .T. ) ;
#5690 = CARTESIAN_POINT ( 'NONE',  ( 0.6836602795889643600, 0.09999999999999982500, 1.999999999999909400 ) ) ;
#5691 = VERTEX_POINT ( 'NONE', #6394 ) ;
#5692 = LINE ( 'NONE', #1847, #4546 ) ;
#5693 = MECHANICAL_DESIGN_GEOMETRIC_PRESENTATION_REPRESENTATION (  '', ( #4371 ), #1233 ) ;
#5694 =( LENGTH_UNIT ( ) NAMED_UNIT ( * ) SI_UNIT ( .MILLI., .METRE. ) );
#5695 = CARTESIAN_POINT ( 'NONE',  ( -2.116339720411217800, 0.09999999999999982500, 3.000000000000023100 ) ) ;
#5696 = ORIENTED_EDGE ( 'NONE', *, *, #6018, .T. ) ;
#5697 = CARTESIAN_POINT ( 'NONE',  ( -2.116339720411216900, 0.1999999999999996500, 2.325000000000182300 ) ) ;
#5698 = CARTESIAN_POINT ( 'NONE',  ( -2.016336092738555400, 0.5200000000000004600, 2.082348240547202700 ) ) ;
#5699 = CIRCLE ( 'NONE', #6237, 0.1999999999999317900 ) ;
#5700 = DIRECTION ( 'NONE',  ( 0.0000000000000000000, 1.000000000000000000, -0.0000000000000000000 ) ) ;
#5701 = ORIENTED_EDGE ( 'NONE', *, *, #3036, .F. ) ;
#5702 = AXIS2_PLACEMENT_3D ( 'NONE', #2960, #6392, #2938 ) ;
#5703 = VERTEX_POINT ( 'NONE', #3917 ) ;
#5704 = EDGE_CURVE ( 'NONE', #769, #1184, #6016, .T. ) ;
#5705 = CARTESIAN_POINT ( 'NONE',  ( -2.216339720411125900, 0.09999999999999982500, 1.900000000000000400 ) ) ;
#5706 = SURFACE_SIDE_STYLE ('',( #2140 ) ) ;
#5707 = DIRECTION ( 'NONE',  ( 0.0000000000000000000, 0.0000000000000000000, -1.000000000000000000 ) ) ;
#5708 = LINE ( 'NONE', #2469, #5327 ) ;
#5709 = VERTEX_POINT ( 'NONE', #4433 ) ;
#5710 = SURFACE_STYLE_USAGE ( .BOTH. , #6248 ) ;
#5711 = AXIS2_PLACEMENT_3D ( 'NONE', #1110, #5115, #4529 ) ;
#5712 = SURFACE_SIDE_STYLE ('',( #3065 ) ) ;
#5713 = EDGE_CURVE ( 'NONE', #4230, #5150, #1257, .T. ) ;
#5714 = ADVANCED_FACE ( 'NONE', ( #4398 ), #2313, .T. ) ;
#5715 = CYLINDRICAL_SURFACE ( 'NONE', #5783, 0.2000000000001505900 ) ;
#5716 = VERTEX_POINT ( 'NONE', #5514 ) ;
#5717 = CARTESIAN_POINT ( 'NONE',  ( -1.966339720411240300, 0.1999999999999996500, 3.200000000000068600 ) ) ;
#5718 = FILL_AREA_STYLE ('',( #238 ) ) ;
#5719 = CARTESIAN_POINT ( 'NONE',  ( 0.3844177122987648700, 0.5200000000000047900, 2.999996372328477700 ) ) ;
#5720 = VECTOR ( 'NONE', #1407, 1000.000000000000000 ) ;
#5721 = VERTEX_POINT ( 'NONE', #4008 ) ;
#5722 = PRESENTATION_LAYER_ASSIGNMENT (  '', '', ( #4402 ) ) ;
#5723 = DIRECTION ( 'NONE',  ( -1.000000000000000000, 0.0000000000000000000, 0.0000000000000000000 ) ) ;
#5724 = EDGE_CURVE ( 'NONE', #1012, #1017, #6276, .T. ) ;
#5725 = LINE ( 'NONE', #2813, #1443 ) ;
#5726 = ORIENTED_EDGE ( 'NONE', *, *, #5686, .T. ) ;
#5727 = CARTESIAN_POINT ( 'NONE',  ( -1.616339720411330800, 0.1999999999999996500, 2.900000000000114500 ) ) ;
#5728 = CARTESIAN_POINT ( 'NONE',  ( 0.5836602795887143600, 0.1999999999999996500, 2.999999999999795700 ) ) ;
#5729 =( GEOMETRIC_REPRESENTATION_CONTEXT ( 3 ) GLOBAL_UNCERTAINTY_ASSIGNED_CONTEXT ( ( #1421 ) ) GLOBAL_UNIT_ASSIGNED_CONTEXT ( ( #5908, #2041, #6387 ) ) REPRESENTATION_CONTEXT ( 'NONE', 'WORKASPACE' ) );
#5730 = ORIENTED_EDGE ( 'NONE', *, *, #2516, .T. ) ;
#5731 =( LENGTH_UNIT ( ) NAMED_UNIT ( * ) SI_UNIT ( .MILLI., .METRE. ) );
#5732 = ORIENTED_EDGE ( 'NONE', *, *, #1923, .F. ) ;
#5733 = CARTESIAN_POINT ( 'NONE',  ( -1.583006387077914500, 0.1999999999999996500, 1.900000000000000400 ) ) ;
#5734 = LINE ( 'NONE', #1506, #2340 ) ;
#5735 = CARTESIAN_POINT ( 'NONE',  ( -0.1413397204103989700, 0.1999999999999996500, 3.200000000000182300 ) ) ;
#5736 = ORIENTED_EDGE ( 'NONE', *, *, #4990, .F. ) ;
#5737 = DIRECTION ( 'NONE',  ( -1.000000000000000000, 0.0000000000000000000, 0.0000000000000000000 ) ) ;
#5738 = ORIENTED_EDGE ( 'NONE', *, *, #5794, .T. ) ;
#5739 = EDGE_CURVE ( 'NONE', #5895, #406, #865, .T. ) ;
#5740 = LINE ( 'NONE', #2720, #2978 ) ;
#5741 = DIRECTION ( 'NONE',  ( -0.0000000000000000000, -1.000000000000000000, 0.0000000000000000000 ) ) ;
#5742 = ADVANCED_FACE ( 'NONE', ( #552 ), #3474, .T. ) ;
#5743 = ORIENTED_EDGE ( 'NONE', *, *, #2970, .T. ) ;
#5744 = AXIS2_PLACEMENT_3D ( 'NONE', #2189, #4201, #1215 ) ;
#5745 = MECHANICAL_DESIGN_GEOMETRIC_PRESENTATION_REPRESENTATION (  '', ( #5298 ), #853 ) ;
#5746 = DIRECTION ( 'NONE',  ( -0.0000000000000000000, 1.000000000000000000, 0.0000000000000000000 ) ) ;
#5747 = EDGE_CURVE ( 'NONE', #3038, #2537, #3385, .T. ) ;
#5748 = CARTESIAN_POINT ( 'NONE',  ( -1.616339720410762800, 0.0000000000000000000, 2.100000000000045800 ) ) ;
#5749 = DIRECTION ( 'NONE',  ( 1.000000000000000000, 0.0000000000000000000, 0.0000000000000000000 ) ) ;
#5750 = EDGE_LOOP ( 'NONE', ( #4277, #228, #1883, #4023 ) ) ;
#5751 = DIRECTION ( 'NONE',  ( -9.561169992202678200E-013, -8.364939843619833700E-014, 1.000000000000000000 ) ) ;
#5752 = DIRECTION ( 'NONE',  ( 0.0000000000000000000, 1.000000000000000000, -0.0000000000000000000 ) ) ;
#5753 = FACE_OUTER_BOUND ( 'NONE', #74, .T. ) ;
#5754 = EDGE_LOOP ( 'NONE', ( #3301, #4925, #4, #4450, #1156, #1960, #3295, #1910 ) ) ;
#5755 = EDGE_LOOP ( 'NONE', ( #3967, #615, #2401, #638 ) ) ;
#5756 = ORIENTED_EDGE ( 'NONE', *, *, #2077, .F. ) ;
#5757 = VECTOR ( 'NONE', #1634, 1000.000000000000100 ) ;
#5758 = DIRECTION ( 'NONE',  ( 0.0000000000000000000, 1.000000000000000000, -0.0000000000000000000 ) ) ;
#5759 = LINE ( 'NONE', #383, #4612 ) ;
#5760 = LINE ( 'NONE', #993, #3814 ) ;
#5761 = EDGE_CURVE ( 'NONE', #4153, #3734, #2094, .T. ) ;
#5762 = VERTEX_POINT ( 'NONE', #6460 ) ;
#5763 = ORIENTED_EDGE ( 'NONE', *, *, #2684, .T. ) ;
#5764 = CARTESIAN_POINT ( 'NONE',  ( 0.4836602795891468700, 0.09999999999999982500, 3.000000000000136800 ) ) ;
#5765 = DIRECTION ( 'NONE',  ( -0.0000000000000000000, -1.000000000000000000, 0.0000000000000000000 ) ) ;
#5766 = VECTOR ( 'NONE', #366, 1000.000000000000000 ) ;
#5767 = UNCERTAINTY_MEASURE_WITH_UNIT (LENGTH_MEASURE( 1.000000000000000100E-005 ), #4985, 'distance_accuracy_value', 'NONE');
#5768 = CARTESIAN_POINT ( 'NONE',  ( -1.616339720411101000, 0.1999999999999996500, 3.200000000000071200 ) ) ;
#5769 = ORIENTED_EDGE ( 'NONE', *, *, #876, .T. ) ;
#5770 = CARTESIAN_POINT ( 'NONE',  ( -0.9663397204111260400, 0.09999999999999982500, 2.000000000000137200 ) ) ;
#5771 = EDGE_CURVE ( 'NONE', #689, #2341, #5028, .T. ) ;
#5772 =( LENGTH_UNIT ( ) NAMED_UNIT ( * ) SI_UNIT ( .MILLI., .METRE. ) );
#5773 = PRESENTATION_STYLE_ASSIGNMENT (( #4482 ) ) ;
#5774 =( LENGTH_UNIT ( ) NAMED_UNIT ( * ) SI_UNIT ( .MILLI., .METRE. ) );
#5775 = ORIENTED_EDGE ( 'NONE', *, *, #729, .F. ) ;
#5776 = VERTEX_POINT ( 'NONE', #4187 ) ;
#5777 = MECHANICAL_DESIGN_GEOMETRIC_PRESENTATION_REPRESENTATION (  '', ( #6312 ), #2560 ) ;
#5778 = CARTESIAN_POINT ( 'NONE',  ( 0.3844177122987639800, 0.5200000000000000200, 2.999996372328428000 ) ) ;
#5779 =( NAMED_UNIT ( * ) PLANE_ANGLE_UNIT ( ) SI_UNIT ( $, .RADIAN. ) );
#5780 = LINE ( 'NONE', #3150, #4161 ) ;
#5781 = ORIENTED_EDGE ( 'NONE', *, *, #5927, .T. ) ;
#5782 = ORIENTED_EDGE ( 'NONE', *, *, #1584, .T. ) ;
#5783 = AXIS2_PLACEMENT_3D ( 'NONE', #2203, #5652, #2708 ) ;
#5784 = CARTESIAN_POINT ( 'NONE',  ( -1.349673053744338700, 0.09999999999999982500, 3.200000000000182300 ) ) ;
#5785 =( GEOMETRIC_REPRESENTATION_CONTEXT ( 3 ) GLOBAL_UNCERTAINTY_ASSIGNED_CONTEXT ( ( #6081 ) ) GLOBAL_UNIT_ASSIGNED_CONTEXT ( ( #2753, #6279, #5236 ) ) REPRESENTATION_CONTEXT ( 'NONE', 'WORKASPACE' ) );
#5786 = EDGE_LOOP ( 'NONE', ( #1776, #1347, #4294, #1394 ) ) ;
#5787 = EDGE_CURVE ( 'NONE', #1461, #5420, #4552, .T. ) ;
#5788 = VECTOR ( 'NONE', #1860, 1000.000000000000000 ) ;
#5789 = DIRECTION ( 'NONE',  ( 0.0000000000000000000, 0.0000000000000000000, -1.000000000000000000 ) ) ;
#5790 = LINE ( 'NONE', #3523, #3862 ) ;
#5791 = SURFACE_SIDE_STYLE ('',( #3204 ) ) ;
#5792 = SURFACE_STYLE_FILL_AREA ( #5938 ) ;
#5793 = DIRECTION ( 'NONE',  ( -1.000000000000000000, 0.0000000000000000000, 0.0000000000000000000 ) ) ;
#5794 = EDGE_CURVE ( 'NONE', #4446, #1108, #5699, .T. ) ;
#5795 = FACE_OUTER_BOUND ( 'NONE', #3939, .T. ) ;
#5796 = ORIENTED_EDGE ( 'NONE', *, *, #5739, .F. ) ;
#5797 = AXIS2_PLACEMENT_3D ( 'NONE', #3087, #2115, #3578 ) ;
#5798 = DIRECTION ( 'NONE',  ( 0.0000000000000000000, -0.08715574274765834600, -0.9961946980917454300 ) ) ;
#5799 = LINE ( 'NONE', #272, #3548 ) ;
#5800 = DIRECTION ( 'NONE',  ( -0.0000000000000000000, 1.000000000000000000, 0.0000000000000000000 ) ) ;
#5801 = VECTOR ( 'NONE', #704, 1000.000000000000000 ) ;
#5802 = AXIS2_PLACEMENT_3D ( 'NONE', #783, #5765, #3178 ) ;
#5803 = CARTESIAN_POINT ( 'NONE',  ( -1.616339720411197600, 0.1999999999999996500, 3.100000000000045800 ) ) ;
#5804 = ORIENTED_EDGE ( 'NONE', *, *, #3121, .T. ) ;
#5805 = EDGE_CURVE ( 'NONE', #3863, #2220, #1753, .T. ) ;
#5806 = FILL_AREA_STYLE ('',( #3887 ) ) ;
#5807 = VERTEX_POINT ( 'NONE', #3752 ) ;
#5808 = DIRECTION ( 'NONE',  ( -1.000000000000000000, 0.0000000000000000000, 0.0000000000000000000 ) ) ;
#5809 = VERTEX_POINT ( 'NONE', #2248 ) ;
#5810 = CARTESIAN_POINT ( 'NONE',  ( -1.966339720411126600, 0.1999999999999996500, 3.100000000000045800 ) ) ;
#5811 = COLOUR_RGB ( '',1.000000000000000000, 1.000000000000000000, 1.000000000000000000 ) ;
#5812 = ORIENTED_EDGE ( 'NONE', *, *, #1481, .F. ) ;
#5813 = CARTESIAN_POINT ( 'NONE',  ( -2.116339720411217800, 0.09999999999999982500, 2.999999999999909400 ) ) ;
#5814 = DIRECTION ( 'NONE',  ( 1.000000000000000000, -0.0000000000000000000, 0.0000000000000000000 ) ) ;
#5815 = CARTESIAN_POINT ( 'NONE',  ( -1.866339720411217100, 0.0000000000000000000, 1.800000000000091300 ) ) ;
#5816 = AXIS2_PLACEMENT_3D ( 'NONE', #4602, #665, #1111 ) ;
#5817 = ORIENTED_EDGE ( 'NONE', *, *, #483, .T. ) ;
#5818 = EDGE_CURVE ( 'NONE', #3547, #1116, #3230, .T. ) ;
#5819 = CARTESIAN_POINT ( 'NONE',  ( -1.208006387077914500, 0.1999999999999996500, 3.200000000000182300 ) ) ;
#5820 = CARTESIAN_POINT ( 'NONE',  ( -2.016339720411312300, 0.09999999999999982500, 1.999999999999905000 ) ) ;
#5821 = CARTESIAN_POINT ( 'NONE',  ( -0.1413397204103983000, 0.09999999999999982500, 3.200000000000182300 ) ) ;
#5822 = COLOUR_RGB ( '',0.9098039215686274400, 0.4431372549019607600, 0.03137254901960784300 ) ;
#5823 = PRESENTATION_STYLE_ASSIGNMENT (( #3142 ) ) ;
#5824 = EDGE_CURVE ( 'NONE', #5600, #5925, #2863, .T. ) ;
#5825 = CARTESIAN_POINT ( 'NONE',  ( -2.216339720411126400, 0.1999999999999996500, 2.575000000000182300 ) ) ;
#5826 = ORIENTED_EDGE ( 'NONE', *, *, #369, .T. ) ;
#5827 = CARTESIAN_POINT ( 'NONE',  ( -2.216339720411126400, 0.1999999999999996500, 2.325000000000182300 ) ) ;
#5828 = ORIENTED_EDGE ( 'NONE', *, *, #3595, .T. ) ;
#5829 = CARTESIAN_POINT ( 'NONE',  ( -1.817097153120262700, 0.5200000000000000200, 2.000003627672315900 ) ) ;
#5830 = ADVANCED_FACE ( 'NONE', ( #3300 ), #1171, .F. ) ;
#5831 = LINE ( 'NONE', #5119, #5757 ) ;
#5832 = LINE ( 'NONE', #2942, #2441 ) ;
#5833 = DIRECTION ( 'NONE',  ( 0.0000000000000000000, 1.000000000000000000, -0.0000000000000000000 ) ) ;
#5834 = CARTESIAN_POINT ( 'NONE',  ( -1.716339720411126400, 0.0000000000000000000, 2.100000000000273600 ) ) ;
#5835 =( GEOMETRIC_REPRESENTATION_CONTEXT ( 3 ) GLOBAL_UNCERTAINTY_ASSIGNED_CONTEXT ( ( #5656 ) ) GLOBAL_UNIT_ASSIGNED_CONTEXT ( ( #5590, #2585, #606 ) ) REPRESENTATION_CONTEXT ( 'NONE', 'WORKASPACE' ) );
#5836 = DIRECTION ( 'NONE',  ( -0.0000000000000000000, -1.000000000000000000, 0.0000000000000000000 ) ) ;
#5837 = VERTEX_POINT ( 'NONE', #2208 ) ;
#5838 = CARTESIAN_POINT ( 'NONE',  ( -1.583006387077914500, 0.1999999999999996500, 1.900000000000000400 ) ) ;
#5839 = LINE ( 'NONE', #4011, #5312 ) ;
#5840 = EDGE_CURVE ( 'NONE', #3893, #2669, #4316, .T. ) ;
#5841 = UNCERTAINTY_MEASURE_WITH_UNIT (LENGTH_MEASURE( 1.000000000000000100E-005 ), #1570, 'distance_accuracy_value', 'NONE');
#5842 = VERTEX_POINT ( 'NONE', #3213 ) ;
#5843 = EDGE_LOOP ( 'NONE', ( #771, #5014, #1335, #5577 ) ) ;
#5844 = DIRECTION ( 'NONE',  ( 1.000000000000000000, 0.0000000000000000000, 0.0000000000000000000 ) ) ;
#5845 = CARTESIAN_POINT ( 'NONE',  ( -0.04133972041094448300, 0.1999999999999996500, 3.200000000000182300 ) ) ;
#5846 = FACE_OUTER_BOUND ( 'NONE', #1183, .T. ) ;
#5847 = ORIENTED_EDGE ( 'NONE', *, *, #3643, .F. ) ;
#5848 = ORIENTED_EDGE ( 'NONE', *, *, #3498, .T. ) ;
#5849 = DIRECTION ( 'NONE',  ( 0.0000000000000000000, -1.000000000000000000, -0.0000000000000000000 ) ) ;
#5850 = DIRECTION ( 'NONE',  ( 0.0000000000000000000, 1.000000000000000000, -0.0000000000000000000 ) ) ;
#5851 = CARTESIAN_POINT ( 'NONE',  ( -1.366339720411549500, 0.09999999999999982500, 2.980000000000497800 ) ) ;
#5852 = PRESENTATION_STYLE_ASSIGNMENT (( #5988 ) ) ;
#5853 = ORIENTED_EDGE ( 'NONE', *, *, #2381, .T. ) ;
#5854 = VECTOR ( 'NONE', #6357, 1000.000000000000000 ) ;
#5855 = CARTESIAN_POINT ( 'NONE',  ( -1.616339720410535400, 0.0000000000000000000, 2.900000000000227700 ) ) ;
#5856 = LINE ( 'NONE', #5263, #2871 ) ;
#5857 = ORIENTED_EDGE ( 'NONE', *, *, #401, .F. ) ;
#5858 = CIRCLE ( 'NONE', #411, 0.09999999999945426200 ) ;
#5859 = STYLED_ITEM ( 'NONE', ( #4002 ), #6089 ) ;
#5860 = ADVANCED_FACE ( 'NONE', ( #4711 ), #718, .F. ) ;
#5861 = DIRECTION ( 'NONE',  ( 1.000000000000000000, 0.0000000000000000000, 0.0000000000000000000 ) ) ;
#5862 = AXIS2_PLACEMENT_3D ( 'NONE', #171, #6191, #2747 ) ;
#5863 = EDGE_CURVE ( 'NONE', #1683, #6241, #5217, .T. ) ;
#5864 = SURFACE_STYLE_FILL_AREA ( #1913 ) ;
#5865 = VERTEX_POINT ( 'NONE', #2772 ) ;
#5866 = ADVANCED_FACE ( 'NONE', ( #5930 ), #6009, .F. ) ;
#5867 = CARTESIAN_POINT ( 'NONE',  ( 0.7836602795888739600, 0.0000000000000000000, 3.200000000000182300 ) ) ;
#5868 = CIRCLE ( 'NONE', #6333, 0.09999999999990918900 ) ;
#5869 = PLANE ( 'NONE',  #5702 ) ;
#5870 = CARTESIAN_POINT ( 'NONE',  ( -2.016336092739045200, 0.5199999999999879200, 2.800757432710274700 ) ) ;
#5871 = COLOUR_RGB ( '',1.000000000000000000, 1.000000000000000000, 1.000000000000000000 ) ;
#5872 = ORIENTED_EDGE ( 'NONE', *, *, #4132, .T. ) ;
#5873 = UNCERTAINTY_MEASURE_WITH_UNIT (LENGTH_MEASURE( 1.000000000000000100E-005 ), #4295, 'distance_accuracy_value', 'NONE');
#5874 = AXIS2_PLACEMENT_3D ( 'NONE', #5214, #4302, #2383 ) ;
#5875 = LINE ( 'NONE', #4101, #5122 ) ;
#5876 = DIRECTION ( 'NONE',  ( 0.3846153846147275500, 0.0000000000000000000, -0.9230769230771968000 ) ) ;
#5877 = ORIENTED_EDGE ( 'NONE', *, *, #6356, .T. ) ;
#5878 = PLANE ( 'NONE',  #143 ) ;
#5879 = ORIENTED_EDGE ( 'NONE', *, *, #3696, .T. ) ;
#5880 = CARTESIAN_POINT ( 'NONE',  ( -0.04133972041094448300, 0.1999999999999996500, 1.900000000000000400 ) ) ;
#5881 = CARTESIAN_POINT ( 'NONE',  ( -1.790602814747245900, 0.2345994752125605300, 2.774263094336702400 ) ) ;
#5882 = STYLED_ITEM ( 'NONE', ( #5389 ), #1510 ) ;
#5883 = COLOUR_RGB ( '',1.000000000000000000, 1.000000000000000000, 1.000000000000000000 ) ;
#5884 = DIRECTION ( 'NONE',  ( -0.0000000000000000000, -1.000000000000000000, 0.0000000000000000000 ) ) ;
#5885 = ORIENTED_EDGE ( 'NONE', *, *, #3928, .F. ) ;
#5886 = EDGE_CURVE ( 'NONE', #763, #1224, #2776, .T. ) ;
#5887 = DIRECTION ( 'NONE',  ( -0.0000000000000000000, -1.000000000000000000, 0.0000000000000000000 ) ) ;
#5888 = CARTESIAN_POINT ( 'NONE',  ( 0.5836602795888279300, 0.1999999999999996500, 2.000000000000136800 ) ) ;
#5889 = CIRCLE ( 'NONE', #4255, 0.09999999999945447000 ) ;
#5890 = CARTESIAN_POINT ( 'NONE',  ( -1.191980746052013100, 0.09999999999999982500, 3.161538461538429400 ) ) ;
#5891 = ORIENTED_EDGE ( 'NONE', *, *, #5593, .F. ) ;
#5892 = AXIS2_PLACEMENT_3D ( 'NONE', #4674, #5129, #3621 ) ;
#5893 = ADVANCED_FACE ( 'NONE', ( #1503 ), #1196, .F. ) ;
#5894 = LINE ( 'NONE', #923, #4604 ) ;
#5895 = VERTEX_POINT ( 'NONE', #1254 ) ;
#5896 = ORIENTED_EDGE ( 'NONE', *, *, #4184, .T. ) ;
#5897 = DIRECTION ( 'NONE',  ( -1.000000000000000000, 0.0000000000000000000, 3.209939973140663100E-013 ) ) ;
#5898 = CARTESIAN_POINT ( 'NONE',  ( -1.208006387077914500, 0.1999999999999996500, 3.200000000000182300 ) ) ;
#5899 = AXIS2_PLACEMENT_3D ( 'NONE', #653, #3251, #4755 ) ;
#5900 = CARTESIAN_POINT ( 'NONE',  ( 0.6836602795889643600, 0.09999999999999982500, 2.999999999999909400 ) ) ;
#5901 = SURFACE_STYLE_FILL_AREA ( #2149 ) ;
#5902 = LINE ( 'NONE', #279, #4443 ) ;
#5903 = AXIS2_PLACEMENT_3D ( 'NONE', #4986, #5914, #2021 ) ;
#5904 = EDGE_CURVE ( 'NONE', #1396, #1714, #234, .T. ) ;
#5905 = ORIENTED_EDGE ( 'NONE', *, *, #4019, .F. ) ;
#5906 = LINE ( 'NONE', #297, #1812 ) ;
#5907 = MECHANICAL_DESIGN_GEOMETRIC_PRESENTATION_REPRESENTATION (  '', ( #4937 ), #3932 ) ;
#5908 =( LENGTH_UNIT ( ) NAMED_UNIT ( * ) SI_UNIT ( .MILLI., .METRE. ) );
#5909 = ORIENTED_EDGE ( 'NONE', *, *, #4107, .F. ) ;
#5910 = VERTEX_POINT ( 'NONE', #1761 ) ;
#5911 = DIRECTION ( 'NONE',  ( -0.0000000000000000000, 1.000000000000000000, -0.0000000000000000000 ) ) ;
#5912 = EDGE_CURVE ( 'NONE', #1224, #5680, #5632, .T. ) ;
#5913 = VECTOR ( 'NONE', #4486, 1000.000000000000100 ) ;
#5914 = DIRECTION ( 'NONE',  ( -0.0000000000000000000, -1.000000000000000000, 0.0000000000000000000 ) ) ;
#5915 = SURFACE_STYLE_USAGE ( .BOTH. , #6413 ) ;
#5916 = ORIENTED_EDGE ( 'NONE', *, *, #709, .F. ) ;
#5917 = COLOUR_RGB ( '',1.000000000000000000, 1.000000000000000000, 1.000000000000000000 ) ;
#5918 = VECTOR ( 'NONE', #5310, 1000.000000000000000 ) ;
#5919 = CARTESIAN_POINT ( 'NONE',  ( 0.5836602795887143600, 0.09999999999999982500, 1.900000000000000400 ) ) ;
#5920 = DIRECTION ( 'NONE',  ( -1.000000000000000000, 0.0000000000000000000, 0.0000000000000000000 ) ) ;
#5921 = AXIS2_PLACEMENT_3D ( 'NONE', #5531, #72, #585 ) ;
#5922 = FILL_AREA_STYLE_COLOUR ( '', #490 ) ;
#5923 = ORIENTED_EDGE ( 'NONE', *, *, #5113, .T. ) ;
#5924 = DIRECTION ( 'NONE',  ( -1.000000000000000000, 0.0000000000000000000, 0.0000000000000000000 ) ) ;
#5925 = VERTEX_POINT ( 'NONE', #148 ) ;
#5926 = VECTOR ( 'NONE', #1828, 1000.000000000000000 ) ;
#5927 = EDGE_CURVE ( 'NONE', #669, #6378, #1914, .T. ) ;
#5928 = FILL_AREA_STYLE ('',( #4955 ) ) ;
#5929 = ADVANCED_FACE ( 'NONE', ( #5846 ), #6125, .F. ) ;
#5930 = FACE_OUTER_BOUND ( 'NONE', #2135, .T. ) ;
#5931 = ORIENTED_EDGE ( 'NONE', *, *, #3121, .F. ) ;
#5932 = CARTESIAN_POINT ( 'NONE',  ( 0.7836602795888739600, 0.5200000000000000200, 1.800000000000091300 ) ) ;
#5933 = MECHANICAL_DESIGN_GEOMETRIC_PRESENTATION_REPRESENTATION (  '', ( #4961 ), #670 ) ;
#5934 = ADVANCED_FACE ( 'NONE', ( #5320 ), #311, .F. ) ;
#5935 = DIRECTION ( 'NONE',  ( -1.000000000000000000, 0.0000000000000000000, 0.0000000000000000000 ) ) ;
#5936 = LINE ( 'NONE', #4296, #1758 ) ;
#5937 = CARTESIAN_POINT ( 'NONE',  ( -1.066339720411157300, 0.1999999999999996500, 2.100000000000150600 ) ) ;
#5938 = FILL_AREA_STYLE ('',( #3450 ) ) ;
#5939 = VECTOR ( 'NONE', #4307, 1000.000000000000000 ) ;
#5940 = CARTESIAN_POINT ( 'NONE',  ( -2.016339720410853500, 0.0000000000000000000, 2.900000000000142500 ) ) ;
#5941 = ORIENTED_EDGE ( 'NONE', *, *, #5415, .T. ) ;
#5942 = AXIS2_PLACEMENT_3D ( 'NONE', #3675, #2767, #1751 ) ;
#5943 = CARTESIAN_POINT ( 'NONE',  ( -1.066339720411157800, 0.1999999999999996500, 2.100000000000150600 ) ) ;
#5944 = VECTOR ( 'NONE', #1390, 1000.000000000000000 ) ;
#5945 = AXIS2_PLACEMENT_3D ( 'NONE', #1286, #2765, #5181 ) ;
#5946 = LINE ( 'NONE', #2224, #3314 ) ;
#5947 = VERTEX_POINT ( 'NONE', #5637 ) ;
#5948 = EDGE_CURVE ( 'NONE', #6114, #5837, #1581, .T. ) ;
#5949 = DIRECTION ( 'NONE',  ( 0.0000000000000000000, 1.000000000000000000, 0.0000000000000000000 ) ) ;
#5950 = DIRECTION ( 'NONE',  ( -1.000000000000000000, 0.0000000000000000000, 0.0000000000000000000 ) ) ;
#5951 = ADVANCED_FACE ( 'NONE', ( #3686 ), #4465, .T. ) ;
#5952 = DIRECTION ( 'NONE',  ( -0.0000000000000000000, 1.000000000000000000, -0.0000000000000000000 ) ) ;
#5953 = PRESENTATION_LAYER_ASSIGNMENT (  '', '', ( #5859 ) ) ;
#5954 = ORIENTED_EDGE ( 'NONE', *, *, #97, .F. ) ;
#5955 = LINE ( 'NONE', #4600, #2483 ) ;
#5956 = DIRECTION ( 'NONE',  ( 0.0000000000000000000, 1.000000000000000000, 0.0000000000000000000 ) ) ;
#5957 = EDGE_CURVE ( 'NONE', #5680, #5709, #5780, .T. ) ;
#5958 = ORIENTED_EDGE ( 'NONE', *, *, #6363, .T. ) ;
#5959 = SURFACE_SIDE_STYLE ('',( #2388 ) ) ;
#5960 = ORIENTED_EDGE ( 'NONE', *, *, #6418, .F. ) ;
#5961 = DIRECTION ( 'NONE',  ( 0.0000000000000000000, -1.000000000000000000, 0.0000000000000000000 ) ) ;
#5962 = DIRECTION ( 'NONE',  ( 0.0000000000000000000, 1.000000000000000000, -0.0000000000000000000 ) ) ;
#5963 = UNCERTAINTY_MEASURE_WITH_UNIT (LENGTH_MEASURE( 1.000000000000000100E-005 ), #428, 'distance_accuracy_value', 'NONE');
#5964 = ADVANCED_FACE ( 'NONE', ( #5398 ), #5169, .F. ) ;
#5965 = VERTEX_POINT ( 'NONE', #4119 ) ;
#5966 = PLANE ( 'NONE',  #5797 ) ;
#5967 = EDGE_CURVE ( 'NONE', #1693, #2968, #4862, .T. ) ;
#5968 = DIRECTION ( 'NONE',  ( 0.0000000000000000000, 0.0000000000000000000, -1.000000000000000000 ) ) ;
#5969 = CARTESIAN_POINT ( 'NONE',  ( 0.5836566519171045900, 0.5200000000000004600, 2.199242567290665000 ) ) ;
#5970 = CARTESIAN_POINT ( 'NONE',  ( -1.966339720411125900, 0.1999999999999996500, 3.100000000000045800 ) ) ;
#5971 = PLANE ( 'NONE',  #5352 ) ;
#5972 = ORIENTED_EDGE ( 'NONE', *, *, #3390, .F. ) ;
#5973 = CARTESIAN_POINT ( 'NONE',  ( -0.04133972041094448300, 0.1999999999999996500, 3.100000000000273200 ) ) ;
#5974 =( GEOMETRIC_REPRESENTATION_CONTEXT ( 3 ) GLOBAL_UNCERTAINTY_ASSIGNED_CONTEXT ( ( #3538 ) ) GLOBAL_UNIT_ASSIGNED_CONTEXT ( ( #377, #1349, #4896 ) ) REPRESENTATION_CONTEXT ( 'NONE', 'WORKASPACE' ) );
#5975 = FACE_OUTER_BOUND ( 'NONE', #180, .T. ) ;
#5976 = EDGE_CURVE ( 'NONE', #1604, #1642, #1836, .T. ) ;
#5977 = SURFACE_SIDE_STYLE ('',( #2892 ) ) ;
#5978 = EDGE_LOOP ( 'NONE', ( #4996, #4987, #6122, #1781 ) ) ;
#5979 = ADVANCED_FACE ( 'NONE', ( #1190 ), #4309, .T. ) ;
#5980 = PLANE ( 'NONE',  #3810 ) ;
#5981 = SURFACE_STYLE_FILL_AREA ( #4044 ) ;
#5982 = FACE_OUTER_BOUND ( 'NONE', #4417, .T. ) ;
#5983 = CARTESIAN_POINT ( 'NONE',  ( -0.2913397204109446900, 0.09999999999999982500, 3.200000000000182300 ) ) ;
#5984 = AXIS2_PLACEMENT_3D ( 'NONE', #9, #4025, #4964 ) ;
#5985 = CARTESIAN_POINT ( 'NONE',  ( -1.316339720410931100, 0.1999999999999996500, 2.020000000000912600 ) ) ;
#5986 = VECTOR ( 'NONE', #3653, 1000.000000000000000 ) ;
#5987 = ORIENTED_EDGE ( 'NONE', *, *, #3226, .F. ) ;
#5988 = SURFACE_STYLE_USAGE ( .BOTH. , #3964 ) ;
#5989 = LINE ( 'NONE', #3907, #5854 ) ;
#5990 =( GEOMETRIC_REPRESENTATION_CONTEXT ( 3 ) GLOBAL_UNCERTAINTY_ASSIGNED_CONTEXT ( ( #3698 ) ) GLOBAL_UNIT_ASSIGNED_CONTEXT ( ( #3285, #736, #1292 ) ) REPRESENTATION_CONTEXT ( 'NONE', 'WORKASPACE' ) );
#5991 = EDGE_LOOP ( 'NONE', ( #5095, #5157, #3002, #6002 ) ) ;
#5992 =( LENGTH_UNIT ( ) NAMED_UNIT ( * ) SI_UNIT ( .MILLI., .METRE. ) );
#5993 = STYLED_ITEM ( 'NONE', ( #1213 ), #4978 ) ;
#5994 = CARTESIAN_POINT ( 'NONE',  ( -1.789100780791993600, 0.1999999999999996500, 2.028000000000611500 ) ) ;
#5995 = VECTOR ( 'NONE', #3374, 1000.000000000000000 ) ;
#5996 = LINE ( 'NONE', #4216, #3588 ) ;
#5997 = EDGE_CURVE ( 'NONE', #5052, #4516, #5170, .T. ) ;
#5998 = DIRECTION ( 'NONE',  ( -1.000000000000000000, 0.0000000000000000000, 0.0000000000000000000 ) ) ;
#5999 = ORIENTED_EDGE ( 'NONE', *, *, #4319, .T. ) ;
#6000 = ADVANCED_FACE ( 'NONE', ( #466 ), #5205, .F. ) ;
#6001 = CARTESIAN_POINT ( 'NONE',  ( -1.066339720411035000, 0.09999999999999982500, 2.900000000000229100 ) ) ;
#6002 = ORIENTED_EDGE ( 'NONE', *, *, #3398, .F. ) ;
#6003 = COLOUR_RGB ( '',0.9098039215686274400, 0.4431372549019607600, 0.03137254901960784300 ) ;
#6004 = UNCERTAINTY_MEASURE_WITH_UNIT (LENGTH_MEASURE( 1.000000000000000100E-005 ), #5992, 'distance_accuracy_value', 'NONE');
#6005 = LINE ( 'NONE', #1931, #1329 ) ;
#6006 = ORIENTED_EDGE ( 'NONE', *, *, #2787, .T. ) ;
#6007 = CARTESIAN_POINT ( 'NONE',  ( 0.4836602795891482000, 0.0000000000000000000, 2.100000000000044500 ) ) ;
#6008 = STYLED_ITEM ( 'NONE', ( #874 ), #530 ) ;
#6009 = CYLINDRICAL_SURFACE ( 'NONE', #2907, 0.1000000000000228200 ) ;
#6010 = ORIENTED_EDGE ( 'NONE', *, *, #5120, .T. ) ;
#6011 = ORIENTED_EDGE ( 'NONE', *, *, #4793, .T. ) ;
#6012 = SURFACE_STYLE_FILL_AREA ( #2251 ) ;
#6013 = CARTESIAN_POINT ( 'NONE',  ( -0.3913397204113068800, 0.09999999999999982500, 1.800000000000092900 ) ) ;
#6014 = MECHANICAL_DESIGN_GEOMETRIC_PRESENTATION_REPRESENTATION (  '', ( #4035 ), #2458 ) ;
#6015 = CARTESIAN_POINT ( 'NONE',  ( -1.416339720411399400, 0.1999999999999996500, 2.020000000000119000 ) ) ;
#6016 = CIRCLE ( 'NONE', #6112, 0.1000000000004684200 ) ;
#6017 = VERTEX_POINT ( 'NONE', #1823 ) ;
#6018 = EDGE_CURVE ( 'NONE', #6378, #3676, #4457, .T. ) ;
#6019 = CARTESIAN_POINT ( 'NONE',  ( 0.7836602795888739600, 0.09999999999999982500, 3.200000000000182300 ) ) ;
#6020 =( NAMED_UNIT ( * ) SI_UNIT ( $, .STERADIAN. ) SOLID_ANGLE_UNIT ( ) );
#6021 = DIRECTION ( 'NONE',  ( 1.000000000000000000, 0.0000000000000000000, 0.0000000000000000000 ) ) ;
#6022 = CYLINDRICAL_SURFACE ( 'NONE', #1845, 0.2000000000001505900 ) ;
#6023 = ORIENTED_EDGE ( 'NONE', *, *, #1878, .F. ) ;
#6024 = AXIS2_PLACEMENT_3D ( 'NONE', #2035, #5486, #2084 ) ;
#6025 = CARTESIAN_POINT ( 'NONE',  ( 0.4836602795891464200, 0.0000000000000000000, 3.000000000000364200 ) ) ;
#6026 = CIRCLE ( 'NONE', #5874, 0.09999999999945426200 ) ;
#6027 = DIRECTION ( 'NONE',  ( -0.0000000000000000000, -0.0000000000000000000, 1.000000000000000000 ) ) ;
#6028 = CARTESIAN_POINT ( 'NONE',  ( -1.716339720411126400, 0.09999999999999982500, 3.200000000000182300 ) ) ;
#6029 = AXIS2_PLACEMENT_3D ( 'NONE', #5555, #3555, #2624 ) ;
#6030 = EDGE_CURVE ( 'NONE', #5239, #5403, #6309, .T. ) ;
#6031 = VECTOR ( 'NONE', #3336, 1000.000000000000000 ) ;
#6032 = DIRECTION ( 'NONE',  ( -1.000000000000000000, 0.0000000000000000000, 0.0000000000000000000 ) ) ;
#6033 = ORIENTED_EDGE ( 'NONE', *, *, #2002, .T. ) ;
#6034 = SURFACE_STYLE_USAGE ( .BOTH. , #6077 ) ;
#6035 = PRESENTATION_LAYER_ASSIGNMENT (  '', '', ( #4937 ) ) ;
#6036 = CYLINDRICAL_SURFACE ( 'NONE', #181, 0.09999999999990907800 ) ;
#6037 = ORIENTED_EDGE ( 'NONE', *, *, #2886, .T. ) ;
#6038 = CARTESIAN_POINT ( 'NONE',  ( 0.5836602795888283800, 0.1999999999999996500, 2.000000000000136800 ) ) ;
#6039 = ORIENTED_EDGE ( 'NONE', *, *, #2725, .T. ) ;
#6040 = EDGE_CURVE ( 'NONE', #5150, #2840, #6389, .T. ) ;
#6041 = UNCERTAINTY_MEASURE_WITH_UNIT (LENGTH_MEASURE( 1.000000000000000100E-005 ), #3884, 'distance_accuracy_value', 'NONE');
#6042 = CARTESIAN_POINT ( 'NONE',  ( -2.116339720411216900, 0.1999999999999996500, 2.325000000000182300 ) ) ;
#6043 =( NAMED_UNIT ( * ) SI_UNIT ( $, .STERADIAN. ) SOLID_ANGLE_UNIT ( ) );
#6044 = VERTEX_POINT ( 'NONE', #5695 ) ;
#6045 = AXIS2_PLACEMENT_3D ( 'NONE', #1544, #2504, #5507 ) ;
#6046 = LINE ( 'NONE', #3709, #4751 ) ;
#6047 = EDGE_LOOP ( 'NONE', ( #3856, #3310, #2256, #3594 ) ) ;
#6048 = DIRECTION ( 'NONE',  ( -0.0000000000000000000, -1.000000000000000000, -0.0000000000000000000 ) ) ;
#6049 = EDGE_CURVE ( 'NONE', #5807, #3851, #5093, .T. ) ;
#6050 = SURFACE_SIDE_STYLE ('',( #5133 ) ) ;
#6051 = CARTESIAN_POINT ( 'NONE',  ( 0.7836602795888739600, 0.1999999999999996500, 2.575000000000637000 ) ) ;
#6052 = DIRECTION ( 'NONE',  ( -0.0000000000000000000, -1.000000000000000000, 0.0000000000000000000 ) ) ;
#6053 = FILL_AREA_STYLE ('',( #2582 ) ) ;
#6054 = PLANE ( 'NONE',  #1664 ) ;
#6055 = AXIS2_PLACEMENT_3D ( 'NONE', #2976, #3975, #3509 ) ;
#6056 = DIRECTION ( 'NONE',  ( 0.0000000000000000000, -1.000000000000000000, 0.0000000000000000000 ) ) ;
#6057 = LINE ( 'NONE', #1881, #5995 ) ;
#6058 = EDGE_LOOP ( 'NONE', ( #3054, #3879, #3095, #6367, #5029 ) ) ;
#6059 = DIRECTION ( 'NONE',  ( 1.000000000000000000, 0.0000000000000000000, 0.0000000000000000000 ) ) ;
#6060 = CIRCLE ( 'NONE', #1978, 0.09999999999992220700 ) ;
#6061 = CARTESIAN_POINT ( 'NONE',  ( 0.7836602795888739600, 0.09999999999999982500, 2.575000000000637000 ) ) ;
#6062 = ORIENTED_EDGE ( 'NONE', *, *, #2272, .T. ) ;
#6063 =( LENGTH_UNIT ( ) NAMED_UNIT ( * ) SI_UNIT ( .MILLI., .METRE. ) );
#6064 = COLOUR_RGB ( '',1.000000000000000000, 1.000000000000000000, 1.000000000000000000 ) ;
#6065 = CARTESIAN_POINT ( 'NONE',  ( -1.966339720411240300, 0.1999999999999996500, 3.200000000000068600 ) ) ;
#6066 = COLOUR_RGB ( '',1.000000000000000000, 1.000000000000000000, 1.000000000000000000 ) ;
#6067 =( GEOMETRIC_REPRESENTATION_CONTEXT ( 3 ) GLOBAL_UNCERTAINTY_ASSIGNED_CONTEXT ( ( #196 ) ) GLOBAL_UNIT_ASSIGNED_CONTEXT ( ( #2632, #6073, #3122 ) ) REPRESENTATION_CONTEXT ( 'NONE', 'WORKASPACE' ) );
#6068 = EDGE_CURVE ( 'NONE', #995, #5691, #2857, .T. ) ;
#6069 = ORIENTED_EDGE ( 'NONE', *, *, #5771, .T. ) ;
#6070 = CYLINDRICAL_SURFACE ( 'NONE', #841, 0.1000000000003639100 ) ;
#6071 = DIRECTION ( 'NONE',  ( 1.000000000000000000, 0.0000000000000000000, 0.0000000000000000000 ) ) ;
#6072 = DIRECTION ( 'NONE',  ( -1.000000000000000000, 0.0000000000000000000, 0.0000000000000000000 ) ) ;
#6073 =( NAMED_UNIT ( * ) PLANE_ANGLE_UNIT ( ) SI_UNIT ( $, .RADIAN. ) );
#6074 = PRESENTATION_LAYER_ASSIGNMENT (  '', '', ( #3883 ) ) ;
#6075 = ORIENTED_EDGE ( 'NONE', *, *, #5967, .F. ) ;
#6076 =( GEOMETRIC_REPRESENTATION_CONTEXT ( 3 ) GLOBAL_UNCERTAINTY_ASSIGNED_CONTEXT ( ( #4864 ) ) GLOBAL_UNIT_ASSIGNED_CONTEXT ( ( #2395, #2414, #390 ) ) REPRESENTATION_CONTEXT ( 'NONE', 'WORKASPACE' ) );
#6077 = SURFACE_SIDE_STYLE ('',( #2596 ) ) ;
#6078 = ORIENTED_EDGE ( 'NONE', *, *, #1208, .T. ) ;
#6079 = EDGE_CURVE ( 'NONE', #5865, #2067, #5243, .T. ) ;
#6080 = FACE_OUTER_BOUND ( 'NONE', #5132, .T. ) ;
#6081 = UNCERTAINTY_MEASURE_WITH_UNIT (LENGTH_MEASURE( 1.000000000000000100E-005 ), #2753, 'distance_accuracy_value', 'NONE');
#6082 = CARTESIAN_POINT ( 'NONE',  ( -1.716339720411126400, 0.0000000000000000000, 2.100000000000273600 ) ) ;
#6083 = LINE ( 'NONE', #6351, #2076 ) ;
#6084 =( NAMED_UNIT ( * ) PLANE_ANGLE_UNIT ( ) SI_UNIT ( $, .RADIAN. ) );
#6085 = DIRECTION ( 'NONE',  ( -1.000000000000000000, 0.0000000000000000000, 2.841964944626982800E-013 ) ) ;
#6086 = CIRCLE ( 'NONE', #2238, 0.1000000000000256400 ) ;
#6087 = ORIENTED_EDGE ( 'NONE', *, *, #3808, .T. ) ;
#6088 = ORIENTED_EDGE ( 'NONE', *, *, #4339, .F. ) ;
#6089 = ADVANCED_FACE ( 'NONE', ( #3768 ), #3751, .F. ) ;
#6090 = COLOUR_RGB ( '',1.000000000000000000, 1.000000000000000000, 1.000000000000000000 ) ;
#6091 = EDGE_CURVE ( 'NONE', #5506, #4065, #6086, .T. ) ;
#6092 = DIRECTION ( 'NONE',  ( 0.0000000000000000000, 1.000000000000000000, -0.0000000000000000000 ) ) ;
#6093 = ORIENTED_EDGE ( 'NONE', *, *, #5805, .T. ) ;
#6094 = ORIENTED_EDGE ( 'NONE', *, *, #2569, .F. ) ;
#6095 = EDGE_CURVE ( 'NONE', #4531, #3343, #937, .T. ) ;
#6096 = CARTESIAN_POINT ( 'NONE',  ( -0.2913397204113992200, 0.1999999999999996500, 1.800000000000091300 ) ) ;
#6097 = EDGE_LOOP ( 'NONE', ( #2858, #2187, #4311, #6197, #6332, #1599, #2286, #2231, #2538, #4509, #6229, #4863, #1023, #2378, #120, #1689, #2738, #1675, #5503, #2143, #4614, #2360, #6253, #2839 ) ) ;
#6098 = FILL_AREA_STYLE ('',( #2160 ) ) ;
#6099 = FILL_AREA_STYLE ('',( #4601 ) ) ;
#6100 = VECTOR ( 'NONE', #4279, 1000.000000000000000 ) ;
#6101 = STYLED_ITEM ( 'NONE', ( #3503 ), #1994 ) ;
#6102 = DIRECTION ( 'NONE',  ( -1.000000000000000000, 0.0000000000000000000, 0.0000000000000000000 ) ) ;
#6103 = AXIS2_PLACEMENT_3D ( 'NONE', #570, #6048, #2179 ) ;
#6104 = VECTOR ( 'NONE', #1777, 1000.000000000000000 ) ;
#6105 = ORIENTED_EDGE ( 'NONE', *, *, #309, .F. ) ;
#6106 = CARTESIAN_POINT ( 'NONE',  ( -0.9663397204111265900, 0.0000000000000000000, 2.000000000000137200 ) ) ;
#6107 = AXIS2_PLACEMENT_3D ( 'NONE', #5834, #3414, #1378 ) ;
#6108 = DIRECTION ( 'NONE',  ( 1.000000000000000000, 0.0000000000000000000, 0.0000000000000000000 ) ) ;
#6109 = ORIENTED_EDGE ( 'NONE', *, *, #5565, .T. ) ;
#6110 = CIRCLE ( 'NONE', #1434, 0.09999999999945447000 ) ;
#6111 = CARTESIAN_POINT ( 'NONE',  ( 0.7836602795888739600, 0.1999999999999996500, 2.575000000000637000 ) ) ;
#6112 = AXIS2_PLACEMENT_3D ( 'NONE', #5985, #4988, #3004 ) ;
#6113 = ORIENTED_EDGE ( 'NONE', *, *, #354, .T. ) ;
#6114 = VERTEX_POINT ( 'NONE', #5285 ) ;
#6115 = MECHANICAL_DESIGN_GEOMETRIC_PRESENTATION_REPRESENTATION (  '', ( #4459 ), #2703 ) ;
#6116 = CARTESIAN_POINT ( 'NONE',  ( -1.716339720411126400, 0.1999999999999996500, 3.200000000000182300 ) ) ;
#6117 = EDGE_CURVE ( 'NONE', #4561, #5965, #3448, .T. ) ;
#6118 =( NAMED_UNIT ( * ) SI_UNIT ( $, .STERADIAN. ) SOLID_ANGLE_UNIT ( ) );
#6119 = PLANE ( 'NONE',  #1941 ) ;
#6120 = DIRECTION ( 'NONE',  ( 0.0000000000000000000, 1.000000000000000000, 0.0000000000000000000 ) ) ;
#6121 = DIRECTION ( 'NONE',  ( -0.0000000000000000000, -1.000000000000000000, 0.0000000000000000000 ) ) ;
#6122 = ORIENTED_EDGE ( 'NONE', *, *, #5058, .F. ) ;
#6123 = SURFACE_STYLE_FILL_AREA ( #36 ) ;
#6124 = PLANE ( 'NONE',  #326 ) ;
#6125 = PLANE ( 'NONE',  #179 ) ;
#6126 = DIRECTION ( 'NONE',  ( -0.0000000000000000000, -1.000000000000000000, 0.0000000000000000000 ) ) ;
#6127 = ORIENTED_EDGE ( 'NONE', *, *, #5464, .F. ) ;
#6128 = EDGE_CURVE ( 'NONE', #2181, #125, #3843, .T. ) ;
#6129 = CARTESIAN_POINT ( 'NONE',  ( -1.066339720411096500, 0.09999999999999982500, 1.900000000000000100 ) ) ;
#6130 = CARTESIAN_POINT ( 'NONE',  ( 0.7836602795888739600, 0.1999999999999996500, 3.200000000000182300 ) ) ;
#6131 = STYLED_ITEM ( 'NONE', ( #955 ), #440 ) ;
#6132 = DIRECTION ( 'NONE',  ( -1.000000000000000000, 0.0000000000000000000, 0.0000000000000000000 ) ) ;
#6133 = VECTOR ( 'NONE', #5961, 1000.000000000000000 ) ;
#6134 = CARTESIAN_POINT ( 'NONE',  ( 0.7836602795888739600, 0.1999999999999996500, 3.200000000000182300 ) ) ;
#6135 = VECTOR ( 'NONE', #5380, 1000.000000000000000 ) ;
#6136 = ORIENTED_EDGE ( 'NONE', *, *, #157, .T. ) ;
#6137 = STYLED_ITEM ( 'NONE', ( #4857 ), #1364 ) ;
#6138 = CYLINDRICAL_SURFACE ( 'NONE', #6055, 0.09999999999990918900 ) ;
#6139 = ORIENTED_EDGE ( 'NONE', *, *, #3382, .T. ) ;
#6140 = VECTOR ( 'NONE', #6144, 1000.000000000000200 ) ;
#6141 = CARTESIAN_POINT ( 'NONE',  ( -1.266339720411308300, 0.1999999999999996500, 3.199999999999500100 ) ) ;
#6142 = EDGE_CURVE ( 'NONE', #6247, #3953, #5692, .T. ) ;
#6143 =( LENGTH_UNIT ( ) NAMED_UNIT ( * ) SI_UNIT ( .MILLI., .METRE. ) );
#6144 = DIRECTION ( 'NONE',  ( 0.08682659386416473300, -0.9924325091389741800, 0.08682659386424844400 ) ) ;
#6145 = DIRECTION ( 'NONE',  ( 0.0000000000000000000, 1.000000000000000000, -0.0000000000000000000 ) ) ;
#6146 = FACE_OUTER_BOUND ( 'NONE', #846, .T. ) ;
#6147 = CARTESIAN_POINT ( 'NONE',  ( -1.208006387077914500, 0.1999999999999996500, 3.200000000000182300 ) ) ;
#6148 = CIRCLE ( 'NONE', #3321, 0.1000000000000251900 ) ;
#6149 = LINE ( 'NONE', #4581, #5300 ) ;
#6150 = LINE ( 'NONE', #2118, #1240 ) ;
#6151 = VERTEX_POINT ( 'NONE', #3857 ) ;
#6152 = AXIS2_PLACEMENT_3D ( 'NONE', #4889, #2481, #3904 ) ;
#6153 = ORIENTED_EDGE ( 'NONE', *, *, #1025, .F. ) ;
#6154 = ORIENTED_EDGE ( 'NONE', *, *, #4850, .T. ) ;
#6155 = CARTESIAN_POINT ( 'NONE',  ( 0.5836602795887148000, 0.1999999999999996500, 2.999999999999795700 ) ) ;
#6156 =( LENGTH_UNIT ( ) NAMED_UNIT ( * ) SI_UNIT ( .MILLI., .METRE. ) );
#6157 = CIRCLE ( 'NONE', #3560, 0.09999999999990767700 ) ;
#6158 = CARTESIAN_POINT ( 'NONE',  ( -2.016336092739191300, 0.5200000000000000200, 2.800757432710083700 ) ) ;
#6159 = COLOUR_RGB ( '',1.000000000000000000, 1.000000000000000000, 1.000000000000000000 ) ;
#6160 = CARTESIAN_POINT ( 'NONE',  ( -0.04133972041094448300, 0.09999999999999982500, 3.199999999999500100 ) ) ;
#6161 = VECTOR ( 'NONE', #2860, 1000.000000000000000 ) ;
#6162 = EDGE_CURVE ( 'NONE', #3352, #2087, #539, .T. ) ;
#6163 = FILL_AREA_STYLE ('',( #6410 ) ) ;
#6164 = VERTEX_POINT ( 'NONE', #2393 ) ;
#6165 = DIRECTION ( 'NONE',  ( -1.000000000000000000, 0.0000000000000000000, 0.0000000000000000000 ) ) ;
#6166 =( LENGTH_UNIT ( ) NAMED_UNIT ( * ) SI_UNIT ( .MILLI., .METRE. ) );
#6167 = CARTESIAN_POINT ( 'NONE',  ( -0.3913397204108532400, 0.1999999999999996500, 3.199999999999954900 ) ) ;
#6168 = COLOUR_RGB ( '',1.000000000000000000, 1.000000000000000000, 1.000000000000000000 ) ;
#6169 = ORIENTED_EDGE ( 'NONE', *, *, #2034, .T. ) ;
#6170 = EDGE_CURVE ( 'NONE', #1017, #2562, #6005, .T. ) ;
#6171 = ORIENTED_EDGE ( 'NONE', *, *, #5655, .T. ) ;
#6172 =( NAMED_UNIT ( * ) SI_UNIT ( $, .STERADIAN. ) SOLID_ANGLE_UNIT ( ) );
#6173 = DIRECTION ( 'NONE',  ( -0.0000000000000000000, -1.000000000000000000, 0.0000000000000000000 ) ) ;
#6174 = FILL_AREA_STYLE ('',( #1643 ) ) ;
#6175 = ORIENTED_EDGE ( 'NONE', *, *, #768, .F. ) ;
#6176 = LINE ( 'NONE', #5359, #1678 ) ;
#6177 = STYLED_ITEM ( 'NONE', ( #2303 ), #1450 ) ;
#6178 = CARTESIAN_POINT ( 'NONE',  ( -1.490698694770313800, 0.09999999999999982500, 1.838461538461795500 ) ) ;
#6179 = ORIENTED_EDGE ( 'NONE', *, *, #3654, .F. ) ;
#6180 = EDGE_CURVE ( 'NONE', #1569, #5776, #3679, .T. ) ;
#6181 = DIRECTION ( 'NONE',  ( -0.08682659386424784700, -0.9924325091389678600, -0.08682659386424009000 ) ) ;
#6182 = DIRECTION ( 'NONE',  ( -1.000000000000000000, 0.0000000000000000000, 0.0000000000000000000 ) ) ;
#6183 = ORIENTED_EDGE ( 'NONE', *, *, #3191, .T. ) ;
#6184 = AXIS2_PLACEMENT_3D ( 'NONE', #837, #5326, #2306 ) ;
#6185 = VECTOR ( 'NONE', #335, 1000.000000000000000 ) ;
#6186 =( NAMED_UNIT ( * ) PLANE_ANGLE_UNIT ( ) SI_UNIT ( $, .RADIAN. ) );
#6187 = VERTEX_POINT ( 'NONE', #4331 ) ;
#6188 = CARTESIAN_POINT ( 'NONE',  ( -1.208006387077913900, 0.1999999999999996500, 3.200000000000182300 ) ) ;
#6189 = FILL_AREA_STYLE_COLOUR ( '', #1259 ) ;
#6190 = DIRECTION ( 'NONE',  ( -1.000000000000000000, 0.0000000000000000000, 0.0000000000000000000 ) ) ;
#6191 = DIRECTION ( 'NONE',  ( 0.0000000000000000000, 1.000000000000000000, 0.0000000000000000000 ) ) ;
#6192 = AXIS2_PLACEMENT_3D ( 'NONE', #3922, #1426, #5417 ) ;
#6193 = SURFACE_STYLE_USAGE ( .BOTH. , #2693 ) ;
#6194 = LINE ( 'NONE', #2126, #5272 ) ;
#6195 = VERTEX_POINT ( 'NONE', #3378 ) ;
#6196 = CARTESIAN_POINT ( 'NONE',  ( -1.716339720410898800, 0.0000000000000000000, 2.100000000000273200 ) ) ;
#6197 = ORIENTED_EDGE ( 'NONE', *, *, #4515, .T. ) ;
#6198 = PRESENTATION_STYLE_ASSIGNMENT (( #6384 ) ) ;
#6199 = AXIS2_PLACEMENT_3D ( 'NONE', #3988, #974, #2006 ) ;
#6200 =( NAMED_UNIT ( * ) PLANE_ANGLE_UNIT ( ) SI_UNIT ( $, .RADIAN. ) );
#6201 = FACE_OUTER_BOUND ( 'NONE', #4372, .T. ) ;
#6202 = PRESENTATION_LAYER_ASSIGNMENT (  '', '', ( #4894 ) ) ;
#6203 = DIRECTION ( 'NONE',  ( -0.0000000000000000000, -1.000000000000000000, 0.0000000000000000000 ) ) ;
#6204 = ORIENTED_EDGE ( 'NONE', *, *, #5582, .T. ) ;
#6205 = EDGE_CURVE ( 'NONE', #1650, #2809, #4381, .T. ) ;
#6206 = DIRECTION ( 'NONE',  ( -1.000000000000000000, -0.0000000000000000000, -0.0000000000000000000 ) ) ;
#6207 = CARTESIAN_POINT ( 'NONE',  ( -1.905995107535970900, 0.1999999999999996800, 2.972000000000331700 ) ) ;
#6208 = CARTESIAN_POINT ( 'NONE',  ( -2.016339720410853500, 0.09999999999999982500, 2.900000000000114500 ) ) ;
#6209 =( NAMED_UNIT ( * ) SI_UNIT ( $, .STERADIAN. ) SOLID_ANGLE_UNIT ( ) );
#6210 = ORIENTED_EDGE ( 'NONE', *, *, #786, .F. ) ;
#6211 = DIRECTION ( 'NONE',  ( -0.0000000000000000000, -1.000000000000000000, 0.0000000000000000000 ) ) ;
#6212 = VECTOR ( 'NONE', #5641, 1000.000000000000000 ) ;
#6213 = PLANE ( 'NONE',  #1207 ) ;
#6214 = VERTEX_POINT ( 'NONE', #5367 ) ;
#6215 =( GEOMETRIC_REPRESENTATION_CONTEXT ( 3 ) GLOBAL_UNCERTAINTY_ASSIGNED_CONTEXT ( ( #927 ) ) GLOBAL_UNIT_ASSIGNED_CONTEXT ( ( #1031, #5596, #1126 ) ) REPRESENTATION_CONTEXT ( 'NONE', 'WORKASPACE' ) );
#6216 =( NAMED_UNIT ( * ) PLANE_ANGLE_UNIT ( ) SI_UNIT ( $, .RADIAN. ) );
#6217 = COLOUR_RGB ( '',0.7921568627450980000, 0.8196078431372548800, 0.9333333333333333500 ) ;
#6218 = ORIENTED_EDGE ( 'NONE', *, *, #3446, .F. ) ;
#6219 = VECTOR ( 'NONE', #5096, 1000.000000000000000 ) ;
#6220 = ORIENTED_EDGE ( 'NONE', *, *, #3485, .F. ) ;
#6221 = LINE ( 'NONE', #626, #998 ) ;
#6222 = LINE ( 'NONE', #243, #3586 ) ;
#6223 =( NAMED_UNIT ( * ) SI_UNIT ( $, .STERADIAN. ) SOLID_ANGLE_UNIT ( ) );
#6224 = SURFACE_STYLE_FILL_AREA ( #5265 ) ;
#6225 = PRESENTATION_STYLE_ASSIGNMENT (( #1200 ) ) ;
#6226 = VECTOR ( 'NONE', #2379, 1000.000000000000100 ) ;
#6227 = EDGE_CURVE ( 'NONE', #5721, #4204, #2376, .T. ) ;
#6228 = FILL_AREA_STYLE_COLOUR ( '', #405 ) ;
#6229 = ORIENTED_EDGE ( 'NONE', *, *, #1947, .T. ) ;
#6230 = ORIENTED_EDGE ( 'NONE', *, *, #5058, .T. ) ;
#6231 = ADVANCED_FACE ( 'NONE', ( #931 ), #3413, .F. ) ;
#6232 = FILL_AREA_STYLE ('',( #3249 ) ) ;
#6233 = DIRECTION ( 'NONE',  ( -0.0000000000000000000, -0.0000000000000000000, 1.000000000000000000 ) ) ;
#6234 = CARTESIAN_POINT ( 'NONE',  ( 0.5836566519171045900, 0.5200000000000000200, 2.800757432710078800 ) ) ;
#6235 = ORIENTED_EDGE ( 'NONE', *, *, #1384, .T. ) ;
#6236 = LINE ( 'NONE', #5016, #3372 ) ;
#6237 = AXIS2_PLACEMENT_3D ( 'NONE', #4696, #673, #2732 ) ;
#6238 = CARTESIAN_POINT ( 'NONE',  ( -2.216339720411125900, 0.1999999999999996500, 3.200000000000182300 ) ) ;
#6239 = ORIENTED_EDGE ( 'NONE', *, *, #6296, .F. ) ;
#6240 = AXIS2_PLACEMENT_3D ( 'NONE', #2358, #5005, #5 ) ;
#6241 = VERTEX_POINT ( 'NONE', #1377 ) ;
#6242 = EDGE_CURVE ( 'NONE', #2219, #1683, #5620, .T. ) ;
#6243 = COLOUR_RGB ( '',1.000000000000000000, 1.000000000000000000, 1.000000000000000000 ) ;
#6244 = UNCERTAINTY_MEASURE_WITH_UNIT (LENGTH_MEASURE( 1.000000000000000100E-005 ), #102, 'distance_accuracy_value', 'NONE');
#6245 = DIRECTION ( 'NONE',  ( -0.0000000000000000000, -1.000000000000000000, -0.0000000000000000000 ) ) ;
#6246 = VECTOR ( 'NONE', #2427, 1000.000000000000000 ) ;
#6247 = VERTEX_POINT ( 'NONE', #1885 ) ;
#6248 = SURFACE_SIDE_STYLE ('',( #3132 ) ) ;
#6249 = CARTESIAN_POINT ( 'NONE',  ( -1.474673053744338000, 0.1999999999999996500, 1.800000000000091300 ) ) ;
#6250 = CARTESIAN_POINT ( 'NONE',  ( -0.3913397204108532400, 0.1999999999999996500, 3.199999999999954900 ) ) ;
#6251 = EDGE_CURVE ( 'NONE', #6355, #3665, #6083, .T. ) ;
#6252 = LINE ( 'NONE', #749, #3780 ) ;
#6253 = ORIENTED_EDGE ( 'NONE', *, *, #4842, .T. ) ;
#6254 = DIRECTION ( 'NONE',  ( 0.0000000000000000000, -1.000000000000000000, 0.0000000000000000000 ) ) ;
#6255 = SURFACE_SIDE_STYLE ('',( #5370 ) ) ;
#6256 =( NAMED_UNIT ( * ) SI_UNIT ( $, .STERADIAN. ) SOLID_ANGLE_UNIT ( ) );
#6257 = DIRECTION ( 'NONE',  ( -0.0000000000000000000, 1.000000000000000000, 0.0000000000000000000 ) ) ;
#6258 = VECTOR ( 'NONE', #4558, 1000.000000000000000 ) ;
#6259 = ORIENTED_EDGE ( 'NONE', *, *, #5289, .F. ) ;
#6260 = FACE_OUTER_BOUND ( 'NONE', #2610, .T. ) ;
#6261 = CARTESIAN_POINT ( 'NONE',  ( -2.016339720411308700, 0.0000000000000000000, 2.100000000000045800 ) ) ;
#6262 = ADVANCED_FACE ( 'NONE', ( #3081 ), #4938, .T. ) ;
#6263 = EDGE_CURVE ( 'NONE', #6044, #5910, #1007, .T. ) ;
#6264 = PRESENTATION_STYLE_ASSIGNMENT (( #3859 ) ) ;
#6265 = ORIENTED_EDGE ( 'NONE', *, *, #6380, .T. ) ;
#6266 = DIRECTION ( 'NONE',  ( -1.000000000000000000, 0.0000000000000000000, 0.0000000000000000000 ) ) ;
#6267 = CARTESIAN_POINT ( 'NONE',  ( -0.1413397204113077400, 0.0000000000000000000, 1.800000000000091300 ) ) ;
#6268 = PRESENTATION_LAYER_ASSIGNMENT (  '', '', ( #5492 ) ) ;
#6269 = CARTESIAN_POINT ( 'NONE',  ( -1.716339720410899200, 0.0000000000000000000, 3.000000000000136800 ) ) ;
#6270 = CIRCLE ( 'NONE', #5630, 0.1000000000003636900 ) ;
#6271 = PLANE ( 'NONE',  #2552 ) ;
#6272 = ORIENTED_EDGE ( 'NONE', *, *, #1155, .T. ) ;
#6273 = MECHANICAL_DESIGN_GEOMETRIC_PRESENTATION_REPRESENTATION (  '', ( #2154 ), #2816 ) ;
#6274 = CARTESIAN_POINT ( 'NONE',  ( -1.966339720411141500, 0.09999999999999982500, 1.900000000000000400 ) ) ;
#6275 = STYLED_ITEM ( 'NONE', ( #5070 ), #3942 ) ;
#6276 =( BOUNDED_CURVE ( )  B_SPLINE_CURVE ( 3, ( #2561, #3516, #4551, #1513 ),
 .UNSPECIFIED., .F., .F. ) 
 B_SPLINE_CURVE_WITH_KNOTS ( ( 4, 4 ),
 ( 2.359992588465626100, 3.923192718713957900 ),
 .UNSPECIFIED. ) 
 CURVE ( )  GEOMETRIC_REPRESENTATION_ITEM ( )  RATIONAL_B_SPLINE_CURVE ( ( 1.000000000000000000, 0.8065248903853485800, 0.8065248903853485800, 1.000000000000000000 ) ) 
 REPRESENTATION_ITEM ( '' )  );
#6277 = EDGE_CURVE ( 'NONE', #5925, #5450, #146, .T. ) ;
#6278 = SURFACE_STYLE_FILL_AREA ( #1668 ) ;
#6279 =( NAMED_UNIT ( * ) PLANE_ANGLE_UNIT ( ) SI_UNIT ( $, .RADIAN. ) );
#6280 = EDGE_LOOP ( 'NONE', ( #1452, #6169, #5208, #1088, #2768, #3451, #1249, #3391 ) ) ;
#6281 = AXIS2_PLACEMENT_3D ( 'NONE', #123, #6173, #3232 ) ;
#6282 = DIRECTION ( 'NONE',  ( 0.0000000000000000000, 1.000000000000000000, -0.0000000000000000000 ) ) ;
#6283 = MECHANICAL_DESIGN_GEOMETRIC_PRESENTATION_REPRESENTATION (  '', ( #4894 ), #1284 ) ;
#6284 = LINE ( 'NONE', #969, #5672 ) ;
#6285 = EDGE_CURVE ( 'NONE', #4981, #4657, #3604, .T. ) ;
#6286 =( LENGTH_UNIT ( ) NAMED_UNIT ( * ) SI_UNIT ( .MILLI., .METRE. ) );
#6287 = ORIENTED_EDGE ( 'NONE', *, *, #6128, .F. ) ;
#6288 = DIRECTION ( 'NONE',  ( 0.0000000000000000000, 0.0000000000000000000, -1.000000000000000000 ) ) ;
#6289 = ORIENTED_EDGE ( 'NONE', *, *, #1455, .T. ) ;
#6290 = ORIENTED_EDGE ( 'NONE', *, *, #4990, .T. ) ;
#6291 = CARTESIAN_POINT ( 'NONE',  ( 0.5836602795886006700, 0.1999999999999996500, 3.100000000000045800 ) ) ;
#6292 = CYLINDRICAL_SURFACE ( 'NONE', #1388, 0.2000000000000002100 ) ;
#6293 = COLOUR_RGB ( '',1.000000000000000000, 1.000000000000000000, 1.000000000000000000 ) ;
#6294 = LINE ( 'NONE', #5563, #832 ) ;
#6295 = ORIENTED_EDGE ( 'NONE', *, *, #902, .F. ) ;
#6296 = EDGE_CURVE ( 'NONE', #3332, #1894, #2854, .T. ) ;
#6297 = ORIENTED_EDGE ( 'NONE', *, *, #2490, .F. ) ;
#6298 = DIRECTION ( 'NONE',  ( -1.000000000000000000, 0.0000000000000000000, -0.0000000000000000000 ) ) ;
#6299 = FACE_OUTER_BOUND ( 'NONE', #4163, .T. ) ;
#6300 = VECTOR ( 'NONE', #3179, 1000.000000000000000 ) ;
#6301 = PRESENTATION_LAYER_ASSIGNMENT (  '', '', ( #2974 ) ) ;
#6302 = CARTESIAN_POINT ( 'NONE',  ( -1.988339720410343000, 0.2000000000000005100, 2.227238939618769300 ) ) ;
#6303 = ORIENTED_EDGE ( 'NONE', *, *, #2545, .T. ) ;
#6304 = CARTESIAN_POINT ( 'NONE',  ( 0.5836566519171045900, 0.5200000000000004600, 2.199242567290665000 ) ) ;
#6305 = ORIENTED_EDGE ( 'NONE', *, *, #4240, .T. ) ;
#6306 = EDGE_CURVE ( 'NONE', #5842, #3547, #6236, .T. ) ;
#6307 =( NAMED_UNIT ( * ) PLANE_ANGLE_UNIT ( ) SI_UNIT ( $, .RADIAN. ) );
#6308 = DIRECTION ( 'NONE',  ( -0.9961946980917455500, -0.08715574274765836000, -9.597692108297220200E-013 ) ) ;
#6309 = LINE ( 'NONE', #778, #149 ) ;
#6310 = ORIENTED_EDGE ( 'NONE', *, *, #436, .F. ) ;
#6311 = VERTEX_POINT ( 'NONE', #5480 ) ;
#6312 = STYLED_ITEM ( 'NONE', ( #6362 ), #3376 ) ;
#6313 = CARTESIAN_POINT ( 'NONE',  ( 0.5013120390421714800, 0.5200000000000000200, 2.999996372328422600 ) ) ;
#6314 = SURFACE_STYLE_FILL_AREA ( #2640 ) ;
#6315 = ORIENTED_EDGE ( 'NONE', *, *, #687, .F. ) ;
#6316 = DIRECTION ( 'NONE',  ( -1.000000000000000000, 0.0000000000000000000, 7.871307772238836000E-013 ) ) ;
#6317 = EDGE_LOOP ( 'NONE', ( #6329, #1418, #2956, #2628 ) ) ;
#6318 = UNCERTAINTY_MEASURE_WITH_UNIT (LENGTH_MEASURE( 1.000000000000000100E-005 ), #1870, 'distance_accuracy_value', 'NONE');
#6319 = LINE ( 'NONE', #4276, #2001 ) ;
#6320 = STYLED_ITEM ( 'NONE', ( #1016 ), #5934 ) ;
#6321 = PLANE ( 'NONE',  #3801 ) ;
#6322 = ADVANCED_FACE ( 'NONE', ( #3221 ), #4624, .F. ) ;
#6323 = CARTESIAN_POINT ( 'NONE',  ( -2.116339720411216900, 0.1999999999999996500, 1.999999999999909400 ) ) ;
#6324 = VECTOR ( 'NONE', #1907, 1000.000000000000200 ) ;
#6325 = VERTEX_POINT ( 'NONE', #933 ) ;
#6326 = EDGE_CURVE ( 'NONE', #726, #5513, #5839, .T. ) ;
#6327 = DIRECTION ( 'NONE',  ( 0.08682659386433073900, -0.9924325091389593100, -0.08682659386425485600 ) ) ;
#6328 = DIRECTION ( 'NONE',  ( 0.0000000000000000000, 1.000000000000000000, -0.0000000000000000000 ) ) ;
#6329 = ORIENTED_EDGE ( 'NONE', *, *, #5686, .F. ) ;
#6330 = DIRECTION ( 'NONE',  ( -1.000000000000000000, 0.0000000000000000000, 7.871307772238836000E-013 ) ) ;
#6331 = CARTESIAN_POINT ( 'NONE',  ( -1.866339720411217500, 0.1999999999999996500, 1.800000000000091300 ) ) ;
#6332 = ORIENTED_EDGE ( 'NONE', *, *, #3646, .F. ) ;
#6333 = AXIS2_PLACEMENT_3D ( 'NONE', #5685, #2260, #3764 ) ;
#6334 = VECTOR ( 'NONE', #1775, 1000.000000000000000 ) ;
#6335 = DIRECTION ( 'NONE',  ( 0.0000000000000000000, 1.000000000000000000, -0.0000000000000000000 ) ) ;
#6336 = SURFACE_SIDE_STYLE ('',( #5197 ) ) ;
#6337 = LINE ( 'NONE', #5855, #1280 ) ;
#6338 = AXIS2_PLACEMENT_3D ( 'NONE', #649, #667, #1189 ) ;
#6339 = SURFACE_SIDE_STYLE ('',( #5251 ) ) ;
#6340 = EDGE_CURVE ( 'NONE', #3071, #1289, #774, .T. ) ;
#6341 = DIRECTION ( 'NONE',  ( -0.0000000000000000000, -0.0000000000000000000, 1.000000000000000000 ) ) ;
#6342 = ORIENTED_EDGE ( 'NONE', *, *, #698, .T. ) ;
#6343 = CYLINDRICAL_SURFACE ( 'NONE', #1366, 0.09999999999990788500 ) ;
#6344 = DIRECTION ( 'NONE',  ( -0.0000000000000000000, -1.000000000000000000, -0.0000000000000000000 ) ) ;
#6345 = DIRECTION ( 'NONE',  ( 0.0000000000000000000, 1.000000000000000000, -0.0000000000000000000 ) ) ;
#6346 = CARTESIAN_POINT ( 'NONE',  ( -1.817097153120833300, 0.5200000000000004600, 2.999996372328624700 ) ) ;
#6347 = DIRECTION ( 'NONE',  ( -0.0000000000000000000, -1.000000000000000000, 0.0000000000000000000 ) ) ;
#6348 = ADVANCED_FACE ( 'NONE', ( #617 ), #3478, .F. ) ;
#6349 = EDGE_LOOP ( 'NONE', ( #6006, #3400, #949, #6364 ) ) ;
#6350 = UNCERTAINTY_MEASURE_WITH_UNIT (LENGTH_MEASURE( 1.000000000000000100E-005 ), #1762, 'distance_accuracy_value', 'NONE');
#6351 = CARTESIAN_POINT ( 'NONE',  ( -0.04133972041139898100, 0.1999999999999996500, 1.900000000000000400 ) ) ;
#6352 =( NAMED_UNIT ( * ) SI_UNIT ( $, .STERADIAN. ) SOLID_ANGLE_UNIT ( ) );
#6353 = CARTESIAN_POINT ( 'NONE',  ( -1.988339720411060700, 0.1999999999999996500, 2.972000000000344100 ) ) ;
#6354 = AXIS2_PLACEMENT_3D ( 'NONE', #6065, #4570, #1052 ) ;
#6355 = VERTEX_POINT ( 'NONE', #494 ) ;
#6356 = EDGE_CURVE ( 'NONE', #1116, #1817, #5760, .T. ) ;
#6357 = DIRECTION ( 'NONE',  ( 0.0000000000000000000, 0.0000000000000000000, -1.000000000000000000 ) ) ;
#6358 = VECTOR ( 'NONE', #6328, 1000.000000000000000 ) ;
#6359 =( GEOMETRIC_REPRESENTATION_CONTEXT ( 3 ) GLOBAL_UNCERTAINTY_ASSIGNED_CONTEXT ( ( #4949 ) ) GLOBAL_UNIT_ASSIGNED_CONTEXT ( ( #3650, #3673, #3165 ) ) REPRESENTATION_CONTEXT ( 'NONE', 'WORKASPACE' ) );
#6360 = CARTESIAN_POINT ( 'NONE',  ( 0.4836602795891464200, 0.09999999999999982500, 2.100000000000045800 ) ) ;
#6361 = COLOUR_RGB ( '',1.000000000000000000, 1.000000000000000000, 1.000000000000000000 ) ;
#6362 = PRESENTATION_STYLE_ASSIGNMENT (( #3312 ) ) ;
#6363 = EDGE_CURVE ( 'NONE', #2529, #2454, #801, .T. ) ;
#6364 = ORIENTED_EDGE ( 'NONE', *, *, #1698, .T. ) ;
#6365 = CYLINDRICAL_SURFACE ( 'NONE', #4971, 0.09999999999991308900 ) ;
#6366 = DIRECTION ( 'NONE',  ( -1.000000000000000000, 0.0000000000000000000, 3.209939973140663100E-013 ) ) ;
#6367 = ORIENTED_EDGE ( 'NONE', *, *, #5045, .F. ) ;
#6368 = ORIENTED_EDGE ( 'NONE', *, *, #1384, .F. ) ;
#6369 = CARTESIAN_POINT ( 'NONE',  ( -1.616339720410649100, 0.09999999999999982500, 2.900000000000114500 ) ) ;
#6370 = ORIENTED_EDGE ( 'NONE', *, *, #4782, .T. ) ;
#6371 = LINE ( 'NONE', #2010, #3908 ) ;
#6372 = PRESENTATION_STYLE_ASSIGNMENT (( #5308 ) ) ;
#6373 = CYLINDRICAL_SURFACE ( 'NONE', #720, 0.1000000000004684200 ) ;
#6374 = DIRECTION ( 'NONE',  ( 0.0000000000000000000, 0.0000000000000000000, -1.000000000000000000 ) ) ;
#6375 = ORIENTED_EDGE ( 'NONE', *, *, #6049, .F. ) ;
#6376 = AXIS2_PLACEMENT_3D ( 'NONE', #5027, #482, #3996 ) ;
#6377 = CARTESIAN_POINT ( 'NONE',  ( -2.216339720411125900, 0.1999999999999996500, 2.325000000000182300 ) ) ;
#6378 = VERTEX_POINT ( 'NONE', #516 ) ;
#6379 = DIRECTION ( 'NONE',  ( 0.0000000000000000000, 1.000000000000000000, -0.0000000000000000000 ) ) ;
#6380 = EDGE_CURVE ( 'NONE', #3840, #4765, #633, .T. ) ;
#6381 =( LENGTH_UNIT ( ) NAMED_UNIT ( * ) SI_UNIT ( .MILLI., .METRE. ) );
#6382 = CARTESIAN_POINT ( 'NONE',  ( 0.6836602795889643600, 0.1999999999999996500, 2.325000000000182300 ) ) ;
#6383 = ADVANCED_FACE ( 'NONE', ( #330, #3169 ), #1425, .F. ) ;
#6384 = SURFACE_STYLE_USAGE ( .BOTH. , #6339 ) ;
#6385 = VERTEX_POINT ( 'NONE', #1020 ) ;
#6386 = AXIS2_PLACEMENT_3D ( 'NONE', #4962, #5887, #5935 ) ;
#6387 =( NAMED_UNIT ( * ) SI_UNIT ( $, .STERADIAN. ) SOLID_ANGLE_UNIT ( ) );
#6388 = DIRECTION ( 'NONE',  ( -0.0000000000000000000, -1.000000000000000000, 0.0000000000000000000 ) ) ;
#6389 = LINE ( 'NONE', #5247, #1332 ) ;
#6390 = EDGE_LOOP ( 'NONE', ( #4501, #5203, #591, #2902 ) ) ;
#6391 = EDGE_LOOP ( 'NONE', ( #6062, #2688, #491, #5466 ) ) ;
#6392 = DIRECTION ( 'NONE',  ( 0.0000000000000000000, 0.0000000000000000000, -1.000000000000000000 ) ) ;
#6393 = FACE_OUTER_BOUND ( 'NONE', #5176, .T. ) ;
#6394 = CARTESIAN_POINT ( 'NONE',  ( -0.04133972041139941800, 0.1999999999999996500, 1.900000000000000400 ) ) ;
#6395 = VERTEX_POINT ( 'NONE', #5919 ) ;
#6396 = STYLED_ITEM ( 'NONE', ( #55 ), #3770 ) ;
#6397 = EDGE_CURVE ( 'NONE', #2482, #5895, #5436, .T. ) ;
#6398 = FILL_AREA_STYLE ('',( #6464 ) ) ;
#6399 = SURFACE_STYLE_USAGE ( .BOTH. , #5396 ) ;
#6400 = ADVANCED_FACE ( 'NONE', ( #4041 ), #2573, .F. ) ;
#6401 = DIRECTION ( 'NONE',  ( 0.0000000000000000000, -1.000000000000000000, 0.0000000000000000000 ) ) ;
#6402 = DIRECTION ( 'NONE',  ( 0.0000000000000000000, 1.000000000000000000, 0.0000000000000000000 ) ) ;
#6403 = VECTOR ( 'NONE', #4853, 1000.000000000000000 ) ;
#6404 = ORIENTED_EDGE ( 'NONE', *, *, #5500, .F. ) ;
#6405 =( GEOMETRIC_REPRESENTATION_CONTEXT ( 3 ) GLOBAL_UNCERTAINTY_ASSIGNED_CONTEXT ( ( #86 ) ) GLOBAL_UNIT_ASSIGNED_CONTEXT ( ( #1403, #5394, #815 ) ) REPRESENTATION_CONTEXT ( 'NONE', 'WORKASPACE' ) );
#6406 = AXIS2_PLACEMENT_3D ( 'NONE', #2554, #4060, #1597 ) ;
#6407 = EDGE_CURVE ( 'NONE', #1396, #450, #4665, .T. ) ;
#6408 = CIRCLE ( 'NONE', #3957, 0.09999999999990918900 ) ;
#6409 = DIRECTION ( 'NONE',  ( 1.000000000000000000, 0.0000000000000000000, 0.0000000000000000000 ) ) ;
#6410 = FILL_AREA_STYLE_COLOUR ( '', #6293 ) ;
#6411 = SURFACE_STYLE_USAGE ( .BOTH. , #4966 ) ;
#6412 = DIRECTION ( 'NONE',  ( -0.0000000000000000000, -0.0000000000000000000, 1.000000000000000000 ) ) ;
#6413 = SURFACE_SIDE_STYLE ('',( #1268 ) ) ;
#6414 = ORIENTED_EDGE ( 'NONE', *, *, #5565, .F. ) ;
#6415 = VECTOR ( 'NONE', #2116, 1000.000000000000000 ) ;
#6416 = ADVANCED_FACE ( 'NONE', ( #1371 ), #344, .T. ) ;
#6417 = EDGE_CURVE ( 'NONE', #628, #5513, #684, .T. ) ;
#6418 = EDGE_CURVE ( 'NONE', #2271, #5052, #5280, .T. ) ;
#6419 = DIRECTION ( 'NONE',  ( -0.0000000000000000000, -0.0000000000000000000, 1.000000000000000000 ) ) ;
#6420 = ADVANCED_FACE ( 'NONE', ( #2662 ), #6343, .F. ) ;
#6421 = CIRCLE ( 'NONE', #5862, 0.09999999999990907800 ) ;
#6422 = ORIENTED_EDGE ( 'NONE', *, *, #483, .F. ) ;
#6423 = SURFACE_STYLE_USAGE ( .BOTH. , #2989 ) ;
#6424 = ORIENTED_EDGE ( 'NONE', *, *, #3711, .T. ) ;
#6425 = CARTESIAN_POINT ( 'NONE',  ( -2.216339720411125900, 0.5200000000000000200, 1.800000000000091300 ) ) ;
#6426 = PRESENTATION_LAYER_ASSIGNMENT (  '', '', ( #6101 ) ) ;
#6427 = FACE_OUTER_BOUND ( 'NONE', #468, .T. ) ;
#6428 = DIRECTION ( 'NONE',  ( -1.000000000000000000, 0.0000000000000000000, 0.0000000000000000000 ) ) ;
#6429 = MECHANICAL_DESIGN_GEOMETRIC_PRESENTATION_REPRESENTATION (  '', ( #2344 ), #2016 ) ;
#6430 = FILL_AREA_STYLE_COLOUR ( '', #2434 ) ;
#6431 = ADVANCED_FACE ( 'NONE', ( #1621 ), #57, .F. ) ;
#6432 = DIRECTION ( 'NONE',  ( -1.000000000000000000, 0.0000000000000000000, 0.0000000000000000000 ) ) ;
#6433 = EDGE_LOOP ( 'NONE', ( #1011, #84, #5853, #5556 ) ) ;
#6434 = ORIENTED_EDGE ( 'NONE', *, *, #6251, .F. ) ;
#6435 = AXIS2_PLACEMENT_3D ( 'NONE', #2904, #4420, #4929 ) ;
#6436 = SURFACE_SIDE_STYLE ('',( #399 ) ) ;
#6437 =( BOUNDED_CURVE ( )  B_SPLINE_CURVE ( 3, ( #1339, #258, #2884, #3774 ),
 .UNSPECIFIED., .F., .T. ) 
 B_SPLINE_CURVE_WITH_KNOTS ( ( 4, 4 ),
 ( 2.359992588465579900, 3.923192718714481900 ),
 .UNSPECIFIED. ) 
 CURVE ( )  GEOMETRIC_REPRESENTATION_ITEM ( )  RATIONAL_B_SPLINE_CURVE ( ( 1.000000000000000000, 0.8065248903852145800, 0.8065248903852145800, 1.000000000000000000 ) ) 
 REPRESENTATION_ITEM ( '' )  );
#6438 = VECTOR ( 'NONE', #3026, 1000.000000000000000 ) ;
#6439 = ORIENTED_EDGE ( 'NONE', *, *, #807, .F. ) ;
#6440 = MECHANICAL_DESIGN_GEOMETRIC_PRESENTATION_REPRESENTATION (  '', ( #4455 ), #305 ) ;
#6441 = DIRECTION ( 'NONE',  ( -1.000000000000000000, -0.0000000000000000000, -0.0000000000000000000 ) ) ;
#6442 = LINE ( 'NONE', #1049, #1803 ) ;
#6443 = AXIS2_PLACEMENT_3D ( 'NONE', #2112, #3603, #5578 ) ;
#6444 = CARTESIAN_POINT ( 'NONE',  ( -0.04133972041117195400, 0.1999999999999996500, 3.100000000000045800 ) ) ;
#6445 = SURFACE_STYLE_FILL_AREA ( #5303 ) ;
#6446 = VERTEX_POINT ( 'NONE', #5059 ) ;
#6447 = EDGE_CURVE ( 'NONE', #4752, #4595, #110, .T. ) ;
#6448 = DIRECTION ( 'NONE',  ( -1.000000000000000000, 0.0000000000000000000, 0.0000000000000000000 ) ) ;
#6449 = ADVANCED_FACE ( 'NONE', ( #5056 ), #3629, .T. ) ;
#6450 = LINE ( 'NONE', #1796, #5154 ) ;
#6451 = SURFACE_STYLE_FILL_AREA ( #5494 ) ;
#6452 = LINE ( 'NONE', #1420, #5003 ) ;
#6453 = DIRECTION ( 'NONE',  ( 0.0000000000000000000, 1.000000000000000000, 0.0000000000000000000 ) ) ;
#6454 = ORIENTED_EDGE ( 'NONE', *, *, #2404, .T. ) ;
#6455 = DIRECTION ( 'NONE',  ( 0.0000000000000000000, 1.000000000000000000, -0.0000000000000000000 ) ) ;
#6456 = ORIENTED_EDGE ( 'NONE', *, *, #4145, .T. ) ;
#6457 = DIRECTION ( 'NONE',  ( 1.000000000000000000, 0.0000000000000000000, 0.0000000000000000000 ) ) ;
#6458 = SURFACE_STYLE_FILL_AREA ( #6232 ) ;
#6459 = CYLINDRICAL_SURFACE ( 'NONE', #3916, 0.09999999999991351900 ) ;
#6460 = CARTESIAN_POINT ( 'NONE',  ( 0.6836602795889643600, 0.1999999999999996500, 2.999999999999852600 ) ) ;
#6461 = AXIS2_PLACEMENT_3D ( 'NONE', #2936, #6388, #3407 ) ;
#6462 = VERTEX_POINT ( 'NONE', #1226 ) ;
#6463 = ORIENTED_EDGE ( 'NONE', *, *, #5517, .T. ) ;
#6464 = FILL_AREA_STYLE_COLOUR ( '', #2699 ) ;
#6465 = CARTESIAN_POINT ( 'NONE',  ( -1.716339720411126400, 0.0000000000000000000, 1.999999999999909400 ) ) ;
#6466 = ADVANCED_FACE ( 'NONE', ( #2973 ), #6119, .F. ) ;
#6467 = PRESENTATION_LAYER_ASSIGNMENT (  '', '', ( #1258 ) ) ;
#6468 = CARTESIAN_POINT ( 'NONE',  ( -1.474673053744338000, 0.1999999999999996500, 1.800000000000091300 ) ) ;
#6469 = ORIENTED_EDGE ( 'NONE', *, *, #6162, .F. ) ;
#6470 = CARTESIAN_POINT ( 'NONE',  ( -1.716339720410671200, 0.0000000000000000000, 1.800000000000091300 ) ) ;
#6471 = ORIENTED_EDGE ( 'NONE', *, *, #2959, .F. ) ;
ENDSEC;
END-ISO-10303-21;
