ISO-10303-21;
HEADER;
FILE_DESCRIPTION (( 'STEP AP214' ),
    '1' );
FILE_NAME ('VEML6030.STEP',
    '2022-02-10T06:50:30',
    ( '' ),
    ( '' ),
    'SwSTEP 2.0',
    'SolidWorks 2018',
    '' );
FILE_SCHEMA (( 'AUTOMOTIVE_DESIGN' ));
ENDSEC;

DATA;
#1 = COLOUR_RGB ( '',0.6470588235294117974, 0.5176470588235293491, 0.0000000000000000000 ) ;
#2 = FACE_OUTER_BOUND ( 'NONE', #3629, .T. ) ;
#3 = DIRECTION ( 'NONE',  ( 1.000000000000000000, 0.0000000000000000000, 0.0000000000000000000 ) ) ;
#4 = MECHANICAL_DESIGN_GEOMETRIC_PRESENTATION_REPRESENTATION (  '', ( #6672 ), #4724 ) ;
#5 = UNCERTAINTY_MEASURE_WITH_UNIT (LENGTH_MEASURE( 1.000000000000000082E-05 ), #2514, 'distance_accuracy_value', 'NONE');
#6 = CARTESIAN_POINT ( 'NONE',  ( 0.0000000000000000000, -0.4200000000000000400, -0.4199999999999999845 ) ) ;
#7 = DIRECTION ( 'NONE',  ( 0.0000000000000000000, 0.0000000000000000000, 1.000000000000000000 ) ) ;
#8 = CIRCLE ( 'NONE', #4055, 0.2299999999999999545 ) ;
#9 = DIRECTION ( 'NONE',  ( 0.0000000000000000000, -1.000000000000000000, 0.0000000000000000000 ) ) ;
#10 = ADVANCED_FACE ( 'NONE', ( #437 ), #1553, .T. ) ;
#11 = VECTOR ( 'NONE', #1693, 1000.000000000000000 ) ;
#12 = AXIS2_PLACEMENT_3D ( 'NONE', #2108, #533, #4605 ) ;
#13 = VECTOR ( 'NONE', #2536, 1000.000000000000000 ) ;
#14 =( NAMED_UNIT ( * ) SI_UNIT ( $, .STERADIAN. ) SOLID_ANGLE_UNIT ( ) );
#15 = DIRECTION ( 'NONE',  ( 0.0000000000000000000, 0.0000000000000000000, -1.000000000000000000 ) ) ;
#16 = CARTESIAN_POINT ( 'NONE',  ( 0.0000000000000000000, -0.2299999999999999545, -0.4199999999999999845 ) ) ;
#17 = EDGE_CURVE ( 'NONE', #4345, #5410, #42, .T. ) ;
#18 = SURFACE_SIDE_STYLE ('',( #2778 ) ) ;
#19 = VERTEX_POINT ( 'NONE', #2547 ) ;
#20 = EDGE_CURVE ( 'NONE', #5141, #1323, #6196, .T. ) ;
#21 = CARTESIAN_POINT ( 'NONE',  ( -0.8864218330839929161, 0.8500000000000000888, -0.04499999999999995670 ) ) ;
#22 = SURFACE_STYLE_FILL_AREA ( #6645 ) ;
#23 =( NAMED_UNIT ( * ) PLANE_ANGLE_UNIT ( ) SI_UNIT ( $, .RADIAN. ) );
#24 =( NAMED_UNIT ( * ) SI_UNIT ( $, .STERADIAN. ) SOLID_ANGLE_UNIT ( ) );
#25 = ORIENTED_EDGE ( 'NONE', *, *, #5239, .F. ) ;
#26 = FILL_AREA_STYLE ('',( #2615 ) ) ;
#27 = DIRECTION ( 'NONE',  ( 0.0000000000000000000, 0.0000000000000000000, 1.000000000000000000 ) ) ;
#28 = PRESENTATION_LAYER_ASSIGNMENT (  '', '', ( #5928 ) ) ;
#29 = STYLED_ITEM ( 'NONE', ( #472 ), #3019 ) ;
#30 = DIRECTION ( 'NONE',  ( 0.0000000000000000000, -1.000000000000000000, 0.0000000000000000000 ) ) ;
#31 = PRESENTATION_STYLE_ASSIGNMENT (( #1552 ) ) ;
#32 = DIRECTION ( 'NONE',  ( -0.0000000000000000000, -0.0000000000000000000, 1.000000000000000000 ) ) ;
#33 = LINE ( 'NONE', #2098, #5944 ) ;
#34 =( NAMED_UNIT ( * ) PLANE_ANGLE_UNIT ( ) SI_UNIT ( $, .RADIAN. ) );
#35 = VECTOR ( 'NONE', #4050, 1000.000000000000000 ) ;
#36 = ORIENTED_EDGE ( 'NONE', *, *, #6696, .F. ) ;
#37 = EDGE_CURVE ( 'NONE', #3547, #306, #3934, .T. ) ;
#38 = VECTOR ( 'NONE', #1752, 1000.000000000000000 ) ;
#39 = LINE ( 'NONE', #2442, #2148 ) ;
#40 = ORIENTED_EDGE ( 'NONE', *, *, #907, .F. ) ;
#41 = ORIENTED_EDGE ( 'NONE', *, *, #1418, .F. ) ;
#42 = CIRCLE ( 'NONE', #6635, 0.1999999999999999833 ) ;
#43 = DIRECTION ( 'NONE',  ( -0.0000000000000000000, -0.0000000000000000000, -1.000000000000000000 ) ) ;
#44 = SURFACE_STYLE_USAGE ( .BOTH. , #4737 ) ;
#45 = ORIENTED_EDGE ( 'NONE', *, *, #3574, .F. ) ;
#46 = PLANE ( 'NONE',  #299 ) ;
#47 = AXIS2_PLACEMENT_3D ( 'NONE', #1074, #762, #1132 ) ;
#48 = UNCERTAINTY_MEASURE_WITH_UNIT (LENGTH_MEASURE( 1.000000000000000082E-05 ), #774, 'distance_accuracy_value', 'NONE');
#49 = CARTESIAN_POINT ( 'NONE',  ( 0.9998000000000003551, -0.8799999999999998934, 2.137469317664817847 ) ) ;
#50 = FACE_OUTER_BOUND ( 'NONE', #6279, .T. ) ;
#51 = ORIENTED_EDGE ( 'NONE', *, *, #5490, .F. ) ;
#52 = AXIS2_PLACEMENT_3D ( 'NONE', #5179, #2188, #2711 ) ;
#53 = ADVANCED_FACE ( 'NONE', ( #4022 ), #1049, .F. ) ;
#54 = DIRECTION ( 'NONE',  ( -1.000000000000000000, 0.0000000000000000000, 0.0000000000000000000 ) ) ;
#55 = DIRECTION ( 'NONE',  ( -0.0000000000000000000, -0.0000000000000000000, 1.000000000000000000 ) ) ;
#56 = ORIENTED_EDGE ( 'NONE', *, *, #1913, .F. ) ;
#57 = DIRECTION ( 'NONE',  ( 0.0000000000000000000, 0.0000000000000000000, 1.000000000000000000 ) ) ;
#58 = CARTESIAN_POINT ( 'NONE',  ( 0.9999000000000002331, -0.8499999999999999778, -0.4500000000000000111 ) ) ;
#59 = VECTOR ( 'NONE', #2427, 1000.000000000000000 ) ;
#60 = DIRECTION ( 'NONE',  ( -0.0000000000000000000, 0.0000000000000000000, -1.000000000000000000 ) ) ;
#61 = VERTEX_POINT ( 'NONE', #709 ) ;
#62 = DIRECTION ( 'NONE',  ( -0.0000000000000000000, -0.0000000000000000000, 1.000000000000000000 ) ) ;
#63 =( GEOMETRIC_REPRESENTATION_CONTEXT ( 3 ) GLOBAL_UNCERTAINTY_ASSIGNED_CONTEXT ( ( #5979 ) ) GLOBAL_UNIT_ASSIGNED_CONTEXT ( ( #6085, #6599, #1506 ) ) REPRESENTATION_CONTEXT ( 'NONE', 'WORKASPACE' ) );
#64 =( NAMED_UNIT ( * ) PLANE_ANGLE_UNIT ( ) SI_UNIT ( $, .RADIAN. ) );
#65 = EDGE_CURVE ( 'NONE', #521, #3081, #3536, .T. ) ;
#66 = ORIENTED_EDGE ( 'NONE', *, *, #5351, .T. ) ;
#67 = ORIENTED_EDGE ( 'NONE', *, *, #2999, .T. ) ;
#68 = CARTESIAN_POINT ( 'NONE',  ( -1.000000000000000222, -1.000000000000000000, 0.4199999999999999845 ) ) ;
#69 = DIRECTION ( 'NONE',  ( 0.0000000000000000000, 0.0000000000000000000, 1.000000000000000000 ) ) ;
#70 = DIRECTION ( 'NONE',  ( -1.000000000000000000, 0.0000000000000000000, -0.0000000000000000000 ) ) ;
#71 = CARTESIAN_POINT ( 'NONE',  ( -0.9999999999999997780, 0.9499999999999999556, -0.03000000000000002318 ) ) ;
#72 =( GEOMETRIC_REPRESENTATION_CONTEXT ( 3 ) GLOBAL_UNCERTAINTY_ASSIGNED_CONTEXT ( ( #3912 ) ) GLOBAL_UNIT_ASSIGNED_CONTEXT ( ( #4544, #1058, #493 ) ) REPRESENTATION_CONTEXT ( 'NONE', 'WORKASPACE' ) );
#73 = PRESENTATION_STYLE_ASSIGNMENT (( #6454 ) ) ;
#74 = DIRECTION ( 'NONE',  ( -1.000000000000000000, 0.0000000000000000000, 0.0000000000000000000 ) ) ;
#75 =( GEOMETRIC_REPRESENTATION_CONTEXT ( 3 ) GLOBAL_UNCERTAINTY_ASSIGNED_CONTEXT ( ( #6188 ) ) GLOBAL_UNIT_ASSIGNED_CONTEXT ( ( #1585, #64, #4731 ) ) REPRESENTATION_CONTEXT ( 'NONE', 'WORKASPACE' ) );
#76 = MECHANICAL_DESIGN_GEOMETRIC_PRESENTATION_REPRESENTATION (  '', ( #2016 ), #967 ) ;
#77 = CARTESIAN_POINT ( 'NONE',  ( 0.0000000000000000000, 0.0000000000000000000, -0.04499999999999995670 ) ) ;
#78 = CARTESIAN_POINT ( 'NONE',  ( 0.0000000000000000000, 0.0000000000000000000, -0.04499999999999995670 ) ) ;
#79 =( LENGTH_UNIT ( ) NAMED_UNIT ( * ) SI_UNIT ( .MILLI., .METRE. ) );
#80 = UNCERTAINTY_MEASURE_WITH_UNIT (LENGTH_MEASURE( 1.000000000000000082E-05 ), #5672, 'distance_accuracy_value', 'NONE');
#81 = LINE ( 'NONE', #1011, #2680 ) ;
#82 = EDGE_CURVE ( 'NONE', #6590, #838, #269, .T. ) ;
#83 = DIRECTION ( 'NONE',  ( 0.0000000000000000000, -0.0000000000000000000, -1.000000000000000000 ) ) ;
#84 = CARTESIAN_POINT ( 'NONE',  ( 0.9999000000000002331, -0.2299999999999999545, -0.4500000000000000111 ) ) ;
#85 = ADVANCED_FACE ( 'NONE', ( #3280 ), #457, .F. ) ;
#86 = STYLED_ITEM ( 'NONE', ( #4940 ), #1665 ) ;
#87 = LINE ( 'NONE', #3057, #4227 ) ;
#88 = UNCERTAINTY_MEASURE_WITH_UNIT (LENGTH_MEASURE( 1.000000000000000082E-05 ), #1083, 'distance_accuracy_value', 'NONE');
#89 = EDGE_LOOP ( 'NONE', ( #5658, #6287, #3283, #1341 ) ) ;
#90 = FILL_AREA_STYLE_COLOUR ( '', #3375 ) ;
#91 = MECHANICAL_DESIGN_GEOMETRIC_PRESENTATION_REPRESENTATION (  '', ( #4588 ), #5152 ) ;
#92 = CARTESIAN_POINT ( 'NONE',  ( -0.9999999999999913403, 0.0000000000000000000, -0.07999999999999998779 ) ) ;
#93 =( LENGTH_UNIT ( ) NAMED_UNIT ( * ) SI_UNIT ( .MILLI., .METRE. ) );
#94 = DIRECTION ( 'NONE',  ( 3.614007241618355673E-16, 1.000000000000000000, 0.0000000000000000000 ) ) ;
#95 = LINE ( 'NONE', #3735, #3905 ) ;
#96 = ORIENTED_EDGE ( 'NONE', *, *, #6564, .F. ) ;
#97 = SURFACE_SIDE_STYLE ('',( #6704 ) ) ;
#98 = CARTESIAN_POINT ( 'NONE',  ( 1.000000000000006883, -0.6500000000000000222, -0.4500000000000000111 ) ) ;
#99 = PRESENTATION_STYLE_ASSIGNMENT (( #3662 ) ) ;
#100 = DIRECTION ( 'NONE',  ( -0.0000000000000000000, -0.0000000000000000000, 1.000000000000000000 ) ) ;
#101 = PRESENTATION_LAYER_ASSIGNMENT (  '', '', ( #6672 ) ) ;
#102 = FILL_AREA_STYLE ('',( #4752 ) ) ;
#103 = DIRECTION ( 'NONE',  ( 0.0000000000000000000, 0.0000000000000000000, -1.000000000000000000 ) ) ;
#104 = COLOUR_RGB ( '',0.6470588235294117974, 0.5176470588235293491, 0.0000000000000000000 ) ;
#105 = CARTESIAN_POINT ( 'NONE',  ( 0.7499999999999997780, -0.9499999999999999556, -0.08000000000000001554 ) ) ;
#106 = CARTESIAN_POINT ( 'NONE',  ( -0.5499999999999980460, 0.5000000000000003331, -0.4500000000000000111 ) ) ;
#107 = CARTESIAN_POINT ( 'NONE',  ( 0.9999000000000002331, -0.4500000000000000111, -0.4500000000000000111 ) ) ;
#108 = VECTOR ( 'NONE', #4828, 1000.000000000000000 ) ;
#109 = FACE_OUTER_BOUND ( 'NONE', #6207, .T. ) ;
#110 = SURFACE_STYLE_USAGE ( .BOTH. , #4308 ) ;
#111 = VERTEX_POINT ( 'NONE', #3470 ) ;
#112 = PLANE ( 'NONE',  #1034 ) ;
#113 = EDGE_CURVE ( 'NONE', #2551, #4630, #33, .T. ) ;
#114 = CARTESIAN_POINT ( 'NONE',  ( -1.000000000000006883, -0.6500000000000000222, 0.5356854249492378761 ) ) ;
#115 = CYLINDRICAL_SURFACE ( 'NONE', #5320, 0.2299999999999999545 ) ;
#116 =( GEOMETRIC_REPRESENTATION_CONTEXT ( 3 ) GLOBAL_UNCERTAINTY_ASSIGNED_CONTEXT ( ( #654 ) ) GLOBAL_UNIT_ASSIGNED_CONTEXT ( ( #2192, #4417, #3320 ) ) REPRESENTATION_CONTEXT ( 'NONE', 'WORKASPACE' ) );
#117 = COLOUR_RGB ( '',0.6470588235294117974, 0.5176470588235293491, 0.0000000000000000000 ) ;
#118 = MECHANICAL_DESIGN_GEOMETRIC_PRESENTATION_REPRESENTATION (  '', ( #3331 ), #2542 ) ;
#119 = CIRCLE ( 'NONE', #5821, 0.05000000000000002359 ) ;
#120 = ADVANCED_FACE ( 'NONE', ( #670 ), #3672, .T. ) ;
#121 = EDGE_LOOP ( 'NONE', ( #856, #5343, #3468, #1676 ) ) ;
#122 = DIRECTION ( 'NONE',  ( 1.000000000000000000, 0.0000000000000000000, 0.0000000000000000000 ) ) ;
#123 = EDGE_CURVE ( 'NONE', #1351, #5539, #5607, .T. ) ;
#124 = CARTESIAN_POINT ( 'NONE',  ( 0.0000000000000000000, 0.8500000000000000888, -0.4500000000000000111 ) ) ;
#125 = ORIENTED_EDGE ( 'NONE', *, *, #1219, .F. ) ;
#126 = DIRECTION ( 'NONE',  ( 0.0000000000000000000, -1.000000000000000000, 0.0000000000000000000 ) ) ;
#127 = COLOUR_RGB ( '',0.2000000000000000111, 0.2000000000000000111, 0.2000000000000000111 ) ;
#128 = DIRECTION ( 'NONE',  ( -1.000000000000000000, 0.0000000000000000000, -0.0000000000000000000 ) ) ;
#129 = VECTOR ( 'NONE', #5486, 1000.000000000000000 ) ;
#130 = AXIS2_PLACEMENT_3D ( 'NONE', #5005, #4499, #6588 ) ;
#131 = ORIENTED_EDGE ( 'NONE', *, *, #1715, .T. ) ;
#132 = CARTESIAN_POINT ( 'NONE',  ( 0.5499999999999980460, 0.5000000000000003331, -0.4199999999999999845 ) ) ;
#133 = DIRECTION ( 'NONE',  ( -1.000000000000000000, 0.0000000000000000000, 0.0000000000000000000 ) ) ;
#134 = LINE ( 'NONE', #4033, #1813 ) ;
#135 = ORIENTED_EDGE ( 'NONE', *, *, #3089, .F. ) ;
#136 = ORIENTED_EDGE ( 'NONE', *, *, #2378, .T. ) ;
#137 =( GEOMETRIC_REPRESENTATION_CONTEXT ( 3 ) GLOBAL_UNCERTAINTY_ASSIGNED_CONTEXT ( ( #894 ) ) GLOBAL_UNIT_ASSIGNED_CONTEXT ( ( #3443, #2935, #1858 ) ) REPRESENTATION_CONTEXT ( 'NONE', 'WORKASPACE' ) );
#138 = ORIENTED_EDGE ( 'NONE', *, *, #2768, .T. ) ;
#139 = LINE ( 'NONE', #1616, #6602 ) ;
#140 = AXIS2_PLACEMENT_3D ( 'NONE', #5802, #4228, #1124 ) ;
#141 = PLANE ( 'NONE',  #130 ) ;
#142 =( LENGTH_UNIT ( ) NAMED_UNIT ( * ) SI_UNIT ( .MILLI., .METRE. ) );
#143 = CARTESIAN_POINT ( 'NONE',  ( -0.8864218330839861437, 0.2000000000000000944, -0.4500000000000000111 ) ) ;
#144 = ORIENTED_EDGE ( 'NONE', *, *, #5758, .T. ) ;
#145 = ORIENTED_EDGE ( 'NONE', *, *, #5646, .T. ) ;
#146 = DIRECTION ( 'NONE',  ( 0.0000000000000000000, -0.0000000000000000000, -1.000000000000000000 ) ) ;
#147 = ORIENTED_EDGE ( 'NONE', *, *, #613, .F. ) ;
#148 = FILL_AREA_STYLE_COLOUR ( '', #5922 ) ;
#149 = CARTESIAN_POINT ( 'NONE',  ( -1.000000000000000222, 0.9999999999999995559, -0.08000000000000004330 ) ) ;
#150 = ORIENTED_EDGE ( 'NONE', *, *, #784, .F. ) ;
#151 = MECHANICAL_DESIGN_GEOMETRIC_PRESENTATION_REPRESENTATION (  '', ( #4989 ), #5562 ) ;
#152 = ORIENTED_EDGE ( 'NONE', *, *, #1787, .F. ) ;
#153 = ADVANCED_FACE ( 'NONE', ( #2144 ), #5159, .F. ) ;
#154 = EDGE_CURVE ( 'NONE', #4038, #2236, #3450, .T. ) ;
#155 = ORIENTED_EDGE ( 'NONE', *, *, #4686, .F. ) ;
#156 =( NAMED_UNIT ( * ) SI_UNIT ( $, .STERADIAN. ) SOLID_ANGLE_UNIT ( ) );
#157 =( NAMED_UNIT ( * ) PLANE_ANGLE_UNIT ( ) SI_UNIT ( $, .RADIAN. ) );
#158 = CARTESIAN_POINT ( 'NONE',  ( 0.9999000000000002331, -0.8799999999999998934, -0.04499999999999995670 ) ) ;
#159 = FACE_OUTER_BOUND ( 'NONE', #4889, .T. ) ;
#160 = COLOUR_RGB ( '',0.6470588235294117974, 0.5176470588235293491, 0.0000000000000000000 ) ;
#161 = EDGE_CURVE ( 'NONE', #513, #5278, #1401, .T. ) ;
#162 = DIRECTION ( 'NONE',  ( -1.000000000000000000, 0.0000000000000000000, 0.0000000000000000000 ) ) ;
#164 = STYLED_ITEM ( 'NONE', ( #3365 ), #1050 ) ;
#163 =( NAMED_UNIT ( * ) PLANE_ANGLE_UNIT ( ) SI_UNIT ( $, .RADIAN. ) );
#165 = VECTOR ( 'NONE', #5894, 1000.000000000000000 ) ;
#166 =( LENGTH_UNIT ( ) NAMED_UNIT ( * ) SI_UNIT ( .MILLI., .METRE. ) );
#167 = DIRECTION ( 'NONE',  ( 0.0000000000000000000, 0.0000000000000000000, -1.000000000000000000 ) ) ;
#168 = CARTESIAN_POINT ( 'NONE',  ( 0.5999999999999912070, 0.1500000000000001055, -0.4500000000000000111 ) ) ;
#169 = EDGE_CURVE ( 'NONE', #2061, #1770, #1243, .T. ) ;
#170 = FILL_AREA_STYLE ('',( #2619 ) ) ;
#171 = UNCERTAINTY_MEASURE_WITH_UNIT (LENGTH_MEASURE( 1.000000000000000082E-05 ), #1441, 'distance_accuracy_value', 'NONE');
#172 = AXIS2_PLACEMENT_3D ( 'NONE', #1048, #3684, #2630 ) ;
#173 = COLOUR_RGB ( '',0.6470588235294117974, 0.5176470588235293491, 0.0000000000000000000 ) ;
#174 =( GEOMETRIC_REPRESENTATION_CONTEXT ( 3 ) GLOBAL_UNCERTAINTY_ASSIGNED_CONTEXT ( ( #1028 ) ) GLOBAL_UNIT_ASSIGNED_CONTEXT ( ( #4638, #2078, #5236 ) ) REPRESENTATION_CONTEXT ( 'NONE', 'WORKASPACE' ) );
#175 = DIRECTION ( 'NONE',  ( 0.0000000000000000000, 0.0000000000000000000, -1.000000000000000000 ) ) ;
#176 = FILL_AREA_STYLE_COLOUR ( '', #1789 ) ;
#177 = SURFACE_STYLE_FILL_AREA ( #6703 ) ;
#178 = ADVANCED_FACE ( 'NONE', ( #5032 ), #951, .F. ) ;
#179 = FILL_AREA_STYLE ('',( #4412 ) ) ;
#180 = FILL_AREA_STYLE ('',( #3822 ) ) ;
#181 =( GEOMETRIC_REPRESENTATION_CONTEXT ( 3 ) GLOBAL_UNCERTAINTY_ASSIGNED_CONTEXT ( ( #4855 ) ) GLOBAL_UNIT_ASSIGNED_CONTEXT ( ( #4975, #4993, #6461 ) ) REPRESENTATION_CONTEXT ( 'NONE', 'WORKASPACE' ) );
#182 = VECTOR ( 'NONE', #4943, 1000.000000000000000 ) ;
#183 = ORIENTED_EDGE ( 'NONE', *, *, #333, .F. ) ;
#184 =( LENGTH_UNIT ( ) NAMED_UNIT ( * ) SI_UNIT ( .MILLI., .METRE. ) );
#185 = DIRECTION ( 'NONE',  ( -1.000000000000000000, 0.0000000000000000000, 0.0000000000000000000 ) ) ;
#186 = CARTESIAN_POINT ( 'NONE',  ( 0.5499999999999982681, 1.987703982890089408E-16, -0.04499999999999995670 ) ) ;
#187 = EDGE_CURVE ( 'NONE', #5078, #3059, #2461, .T. ) ;
#188 = SURFACE_STYLE_USAGE ( .BOTH. , #2261 ) ;
#189 = CIRCLE ( 'NONE', #3966, 0.2299999999999999545 ) ;
#190 = ORIENTED_EDGE ( 'NONE', *, *, #2405, .T. ) ;
#191 = VECTOR ( 'NONE', #3697, 1000.000000000000000 ) ;
#192 = CARTESIAN_POINT ( 'NONE',  ( 0.9999000000000002331, 0.4499999999999999556, -0.4500000000000000111 ) ) ;
#193 = PLANE ( 'NONE',  #5066 ) ;
#194 = EDGE_CURVE ( 'NONE', #4358, #4891, #3442, .T. ) ;
#195 = SURFACE_SIDE_STYLE ('',( #4473 ) ) ;
#196 = STYLED_ITEM ( 'NONE', ( #2455 ), #508 ) ;
#197 = PRESENTATION_LAYER_ASSIGNMENT (  '', '', ( #6229 ) ) ;
#198 = VECTOR ( 'NONE', #2659, 1000.000000000000000 ) ;
#199 = ORIENTED_EDGE ( 'NONE', *, *, #820, .F. ) ;
#200 = LINE ( 'NONE', #2279, #5950 ) ;
#201 = ORIENTED_EDGE ( 'NONE', *, *, #752, .T. ) ;
#202 = ORIENTED_EDGE ( 'NONE', *, *, #4208, .T. ) ;
#203 = PLANE ( 'NONE',  #1865 ) ;
#204 = CARTESIAN_POINT ( 'NONE',  ( 1.000000000000000222, 0.2299999999999999545, -0.4200000000000000400 ) ) ;
#205 = ORIENTED_EDGE ( 'NONE', *, *, #2111, .F. ) ;
#206 = EDGE_CURVE ( 'NONE', #4496, #4403, #5117, .T. ) ;
#207 = CARTESIAN_POINT ( 'NONE',  ( 0.9999000000000002331, 0.2000000000000000944, -0.4500000000000000111 ) ) ;
#208 = CLOSED_SHELL ( 'NONE', ( #6264, #2961, #4238, #3665, #5163, #1925, #5060, #2531, #2464, #1190, #1494, #5509, #5747, #1222, #6416, #906, #4270, #1974, #3573, #2434, #4014, #218, #4857, #6298, #447, #3055, #3315, #6224, #3219, #1631, #389, #4617, #5125, #2633, #1363, #6159, #4206, #5404, #4476, #417, #3801, #4685, #1050, #703, #2415, #4138, #2264, #5197, #3643, #3499, #5333, #3703, #612, #2501, #4459, #5667, #6684, #1263, #3832, #982, #1702, #1118, #546, #574, #2675, #1736, #4589, #2121, #2806, #4763, #1597, #2567, #947, #1088, #3740, #3460, #1906, #120, #3019, #4497, #3858, #3153, #3115, #178, #10, #6129, #6536, #2159, #6023, #1665, #6616, #5892, #5822, #351, #1381, #2091, #6197, #3968, #508, #2046, #6084, #2746, #5263, #4790, #6586, #3088, #5639, #1430, #4551, #3178, #4654, #4716, #1461, #2707, #1561, #5784, #4959, #4172, #847, #2009, #4068, #3771, #5094, #2936, #644, #85, #2195, #153, #4331, #1021, #1523, #53, #3600, #6640, #479, #6515, #6326, #2595, #5237, #6552, #5716, #5604, #5364, #3999, #3247 ) ) ;
#209 = EDGE_LOOP ( 'NONE', ( #2971, #2488, #6305, #1254, #2998, #2566, #5378, #5262, #2071, #4184 ) ) ;
#210 = DIRECTION ( 'NONE',  ( -1.000000000000000000, 0.0000000000000000000, 0.0000000000000000000 ) ) ;
#211 = PRESENTATION_LAYER_ASSIGNMENT (  '', '', ( #86 ) ) ;
#212 = DIRECTION ( 'NONE',  ( 0.0000000000000000000, 0.0000000000000000000, -1.000000000000000000 ) ) ;
#213 =( LENGTH_UNIT ( ) NAMED_UNIT ( * ) SI_UNIT ( .MILLI., .METRE. ) );
#214 = DIRECTION ( 'NONE',  ( 1.000000000000000000, 3.785333543925605834E-16, 0.0000000000000000000 ) ) ;
#215 = STYLED_ITEM ( 'NONE', ( #3095 ), #2746 ) ;
#216 = VERTEX_POINT ( 'NONE', #6132 ) ;
#217 = UNCERTAINTY_MEASURE_WITH_UNIT (LENGTH_MEASURE( 1.000000000000000082E-05 ), #2432, 'distance_accuracy_value', 'NONE');
#218 = ADVANCED_FACE ( 'NONE', ( #2719 ), #2557, .F. ) ;
#219 = MECHANICAL_DESIGN_GEOMETRIC_PRESENTATION_REPRESENTATION (  '', ( #2221 ), #885 ) ;
#220 = ORIENTED_EDGE ( 'NONE', *, *, #2631, .T. ) ;
#221 =( LENGTH_UNIT ( ) NAMED_UNIT ( * ) SI_UNIT ( .MILLI., .METRE. ) );
#222 =( NAMED_UNIT ( * ) PLANE_ANGLE_UNIT ( ) SI_UNIT ( $, .RADIAN. ) );
#223 = EDGE_LOOP ( 'NONE', ( #6198, #2280, #751, #3779 ) ) ;
#224 = DIRECTION ( 'NONE',  ( 0.0000000000000000000, -1.000000000000000000, -0.0000000000000000000 ) ) ;
#225 =( GEOMETRIC_REPRESENTATION_CONTEXT ( 3 ) GLOBAL_UNCERTAINTY_ASSIGNED_CONTEXT ( ( #454 ) ) GLOBAL_UNIT_ASSIGNED_CONTEXT ( ( #1594, #2127, #5246 ) ) REPRESENTATION_CONTEXT ( 'NONE', 'WORKASPACE' ) );
#226 = SURFACE_SIDE_STYLE ('',( #4744 ) ) ;
#227 = DIRECTION ( 'NONE',  ( 1.000000000000000000, -0.0000000000000000000, -0.0000000000000000000 ) ) ;
#228 = CARTESIAN_POINT ( 'NONE',  ( 0.5499999999999840572, 1.987703982890038132E-16, -0.4500000000000000111 ) ) ;
#229 = EDGE_LOOP ( 'NONE', ( #1641, #755, #2163, #3076, #4817 ) ) ;
#230 = FILL_AREA_STYLE_COLOUR ( '', #3184 ) ;
#231 = DIRECTION ( 'NONE',  ( -1.000000000000000000, 0.0000000000000000000, 0.0000000000000000000 ) ) ;
#232 = LINE ( 'NONE', #1210, #5647 ) ;
#233 = SURFACE_SIDE_STYLE ('',( #3323 ) ) ;
#234 = MECHANICAL_DESIGN_GEOMETRIC_PRESENTATION_REPRESENTATION (  '', ( #5916 ), #3275 ) ;
#235 = FILL_AREA_STYLE ('',( #5878 ) ) ;
#236 = EDGE_CURVE ( 'NONE', #5154, #2810, #1550, .T. ) ;
#237 = CARTESIAN_POINT ( 'NONE',  ( -0.9998000000000003551, 0.9998000000000001330, -0.08000000000000020983 ) ) ;
#238 = DIRECTION ( 'NONE',  ( -1.000000000000000000, 0.0000000000000000000, 0.0000000000000000000 ) ) ;
#239 = VECTOR ( 'NONE', #5554, 1000.000000000000000 ) ;
#240 =( NAMED_UNIT ( * ) PLANE_ANGLE_UNIT ( ) SI_UNIT ( $, .RADIAN. ) );
#241 = ORIENTED_EDGE ( 'NONE', *, *, #6614, .F. ) ;
#242 = LINE ( 'NONE', #821, #5090 ) ;
#243 = EDGE_CURVE ( 'NONE', #3311, #1596, #2380, .T. ) ;
#244 = CARTESIAN_POINT ( 'NONE',  ( 0.7499999999999997780, -0.9499999999999999556, -0.03000000000000002318 ) ) ;
#245 = MECHANICAL_DESIGN_GEOMETRIC_PRESENTATION_REPRESENTATION (  '', ( #2117 ), #1625 ) ;
#246 = ORIENTED_EDGE ( 'NONE', *, *, #2679, .T. ) ;
#247 = FACE_OUTER_BOUND ( 'NONE', #6325, .T. ) ;
#248 = CARTESIAN_POINT ( 'NONE',  ( -0.5499999999999842792, -0.5000000000000002220, -0.4500000000000000111 ) ) ;
#249 = LINE ( 'NONE', #759, #3418 ) ;
#250 = UNCERTAINTY_MEASURE_WITH_UNIT (LENGTH_MEASURE( 1.000000000000000082E-05 ), #3355, 'distance_accuracy_value', 'NONE');
#251 = DIRECTION ( 'NONE',  ( -0.0000000000000000000, -0.0000000000000000000, 1.000000000000000000 ) ) ;
#252 = DIRECTION ( 'NONE',  ( 0.0000000000000000000, -0.0000000000000000000, -1.000000000000000000 ) ) ;
#253 = VECTOR ( 'NONE', #3500, 1000.000000000000000 ) ;
#254 = FILL_AREA_STYLE_COLOUR ( '', #127 ) ;
#255 = AXIS2_PLACEMENT_3D ( 'NONE', #4710, #4176, #6203 ) ;
#256 = EDGE_CURVE ( 'NONE', #4892, #1994, #4174, .T. ) ;
#257 = SURFACE_STYLE_USAGE ( .BOTH. , #2888 ) ;
#258 = SURFACE_STYLE_USAGE ( .BOTH. , #3370 ) ;
#259 = CARTESIAN_POINT ( 'NONE',  ( 0.9999000000125001231, 0.8499999750000046816, -0.4500000000000000111 ) ) ;
#260 = VECTOR ( 'NONE', #5342, 1000.000000000000000 ) ;
#261 = MECHANICAL_DESIGN_GEOMETRIC_PRESENTATION_REPRESENTATION (  '', ( #941 ), #2483 ) ;
#262 = PRESENTATION_STYLE_ASSIGNMENT (( #2140 ) ) ;
#263 = COLOUR_RGB ( '',0.6470588235294117974, 0.5176470588235293491, 0.0000000000000000000 ) ;
#264 = CARTESIAN_POINT ( 'NONE',  ( 0.8864218330839929161, 0.8500000000000000888, -0.04499999999999995670 ) ) ;
#265 = PRESENTATION_STYLE_ASSIGNMENT (( #5956 ) ) ;
#266 = SURFACE_SIDE_STYLE ('',( #4139 ) ) ;
#267 = FILL_AREA_STYLE ('',( #4941 ) ) ;
#268 = MECHANICAL_DESIGN_GEOMETRIC_PRESENTATION_REPRESENTATION (  '', ( #6541 ), #181 ) ;
#269 = LINE ( 'NONE', #6005, #6027 ) ;
#270 = CARTESIAN_POINT ( 'NONE',  ( 0.9999999999999844569, -0.6500000000000000222, -0.04499999999999995670 ) ) ;
#271 = FILL_AREA_STYLE ('',( #254 ) ) ;
#272 = EDGE_LOOP ( 'NONE', ( #4127, #1558, #2992, #4958, #5808, #3195, #2977 ) ) ;
#273 = EDGE_CURVE ( 'NONE', #3552, #4097, #5283, .T. ) ;
#274 = SURFACE_SIDE_STYLE ('',( #960 ) ) ;
#275 = LINE ( 'NONE', #3930, #4017 ) ;
#276 = VERTEX_POINT ( 'NONE', #4704 ) ;
#277 = CARTESIAN_POINT ( 'NONE',  ( 0.8864218330839790383, -0.8500000000000000888, -0.04499999999999995670 ) ) ;
#278 = EDGE_LOOP ( 'NONE', ( #3046, #2150, #5317, #4643 ) ) ;
#279 = LINE ( 'NONE', #1590, #1564 ) ;
#280 = MECHANICAL_DESIGN_GEOMETRIC_PRESENTATION_REPRESENTATION (  '', ( #6429 ), #621 ) ;
#281 = EDGE_LOOP ( 'NONE', ( #1087, #6654, #4256, #3564, #2340 ) ) ;
#282 = VECTOR ( 'NONE', #5346, 1000.000000000000000 ) ;
#283 = DIRECTION ( 'NONE',  ( 1.000000000000000000, 0.0000000000000000000, 0.0000000000000000000 ) ) ;
#284 = ORIENTED_EDGE ( 'NONE', *, *, #169, .F. ) ;
#285 = DIRECTION ( 'NONE',  ( -0.0000000000000000000, -0.0000000000000000000, 1.000000000000000000 ) ) ;
#286 = EDGE_LOOP ( 'NONE', ( #5902, #5223, #5312, #2813, #2577 ) ) ;
#287 = MECHANICAL_DESIGN_GEOMETRIC_PRESENTATION_REPRESENTATION (  '', ( #5493 ), #1321 ) ;
#288 = AXIS2_PLACEMENT_3D ( 'NONE', #6302, #4162, #5774 ) ;
#289 = UNCERTAINTY_MEASURE_WITH_UNIT (LENGTH_MEASURE( 1.000000000000000082E-05 ), #3216, 'distance_accuracy_value', 'NONE');
#290 = PRESENTATION_STYLE_ASSIGNMENT (( #6570 ) ) ;
#291 = ORIENTED_EDGE ( 'NONE', *, *, #3157, .F. ) ;
#292 = APPLICATION_PROTOCOL_DEFINITION ( 'draft international standard', 'automotive_design', 1998, #1347 ) ;
#293 = CARTESIAN_POINT ( 'NONE',  ( 0.7500000000000002220, -0.4500000000000000111, -0.08000000000000020983 ) ) ;
#294 = EDGE_CURVE ( 'NONE', #2576, #2730, #2791, .T. ) ;
#295 = FILL_AREA_STYLE ('',( #1781 ) ) ;
#296 = LINE ( 'NONE', #1211, #924 ) ;
#297 = CARTESIAN_POINT ( 'NONE',  ( 0.9999999999999981126, 0.6500000000000000222, -0.04499999999999995670 ) ) ;
#298 = UNCERTAINTY_MEASURE_WITH_UNIT (LENGTH_MEASURE( 1.000000000000000082E-05 ), #525, 'distance_accuracy_value', 'NONE');
#299 = AXIS2_PLACEMENT_3D ( 'NONE', #4788, #3228, #3757 ) ;
#300 = FILL_AREA_STYLE ('',( #343 ) ) ;
#301 = FILL_AREA_STYLE ('',( #1854 ) ) ;
#302 = PRESENTATION_LAYER_ASSIGNMENT (  '', '', ( #6653 ) ) ;
#303 = VECTOR ( 'NONE', #2161, 1000.000000000000000 ) ;
#304 = AXIS2_PLACEMENT_3D ( 'NONE', #4124, #6193, #994 ) ;
#305 = ORIENTED_EDGE ( 'NONE', *, *, #1138, .T. ) ;
#306 = VERTEX_POINT ( 'NONE', #2168 ) ;
#307 = ORIENTED_EDGE ( 'NONE', *, *, #4992, .T. ) ;
#308 = DIRECTION ( 'NONE',  ( 0.0000000000000000000, 0.0000000000000000000, -1.000000000000000000 ) ) ;
#309 = FACE_OUTER_BOUND ( 'NONE', #6600, .T. ) ;
#310 = CARTESIAN_POINT ( 'NONE',  ( -0.7500000000000002220, 0.2000000000000000944, -0.04499999999999995670 ) ) ;
#311 = STYLED_ITEM ( 'NONE', ( #4690 ), #5716 ) ;
#312 = FILL_AREA_STYLE ('',( #1326 ) ) ;
#313 = CARTESIAN_POINT ( 'NONE',  ( 0.9999999999999997780, -0.9499999999999999556, -0.03000000000000002318 ) ) ;
#314 = SURFACE_STYLE_FILL_AREA ( #4671 ) ;
#315 = CARTESIAN_POINT ( 'NONE',  ( -0.9999000000000002331, -0.8799932569367847623, -0.4199999999999999845 ) ) ;
#316 = DIRECTION ( 'NONE',  ( 0.0000000000000000000, 1.000000000000000000, -0.0000000000000000000 ) ) ;
#317 = CARTESIAN_POINT ( 'NONE',  ( 0.9999999999999844569, -0.6500000000000000222, -0.08000000000000001554 ) ) ;
#318 = CARTESIAN_POINT ( 'NONE',  ( 0.9999000000000002331, 0.8799999999999998934, -0.4500000000000000111 ) ) ;
#319 = PRODUCT_RELATED_PRODUCT_CATEGORY ( 'part', '', ( #3356 ) ) ;
#320 = DIRECTION ( 'NONE',  ( 0.0000000000000000000, -1.000000000000000000, 0.0000000000000000000 ) ) ;
#321 = DIRECTION ( 'NONE',  ( 0.0000000000000000000, -1.000000000000000000, -0.0000000000000000000 ) ) ;
#322 =( NAMED_UNIT ( * ) PLANE_ANGLE_UNIT ( ) SI_UNIT ( $, .RADIAN. ) );
#323 = FILL_AREA_STYLE ('',( #826 ) ) ;
#324 = EDGE_CURVE ( 'NONE', #6041, #5535, #501, .T. ) ;
#325 = AXIS2_PLACEMENT_3D ( 'NONE', #904, #1890, #4521 ) ;
#326 = EDGE_LOOP ( 'NONE', ( #1582, #5248, #758, #958 ) ) ;
#327 = STYLED_ITEM ( 'NONE', ( #2564 ), #3801 ) ;
#328 = VECTOR ( 'NONE', #4513, 1000.000000000000114 ) ;
#329 = SURFACE_STYLE_FILL_AREA ( #422 ) ;
#330 = EDGE_LOOP ( 'NONE', ( #3056, #4803, #2306, #4908, #3364, #3984, #1525 ) ) ;
#331 = DIRECTION ( 'NONE',  ( -0.0000000000000000000, -0.0000000000000000000, 1.000000000000000000 ) ) ;
#332 = FILL_AREA_STYLE ('',( #3312 ) ) ;
#333 = EDGE_CURVE ( 'NONE', #5483, #4345, #6018, .T. ) ;
#334 = FILL_AREA_STYLE_COLOUR ( '', #4079 ) ;
#335 = LINE ( 'NONE', #689, #1537 ) ;
#336 =( LENGTH_UNIT ( ) NAMED_UNIT ( * ) SI_UNIT ( .MILLI., .METRE. ) );
#337 = CARTESIAN_POINT ( 'NONE',  ( -0.9999999999999997780, -0.9499999999999999556, -0.08000000000000001554 ) ) ;
#338 = SURFACE_STYLE_USAGE ( .BOTH. , #3528 ) ;
#339 = PRESENTATION_LAYER_ASSIGNMENT (  '', '', ( #2084 ) ) ;
#340 = DIRECTION ( 'NONE',  ( -0.0000000000000000000, -0.0000000000000000000, 1.000000000000000000 ) ) ;
#341 =( LENGTH_UNIT ( ) NAMED_UNIT ( * ) SI_UNIT ( .MILLI., .METRE. ) );
#342 = AXIS2_PLACEMENT_3D ( 'NONE', #6331, #3774, #6352 ) ;
#343 = FILL_AREA_STYLE_COLOUR ( '', #6469 ) ;
#344 = FILL_AREA_STYLE_COLOUR ( '', #2872 ) ;
#345 = LINE ( 'NONE', #4847, #182 ) ;
#346 = DIRECTION ( 'NONE',  ( 1.000000000000000000, 0.0000000000000000000, -0.0000000000000000000 ) ) ;
#347 = VECTOR ( 'NONE', #1579, 1000.000000000000000 ) ;
#348 = CARTESIAN_POINT ( 'NONE',  ( 0.9999000000000002331, 0.4499999999999999556, -0.4500000000000000111 ) ) ;
#349 = STYLED_ITEM ( 'NONE', ( #1040 ), #5784 ) ;
#350 = CARTESIAN_POINT ( 'NONE',  ( 0.7500000000000002220, 0.4499999999999999556, -0.04499999999999995670 ) ) ;
#351 = ADVANCED_FACE ( 'NONE', ( #6568 ), #3615, .T. ) ;
#352 = ORIENTED_EDGE ( 'NONE', *, *, #5567, .T. ) ;
#353 = CYLINDRICAL_SURFACE ( 'NONE', #1207, 0.05000000000000002359 ) ;
#354 =( LENGTH_UNIT ( ) NAMED_UNIT ( * ) SI_UNIT ( .MILLI., .METRE. ) );
#355 = COLOUR_RGB ( '',0.6470588235294117974, 0.5176470588235293491, 0.0000000000000000000 ) ;
#356 = CARTESIAN_POINT ( 'NONE',  ( 0.9999000000000002331, 0.4200000000000000400, -0.4500000000000000111 ) ) ;
#357 = SURFACE_STYLE_USAGE ( .BOTH. , #2877 ) ;
#358 = CARTESIAN_POINT ( 'NONE',  ( -0.7499999999999997780, 0.9499999999999999556, -0.03000000000000002318 ) ) ;
#359 = DIRECTION ( 'NONE',  ( 0.0000000000000000000, -0.0000000000000000000, -1.000000000000000000 ) ) ;
#360 =( GEOMETRIC_REPRESENTATION_CONTEXT ( 3 ) GLOBAL_UNCERTAINTY_ASSIGNED_CONTEXT ( ( #2537 ) ) GLOBAL_UNIT_ASSIGNED_CONTEXT ( ( #5773, #4225, #4312 ) ) REPRESENTATION_CONTEXT ( 'NONE', 'WORKASPACE' ) );
#361 = ORIENTED_EDGE ( 'NONE', *, *, #1053, .T. ) ;
#362 = DIRECTION ( 'NONE',  ( -1.000000000000000000, 0.0000000000000000000, 0.0000000000000000000 ) ) ;
#363 = ORIENTED_EDGE ( 'NONE', *, *, #4604, .T. ) ;
#364 = EDGE_CURVE ( 'NONE', #5141, #2398, #4328, .T. ) ;
#365 = CARTESIAN_POINT ( 'NONE',  ( 0.9998000000000003551, -0.8799999999999998934, -0.08000000000000020983 ) ) ;
#366 = DIRECTION ( 'NONE',  ( 1.000000000000000000, 0.0000000000000000000, -0.0000000000000000000 ) ) ;
#367 = ORIENTED_EDGE ( 'NONE', *, *, #1913, .T. ) ;
#368 =( LENGTH_UNIT ( ) NAMED_UNIT ( * ) SI_UNIT ( .MILLI., .METRE. ) );
#369 = ORIENTED_EDGE ( 'NONE', *, *, #6564, .T. ) ;
#370 = ORIENTED_EDGE ( 'NONE', *, *, #4738, .T. ) ;
#371 = EDGE_CURVE ( 'NONE', #908, #5286, #6094, .T. ) ;
#372 = MANIFOLD_SOLID_BREP ( 'Mirror4', #208 ) ;
#373 = DIRECTION ( 'NONE',  ( 0.0000000000000000000, 0.0000000000000000000, 1.000000000000000000 ) ) ;
#374 = CARTESIAN_POINT ( 'NONE',  ( 0.9998000000000003551, 0.8799999999999998934, 2.137469317664817847 ) ) ;
#375 = PRESENTATION_LAYER_ASSIGNMENT (  '', '', ( #4413 ) ) ;
#376 = STYLED_ITEM ( 'NONE', ( #3171 ), #2595 ) ;
#377 = VERTEX_POINT ( 'NONE', #1623 ) ;
#378 = SURFACE_SIDE_STYLE ('',( #3261 ) ) ;
#379 = PRESENTATION_STYLE_ASSIGNMENT (( #5353 ) ) ;
#380 = ORIENTED_EDGE ( 'NONE', *, *, #3125, .T. ) ;
#381 =( NAMED_UNIT ( * ) PLANE_ANGLE_UNIT ( ) SI_UNIT ( $, .RADIAN. ) );
#382 = DIRECTION ( 'NONE',  ( 0.0000000000000000000, 0.0000000000000000000, -1.000000000000000000 ) ) ;
#383 = EDGE_CURVE ( 'NONE', #5555, #3238, #3611, .T. ) ;
#384 =( NAMED_UNIT ( * ) SI_UNIT ( $, .STERADIAN. ) SOLID_ANGLE_UNIT ( ) );
#385 = ORIENTED_EDGE ( 'NONE', *, *, #3574, .T. ) ;
#386 = VERTEX_POINT ( 'NONE', #3236 ) ;
#387 =( LENGTH_UNIT ( ) NAMED_UNIT ( * ) SI_UNIT ( .MILLI., .METRE. ) );
#388 = ORIENTED_EDGE ( 'NONE', *, *, #1480, .T. ) ;
#389 = ADVANCED_FACE ( 'NONE', ( #5448 ), #3826, .F. ) ;
#390 = CARTESIAN_POINT ( 'NONE',  ( 1.703400094766523414E-16, 0.4500000000000001776, -0.4199999999999999845 ) ) ;
#391 = MECHANICAL_DESIGN_GEOMETRIC_PRESENTATION_REPRESENTATION (  '', ( #1069 ), #3435 ) ;
#392 = FILL_AREA_STYLE ('',( #2931 ) ) ;
#393 = DIRECTION ( 'NONE',  ( 0.0000000000000000000, 0.0000000000000000000, 1.000000000000000000 ) ) ;
#394 =( GEOMETRIC_REPRESENTATION_CONTEXT ( 3 ) GLOBAL_UNCERTAINTY_ASSIGNED_CONTEXT ( ( #2672 ) ) GLOBAL_UNIT_ASSIGNED_CONTEXT ( ( #2012, #4118, #1508 ) ) REPRESENTATION_CONTEXT ( 'NONE', 'WORKASPACE' ) );
#395 = LINE ( 'NONE', #3926, #5908 ) ;
#396 = CARTESIAN_POINT ( 'NONE',  ( -0.9999999999999844569, -0.6500000000000000222, -0.4500000000000000111 ) ) ;
#397 = DIRECTION ( 'NONE',  ( 1.000000000000000000, 0.0000000000000000000, -0.0000000000000000000 ) ) ;
#398 = VECTOR ( 'NONE', #2134, 1000.000000000000000 ) ;
#399 = SURFACE_STYLE_FILL_AREA ( #1270 ) ;
#400 = AXIS2_PLACEMENT_3D ( 'NONE', #1421, #409, #5605 ) ;
#401 = UNCERTAINTY_MEASURE_WITH_UNIT (LENGTH_MEASURE( 1.000000000000000082E-05 ), #6434, 'distance_accuracy_value', 'NONE');
#402 = CARTESIAN_POINT ( 'NONE',  ( 0.9999999999999997780, -1.000000000000000000, 0.4199999999999999845 ) ) ;
#403 =( NAMED_UNIT ( * ) SI_UNIT ( $, .STERADIAN. ) SOLID_ANGLE_UNIT ( ) );
#404 = EDGE_CURVE ( 'NONE', #2389, #1829, #1544, .T. ) ;
#405 = ORIENTED_EDGE ( 'NONE', *, *, #3030, .F. ) ;
#406 = COLOUR_RGB ( '',0.6470588235294117974, 0.5176470588235293491, 0.0000000000000000000 ) ;
#407 = LINE ( 'NONE', #1832, #4380 ) ;
#408 =( NAMED_UNIT ( * ) SI_UNIT ( $, .STERADIAN. ) SOLID_ANGLE_UNIT ( ) );
#409 = DIRECTION ( 'NONE',  ( 0.0000000000000000000, 0.0000000000000000000, -1.000000000000000000 ) ) ;
#410 = FACE_OUTER_BOUND ( 'NONE', #2072, .T. ) ;
#411 = PRESENTATION_LAYER_ASSIGNMENT (  '', '', ( #6429 ) ) ;
#412 = FILL_AREA_STYLE ('',( #870 ) ) ;
#413 = LINE ( 'NONE', #3844, #11 ) ;
#414 = CARTESIAN_POINT ( 'NONE',  ( 1.000000000000000222, 0.4200000000000000400, -0.4500000000000000111 ) ) ;
#415 = CARTESIAN_POINT ( 'NONE',  ( -0.8864218330839792603, -0.4499999999999999001, -0.04499999999999995670 ) ) ;
#416 = UNCERTAINTY_MEASURE_WITH_UNIT (LENGTH_MEASURE( 1.000000000000000082E-05 ), #1362, 'distance_accuracy_value', 'NONE');
#417 = ADVANCED_FACE ( 'NONE', ( #2712 ), #1870, .T. ) ;
#418 = FILL_AREA_STYLE ('',( #6130 ) ) ;
#419 = EDGE_CURVE ( 'NONE', #4444, #4510, #3434, .T. ) ;
#420 = CARTESIAN_POINT ( 'NONE',  ( 0.9997999999999999110, -0.9998000000000001330, -0.4199999999999999845 ) ) ;
#421 = STYLED_ITEM ( 'NONE', ( #3427 ), #1702 ) ;
#422 = FILL_AREA_STYLE ('',( #2087 ) ) ;
#423 = CARTESIAN_POINT ( 'NONE',  ( -0.9999999999999844569, -0.6500000000000000222, -0.04499999999999995670 ) ) ;
#424 = MECHANICAL_DESIGN_GEOMETRIC_PRESENTATION_REPRESENTATION (  '', ( #677 ), #1936 ) ;
#425 =( NAMED_UNIT ( * ) PLANE_ANGLE_UNIT ( ) SI_UNIT ( $, .RADIAN. ) );
#426 = COLOUR_RGB ( '',0.6470588235294117974, 0.5176470588235293491, 0.0000000000000000000 ) ;
#427 = PRESENTATION_LAYER_ASSIGNMENT (  '', '', ( #2609 ) ) ;
#428 =( NAMED_UNIT ( * ) PLANE_ANGLE_UNIT ( ) SI_UNIT ( $, .RADIAN. ) );
#429 = FACE_OUTER_BOUND ( 'NONE', #5505, .T. ) ;
#430 = VECTOR ( 'NONE', #5205, 1000.000000000000000 ) ;
#431 = DIRECTION ( 'NONE',  ( -1.000000000000000000, 0.0000000000000000000, 0.0000000000000000000 ) ) ;
#432 = ORIENTED_EDGE ( 'NONE', *, *, #6631, .F. ) ;
#433 =( LENGTH_UNIT ( ) NAMED_UNIT ( * ) SI_UNIT ( .MILLI., .METRE. ) );
#434 = ORIENTED_EDGE ( 'NONE', *, *, #3993, .F. ) ;
#435 = MECHANICAL_DESIGN_GEOMETRIC_PRESENTATION_REPRESENTATION (  '', ( #3498 ), #6126 ) ;
#436 = CARTESIAN_POINT ( 'NONE',  ( -0.5499999999999843903, -0.7999999999999996003, -0.4199999999999999845 ) ) ;
#437 = FACE_OUTER_BOUND ( 'NONE', #3572, .T. ) ;
#438 = PRESENTATION_STYLE_ASSIGNMENT (( #3110 ) ) ;
#439 =( NAMED_UNIT ( * ) SI_UNIT ( $, .STERADIAN. ) SOLID_ANGLE_UNIT ( ) );
#440 = ORIENTED_EDGE ( 'NONE', *, *, #6426, .T. ) ;
#441 = ORIENTED_EDGE ( 'NONE', *, *, #4202, .T. ) ;
#442 = FILL_AREA_STYLE_COLOUR ( '', #3995 ) ;
#443 = DIRECTION ( 'NONE',  ( 0.0000000000000000000, 0.0000000000000000000, -1.000000000000000000 ) ) ;
#444 = CARTESIAN_POINT ( 'NONE',  ( 0.8864218330839859217, -0.2000000000000000944, -0.4500000000000000111 ) ) ;
#445 = VECTOR ( 'NONE', #2507, 1000.000000000000000 ) ;
#446 = FILL_AREA_STYLE_COLOUR ( '', #5244 ) ;
#447 = ADVANCED_FACE ( 'NONE', ( #2372 ), #6565, .T. ) ;
#448 = EDGE_CURVE ( 'NONE', #5616, #2196, #3604, .T. ) ;
#449 = EDGE_LOOP ( 'NONE', ( #3300, #4036, #4655, #3868 ) ) ;
#450 = DIRECTION ( 'NONE',  ( 0.0000000000000000000, 0.0000000000000000000, -1.000000000000000000 ) ) ;
#451 =( GEOMETRIC_REPRESENTATION_CONTEXT ( 3 ) GLOBAL_UNCERTAINTY_ASSIGNED_CONTEXT ( ( #6579 ) ) GLOBAL_UNIT_ASSIGNED_CONTEXT ( ( #184, #4799, #2235 ) ) REPRESENTATION_CONTEXT ( 'NONE', 'WORKASPACE' ) );
#452 = STYLED_ITEM ( 'NONE', ( #5393 ), #3665 ) ;
#453 = SURFACE_STYLE_USAGE ( .BOTH. , #2034 ) ;
#454 = UNCERTAINTY_MEASURE_WITH_UNIT (LENGTH_MEASURE( 1.000000000000000082E-05 ), #1594, 'distance_accuracy_value', 'NONE');
#455 =( NAMED_UNIT ( * ) PLANE_ANGLE_UNIT ( ) SI_UNIT ( $, .RADIAN. ) );
#456 = CYLINDRICAL_SURFACE ( 'NONE', #2660, 0.2299999999999999545 ) ;
#457 = PLANE ( 'NONE',  #2370 ) ;
#458 = EDGE_CURVE ( 'NONE', #2964, #5530, #4393, .T. ) ;
#459 = ORIENTED_EDGE ( 'NONE', *, *, #2283, .T. ) ;
#460 = DIRECTION ( 'NONE',  ( -0.0000000000000000000, -0.0000000000000000000, 1.000000000000000000 ) ) ;
#461 = EDGE_LOOP ( 'NONE', ( #1278, #5092, #4197, #5324, #2413, #220, #4432, #2743, #3938, #6534, #940 ) ) ;
#462 = ORIENTED_EDGE ( 'NONE', *, *, #4321, .T. ) ;
#463 = PRESENTATION_LAYER_ASSIGNMENT (  '', '', ( #6479 ) ) ;
#464 = DIRECTION ( 'NONE',  ( -1.000000000000000000, 0.0000000000000000000, 0.0000000000000000000 ) ) ;
#465 = SURFACE_STYLE_USAGE ( .BOTH. , #6174 ) ;
#466 = FILL_AREA_STYLE ('',( #3554 ) ) ;
#467 = CARTESIAN_POINT ( 'NONE',  ( -0.9999000000000002331, 0.8500000000000000888, -0.4500000000000000111 ) ) ;
#468 = STYLED_ITEM ( 'NONE', ( #2723 ), #4331 ) ;
#469 = CARTESIAN_POINT ( 'NONE',  ( 0.7499999999999997780, 0.9499999999999999556, -0.08000000000000001554 ) ) ;
#470 = ORIENTED_EDGE ( 'NONE', *, *, #2076, .T. ) ;
#471 = VECTOR ( 'NONE', #162, 1000.000000000000000 ) ;
#472 = PRESENTATION_STYLE_ASSIGNMENT (( #5229 ) ) ;
#473 = CARTESIAN_POINT ( 'NONE',  ( 0.9999000000000002331, -0.2299999999999999545, -0.4199999999999999289 ) ) ;
#474 = STYLED_ITEM ( 'NONE', ( #1876 ), #5060 ) ;
#475 = VECTOR ( 'NONE', #2444, 1000.000000000000000 ) ;
#476 = CIRCLE ( 'NONE', #6403, 0.05000000000000002359 ) ;
#477 = ORIENTED_EDGE ( 'NONE', *, *, #6235, .T. ) ;
#478 = FILL_AREA_STYLE ('',( #6058 ) ) ;
#479 = ADVANCED_FACE ( 'NONE', ( #3266 ), #2864, .F. ) ;
#480 = DIRECTION ( 'NONE',  ( 0.0000000000000000000, -0.0000000000000000000, 1.000000000000000000 ) ) ;
#481 = PRESENTATION_LAYER_ASSIGNMENT (  '', '', ( #1751 ) ) ;
#482 = ORIENTED_EDGE ( 'NONE', *, *, #169, .T. ) ;
#483 = COLOUR_RGB ( '',0.6470588235294117974, 0.5176470588235293491, 0.0000000000000000000 ) ;
#484 = DIRECTION ( 'NONE',  ( -0.0000000000000000000, -0.0000000000000000000, -1.000000000000000000 ) ) ;
#485 = CARTESIAN_POINT ( 'NONE',  ( -0.9999000000125001231, 0.4500000249999953073, -0.4500000000000000111 ) ) ;
#486 = EDGE_CURVE ( 'NONE', #111, #2246, #728, .T. ) ;
#487 = UNCERTAINTY_MEASURE_WITH_UNIT (LENGTH_MEASURE( 1.000000000000000082E-05 ), #1259, 'distance_accuracy_value', 'NONE');
#488 = CIRCLE ( 'NONE', #3658, 0.2299999999999999545 ) ;
#489 = PLANE ( 'NONE',  #2923 ) ;
#490 = EDGE_CURVE ( 'NONE', #597, #2881, #5440, .T. ) ;
#491 = VECTOR ( 'NONE', #4201, 1000.000000000000000 ) ;
#492 = CARTESIAN_POINT ( 'NONE',  ( 0.5499999999999843903, -0.7999999999999996003, -0.4500000000000000111 ) ) ;
#493 =( NAMED_UNIT ( * ) SI_UNIT ( $, .STERADIAN. ) SOLID_ANGLE_UNIT ( ) );
#494 = FILL_AREA_STYLE ('',( #4214 ) ) ;
#495 = MECHANICAL_DESIGN_GEOMETRIC_PRESENTATION_REPRESENTATION (  '', ( #164 ), #836 ) ;
#496 = PRESENTATION_LAYER_ASSIGNMENT (  '', '', ( #4794 ) ) ;
#497 = SURFACE_STYLE_FILL_AREA ( #1129 ) ;
#498 = SURFACE_SIDE_STYLE ('',( #2471 ) ) ;
#499 = LINE ( 'NONE', #3644, #6414 ) ;
#500 = EDGE_CURVE ( 'NONE', #2171, #5958, #570, .T. ) ;
#501 = LINE ( 'NONE', #5780, #4634 ) ;
#502 = DIRECTION ( 'NONE',  ( -1.000000000000000000, 3.785333543925605834E-16, 0.0000000000000000000 ) ) ;
#503 = DIRECTION ( 'NONE',  ( 1.000000000000000000, 0.0000000000000000000, 0.0000000000000000000 ) ) ;
#504 = FILL_AREA_STYLE_COLOUR ( '', #1698 ) ;
#505 = ORIENTED_EDGE ( 'NONE', *, *, #3561, .F. ) ;
#506 =( GEOMETRIC_REPRESENTATION_CONTEXT ( 3 ) GLOBAL_UNCERTAINTY_ASSIGNED_CONTEXT ( ( #1410 ) ) GLOBAL_UNIT_ASSIGNED_CONTEXT ( ( #213, #1748, #3324 ) ) REPRESENTATION_CONTEXT ( 'NONE', 'WORKASPACE' ) );
#507 = STYLED_ITEM ( 'NONE', ( #4018 ), #4476 ) ;
#508 = ADVANCED_FACE ( 'NONE', ( #2532 ), #2318, .F. ) ;
#509 = ORIENTED_EDGE ( 'NONE', *, *, #1695, .T. ) ;
#510 = CARTESIAN_POINT ( 'NONE',  ( 0.9999000000000002331, 0.4499999999999999556, -0.4500000000000000111 ) ) ;
#511 = VERTEX_POINT ( 'NONE', #3340 ) ;
#512 = CARTESIAN_POINT ( 'NONE',  ( -0.7499999999999997780, -0.9499999999999999556, -0.03000000000000002318 ) ) ;
#513 = VERTEX_POINT ( 'NONE', #1802 ) ;
#514 = ORIENTED_EDGE ( 'NONE', *, *, #4208, .F. ) ;
#515 =( NAMED_UNIT ( * ) PLANE_ANGLE_UNIT ( ) SI_UNIT ( $, .RADIAN. ) );
#516 = LINE ( 'NONE', #6222, #5882 ) ;
#517 = STYLED_ITEM ( 'NONE', ( #3250 ), #6264 ) ;
#518 = ORIENTED_EDGE ( 'NONE', *, *, #6513, .T. ) ;
#520 = SURFACE_STYLE_FILL_AREA ( #1937 ) ;
#519 = FILL_AREA_STYLE_COLOUR ( '', #3037 ) ;
#521 = VERTEX_POINT ( 'NONE', #4884 ) ;
#522 = EDGE_CURVE ( 'NONE', #3459, #6503, #2216, .T. ) ;
#523 = VECTOR ( 'NONE', #3259, 1000.000000000000000 ) ;
#524 = ORIENTED_EDGE ( 'NONE', *, *, #1435, .T. ) ;
#525 =( LENGTH_UNIT ( ) NAMED_UNIT ( * ) SI_UNIT ( .MILLI., .METRE. ) );
#526 = CARTESIAN_POINT ( 'NONE',  ( 0.8864218330839861437, 0.2000000000000000944, -0.08000000000000001554 ) ) ;
#527 = EDGE_LOOP ( 'NONE', ( #5376, #6288, #4045, #4977 ) ) ;
#528 = VERTEX_POINT ( 'NONE', #2978 ) ;
#529 = DIRECTION ( 'NONE',  ( -1.000000000000000000, 0.0000000000000000000, 0.0000000000000000000 ) ) ;
#530 = UNCERTAINTY_MEASURE_WITH_UNIT (LENGTH_MEASURE( 1.000000000000000082E-05 ), #5765, 'distance_accuracy_value', 'NONE');
#531 = DIRECTION ( 'NONE',  ( -3.620040642689491324E-15, -1.000000000000000000, 0.0000000000000000000 ) ) ;
#532 = EDGE_CURVE ( 'NONE', #5180, #2545, #2292, .T. ) ;
#533 = DIRECTION ( 'NONE',  ( -0.0000000000000000000, -0.0000000000000000000, 1.000000000000000000 ) ) ;
#534 = AXIS2_PLACEMENT_3D ( 'NONE', #1392, #340, #362 ) ;
#535 = AXIS2_PLACEMENT_3D ( 'NONE', #6455, #5474, #3922 ) ;
#536 = ORIENTED_EDGE ( 'NONE', *, *, #3734, .T. ) ;
#537 = DIRECTION ( 'NONE',  ( 0.0000000000000000000, 0.0000000000000000000, -1.000000000000000000 ) ) ;
#538 = CARTESIAN_POINT ( 'NONE',  ( 0.8864218330839790383, -0.8500000000000000888, -0.4500000000000000111 ) ) ;
#539 = DIRECTION ( 'NONE',  ( 0.0000000000000000000, 0.0000000000000000000, -1.000000000000000000 ) ) ;
#540 = FILL_AREA_STYLE_COLOUR ( '', #3859 ) ;
#541 = EDGE_CURVE ( 'NONE', #2393, #4285, #2862, .T. ) ;
#542 = CARTESIAN_POINT ( 'NONE',  ( 0.9999000000000002331, 0.2299999999999999545, -0.4200000000000000400 ) ) ;
#543 = DIRECTION ( 'NONE',  ( 0.0000000000000000000, 0.0000000000000000000, -1.000000000000000000 ) ) ;
#544 = ORIENTED_EDGE ( 'NONE', *, *, #2943, .F. ) ;
#545 = FILL_AREA_STYLE_COLOUR ( '', #1168 ) ;
#546 = ADVANCED_FACE ( 'NONE', ( #6410 ), #6083, .F. ) ;
#547 = PRESENTATION_LAYER_ASSIGNMENT (  '', '', ( #421 ) ) ;
#548 = CARTESIAN_POINT ( 'NONE',  ( -0.8864218330839859217, -0.2000000000000000944, -0.4500000000000000111 ) ) ;
#549 = AXIS2_PLACEMENT_3D ( 'NONE', #1297, #5368, #6412 ) ;
#550 = SURFACE_STYLE_USAGE ( .BOTH. , #2627 ) ;
#551 = VECTOR ( 'NONE', #778, 1000.000000000000000 ) ;
#552 = CARTESIAN_POINT ( 'NONE',  ( -0.9999999999999844569, -0.6500000000000000222, -0.4199999999999999845 ) ) ;
#553 = PRESENTATION_STYLE_ASSIGNMENT (( #5017 ) ) ;
#554 = CARTESIAN_POINT ( 'NONE',  ( 0.8864218330839859217, -0.2000000000000000944, -0.4500000000000000111 ) ) ;
#555 = SURFACE_STYLE_FILL_AREA ( #6118 ) ;
#556 = SURFACE_STYLE_FILL_AREA ( #3414 ) ;
#557 = VERTEX_POINT ( 'NONE', #4457 ) ;
#558 = PRESENTATION_LAYER_ASSIGNMENT (  '', '', ( #6383 ) ) ;
#559 = CARTESIAN_POINT ( 'NONE',  ( -0.9999000000000002331, 0.2000000000000000944, -0.04499999999999995670 ) ) ;
#560 = DIRECTION ( 'NONE',  ( 0.0000000000000000000, 0.0000000000000000000, 1.000000000000000000 ) ) ;
#561 = DIRECTION ( 'NONE',  ( 1.000000000000000000, -0.0000000000000000000, 0.0000000000000000000 ) ) ;
#562 = DIRECTION ( 'NONE',  ( -1.000000000000000000, 0.0000000000000000000, -0.0000000000000000000 ) ) ;
#563 = CARTESIAN_POINT ( 'NONE',  ( 0.0000000000000000000, -0.4499999999999999001, -0.04499999999999995670 ) ) ;
#564 = FACE_OUTER_BOUND ( 'NONE', #1889, .T. ) ;
#565 =( GEOMETRIC_REPRESENTATION_CONTEXT ( 3 ) GLOBAL_UNCERTAINTY_ASSIGNED_CONTEXT ( ( #5770 ) ) GLOBAL_UNIT_ASSIGNED_CONTEXT ( ( #1820, #748, #1284 ) ) REPRESENTATION_CONTEXT ( 'NONE', 'WORKASPACE' ) );
#566 = UNCERTAINTY_MEASURE_WITH_UNIT (LENGTH_MEASURE( 1.000000000000000082E-05 ), #79, 'distance_accuracy_value', 'NONE');
#567 = DIRECTION ( 'NONE',  ( 0.0000000000000000000, 0.0000000000000000000, 1.000000000000000000 ) ) ;
#568 = EDGE_CURVE ( 'NONE', #5410, #5149, #2129, .T. ) ;
#569 =( NAMED_UNIT ( * ) PLANE_ANGLE_UNIT ( ) SI_UNIT ( $, .RADIAN. ) );
#570 = LINE ( 'NONE', #2364, #4083 ) ;
#571 = DIRECTION ( 'NONE',  ( -1.000000000000000000, 1.951563910473907035E-14, 0.0000000000000000000 ) ) ;
#572 = CIRCLE ( 'NONE', #628, 0.2299999999999999545 ) ;
#573 = UNCERTAINTY_MEASURE_WITH_UNIT (LENGTH_MEASURE( 1.000000000000000082E-05 ), #5194, 'distance_accuracy_value', 'NONE');
#574 = ADVANCED_FACE ( 'NONE', ( #6006 ), #4540, .F. ) ;
#575 =( NAMED_UNIT ( * ) SI_UNIT ( $, .STERADIAN. ) SOLID_ANGLE_UNIT ( ) );
#576 = EDGE_CURVE ( 'NONE', #2881, #2551, #1177, .T. ) ;
#577 = DIRECTION ( 'NONE',  ( -1.000000000000000000, 0.0000000000000000000, 0.0000000000000000000 ) ) ;
#578 = CARTESIAN_POINT ( 'NONE',  ( 0.9998000000000001330, -0.9499999999999999556, -0.08000000000000020983 ) ) ;
#579 =( NAMED_UNIT ( * ) PLANE_ANGLE_UNIT ( ) SI_UNIT ( $, .RADIAN. ) );
#580 = SURFACE_STYLE_USAGE ( .BOTH. , #2669 ) ;
#581 = AXIS2_PLACEMENT_3D ( 'NONE', #4998, #4032, #4935 ) ;
#582 = DIRECTION ( 'NONE',  ( -1.000000000000000000, 0.0000000000000000000, 0.0000000000000000000 ) ) ;
#583 = ORIENTED_EDGE ( 'NONE', *, *, #3561, .T. ) ;
#584 = FILL_AREA_STYLE_COLOUR ( '', #5824 ) ;
#585 = DIRECTION ( 'NONE',  ( 0.0000000000000000000, 0.0000000000000000000, 1.000000000000000000 ) ) ;
#586 = ORIENTED_EDGE ( 'NONE', *, *, #1229, .F. ) ;
#587 = MECHANICAL_DESIGN_GEOMETRIC_PRESENTATION_REPRESENTATION (  '', ( #6022 ), #137 ) ;
#588 = EDGE_CURVE ( 'NONE', #4760, #5278, #5304, .T. ) ;
#589 = PRESENTATION_STYLE_ASSIGNMENT (( #3158 ) ) ;
#590 = ORIENTED_EDGE ( 'NONE', *, *, #2975, .T. ) ;
#591 = ORIENTED_EDGE ( 'NONE', *, *, #1110, .F. ) ;
#592 = DIRECTION ( 'NONE',  ( 0.0000000000000000000, -0.0000000000000000000, -1.000000000000000000 ) ) ;
#594 = SURFACE_STYLE_FILL_AREA ( #412 ) ;
#593 = CARTESIAN_POINT ( 'NONE',  ( -0.9999000000000002331, 0.8500000000000000888, -0.04499999999999995670 ) ) ;
#595 =( LENGTH_UNIT ( ) NAMED_UNIT ( * ) SI_UNIT ( .MILLI., .METRE. ) );
#596 =( LENGTH_UNIT ( ) NAMED_UNIT ( * ) SI_UNIT ( .MILLI., .METRE. ) );
#597 = VERTEX_POINT ( 'NONE', #883 ) ;
#598 = LINE ( 'NONE', #1425, #2880 ) ;
#599 = LINE ( 'NONE', #348, #3940 ) ;
#600 = EDGE_LOOP ( 'NONE', ( #1010, #3943, #5009, #3198 ) ) ;
#601 = MECHANICAL_DESIGN_GEOMETRIC_PRESENTATION_REPRESENTATION (  '', ( #1778 ), #394 ) ;
#602 = ORIENTED_EDGE ( 'NONE', *, *, #5081, .F. ) ;
#603 = DIRECTION ( 'NONE',  ( 0.0000000000000000000, -1.000000000000000000, 0.0000000000000000000 ) ) ;
#604 = DIRECTION ( 'NONE',  ( -1.000000000000000000, 0.0000000000000000000, -0.0000000000000000000 ) ) ;
#605 = CARTESIAN_POINT ( 'NONE',  ( 0.5999999999999844347, -0.7999999999999999334, -0.4500000000000000111 ) ) ;
#606 =( NAMED_UNIT ( * ) PLANE_ANGLE_UNIT ( ) SI_UNIT ( $, .RADIAN. ) );
#607 = VERTEX_POINT ( 'NONE', #2947 ) ;
#608 = ORIENTED_EDGE ( 'NONE', *, *, #2999, .F. ) ;
#609 = PLANE ( 'NONE',  #1938 ) ;
#610 = MECHANICAL_DESIGN_GEOMETRIC_PRESENTATION_REPRESENTATION (  '', ( #517 ), #1215 ) ;
#611 = VECTOR ( 'NONE', #687, 1000.000000000000000 ) ;
#612 = ADVANCED_FACE ( 'NONE', ( #1992 ), #4577, .T. ) ;
#613 = EDGE_CURVE ( 'NONE', #3473, #5630, #3298, .T. ) ;
#614 = EDGE_LOOP ( 'NONE', ( #5755, #4890, #2266, #2008, #5206, #4469, #3715 ) ) ;
#615 = ORIENTED_EDGE ( 'NONE', *, *, #1447, .T. ) ;
#616 = UNCERTAINTY_MEASURE_WITH_UNIT (LENGTH_MEASURE( 1.000000000000000082E-05 ), #6059, 'distance_accuracy_value', 'NONE');
#617 = PLANE ( 'NONE',  #342 ) ;
#618 = LINE ( 'NONE', #4273, #5637 ) ;
#619 = EDGE_LOOP ( 'NONE', ( #3711, #2749, #1504, #4897, #5071, #6506, #3471 ) ) ;
#620 =( NAMED_UNIT ( * ) PLANE_ANGLE_UNIT ( ) SI_UNIT ( $, .RADIAN. ) );
#621 =( GEOMETRIC_REPRESENTATION_CONTEXT ( 3 ) GLOBAL_UNCERTAINTY_ASSIGNED_CONTEXT ( ( #3203 ) ) GLOBAL_UNIT_ASSIGNED_CONTEXT ( ( #6258, #515, #1580 ) ) REPRESENTATION_CONTEXT ( 'NONE', 'WORKASPACE' ) );
#622 = ORIENTED_EDGE ( 'NONE', *, *, #4478, .F. ) ;
#623 = PRESENTATION_STYLE_ASSIGNMENT (( #1796 ) ) ;
#624 = CYLINDRICAL_SURFACE ( 'NONE', #3664, 0.05000000000000002359 ) ;
#625 =( NAMED_UNIT ( * ) SI_UNIT ( $, .STERADIAN. ) SOLID_ANGLE_UNIT ( ) );
#627 = PRESENTATION_LAYER_ASSIGNMENT (  '', '', ( #5493 ) ) ;
#626 = CARTESIAN_POINT ( 'NONE',  ( 0.7500000000000002220, 0.2000000000000000944, -0.04499999999999995670 ) ) ;
#628 = AXIS2_PLACEMENT_3D ( 'NONE', #1921, #2985, #1357 ) ;
#629 = FILL_AREA_STYLE ('',( #2230 ) ) ;
#630 = ORIENTED_EDGE ( 'NONE', *, *, #917, .F. ) ;
#631 = CARTESIAN_POINT ( 'NONE',  ( 0.9999000000000002331, -0.2299999999999999545, -0.4500000000000000111 ) ) ;
#632 = FACE_OUTER_BOUND ( 'NONE', #3073, .T. ) ;
#633 = EDGE_CURVE ( 'NONE', #747, #2061, #3224, .T. ) ;
#634 = SURFACE_SIDE_STYLE ('',( #3982 ) ) ;
#635 = SURFACE_SIDE_STYLE ('',( #5869 ) ) ;
#636 =( GEOMETRIC_REPRESENTATION_CONTEXT ( 3 ) GLOBAL_UNCERTAINTY_ASSIGNED_CONTEXT ( ( #6492 ) ) GLOBAL_UNIT_ASSIGNED_CONTEXT ( ( #732, #3790, #4829 ) ) REPRESENTATION_CONTEXT ( 'NONE', 'WORKASPACE' ) );
#637 = CIRCLE ( 'NONE', #5957, 0.2299999999999999545 ) ;
#638 = VECTOR ( 'NONE', #3502, 1000.000000000000000 ) ;
#639 = MECHANICAL_DESIGN_GEOMETRIC_PRESENTATION_REPRESENTATION (  '', ( #6653 ), #978 ) ;
#640 = SURFACE_STYLE_USAGE ( .BOTH. , #3264 ) ;
#641 =( GEOMETRIC_REPRESENTATION_CONTEXT ( 3 ) GLOBAL_UNCERTAINTY_ASSIGNED_CONTEXT ( ( #5049 ) ) GLOBAL_UNIT_ASSIGNED_CONTEXT ( ( #3017, #6606, #3541 ) ) REPRESENTATION_CONTEXT ( 'NONE', 'WORKASPACE' ) );
#642 = VECTOR ( 'NONE', #3421, 1000.000000000000000 ) ;
#643 = DIRECTION ( 'NONE',  ( -1.000000000000000000, 0.0000000000000000000, 0.0000000000000000000 ) ) ;
#644 = ADVANCED_FACE ( 'NONE', ( #1660 ), #6139, .F. ) ;
#645 = VECTOR ( 'NONE', #4964, 1000.000000000000000 ) ;
#646 =( LENGTH_UNIT ( ) NAMED_UNIT ( * ) SI_UNIT ( .MILLI., .METRE. ) );
#647 = FILL_AREA_STYLE ('',( #3824 ) ) ;
#648 = MECHANICAL_DESIGN_GEOMETRIC_PRESENTATION_REPRESENTATION (  '', ( #5161 ), #3887 ) ;
#649 = SURFACE_STYLE_USAGE ( .BOTH. , #1648 ) ;
#650 = SURFACE_STYLE_FILL_AREA ( #1772 ) ;
#651 = DIRECTION ( 'NONE',  ( -1.000000000000000000, 0.0000000000000000000, 0.0000000000000000000 ) ) ;
#652 = EDGE_CURVE ( 'NONE', #1745, #3059, #1492, .T. ) ;
#653 = VECTOR ( 'NONE', #881, 1000.000000000000000 ) ;
#654 = UNCERTAINTY_MEASURE_WITH_UNIT (LENGTH_MEASURE( 1.000000000000000082E-05 ), #2192, 'distance_accuracy_value', 'NONE');
#655 = DIRECTION ( 'NONE',  ( 0.0000000000000000000, 1.000000000000000000, 0.0000000000000000000 ) ) ;
#656 = VECTOR ( 'NONE', #4078, 1000.000000000000000 ) ;
#657 = DIRECTION ( 'NONE',  ( 0.0000000000000000000, 0.0000000000000000000, 1.000000000000000000 ) ) ;
#658 = FACE_OUTER_BOUND ( 'NONE', #5592, .T. ) ;
#659 = ORIENTED_EDGE ( 'NONE', *, *, #5398, .F. ) ;
#660 = DIRECTION ( 'NONE',  ( 0.0000000000000000000, 0.0000000000000000000, -1.000000000000000000 ) ) ;
#661 = EDGE_CURVE ( 'NONE', #1646, #5018, #4278, .T. ) ;
#662 = LINE ( 'NONE', #6257, #5862 ) ;
#663 = AXIS2_PLACEMENT_3D ( 'NONE', #756, #4396, #3866 ) ;
#664 = MECHANICAL_DESIGN_GEOMETRIC_PRESENTATION_REPRESENTATION (  '', ( #6144 ), #2639 ) ;
#665 = FILL_AREA_STYLE_COLOUR ( '', #2347 ) ;
#666 = EDGE_CURVE ( 'NONE', #3313, #5306, #3797, .T. ) ;
#667 = CARTESIAN_POINT ( 'NONE',  ( -0.8864218330839861437, 0.2000000000000000944, -0.08000000000000001554 ) ) ;
#668 = PRESENTATION_STYLE_ASSIGNMENT (( #6323 ) ) ;
#669 = VERTEX_POINT ( 'NONE', #2039 ) ;
#670 = FACE_OUTER_BOUND ( 'NONE', #5614, .T. ) ;
#671 =( LENGTH_UNIT ( ) NAMED_UNIT ( * ) SI_UNIT ( .MILLI., .METRE. ) );
#672 = SURFACE_STYLE_FILL_AREA ( #5269 ) ;
#673 = AXIS2_PLACEMENT_3D ( 'NONE', #4944, #957, #5024 ) ;
#674 = ORIENTED_EDGE ( 'NONE', *, *, #3469, .T. ) ;
#675 = DIRECTION ( 'NONE',  ( -1.000000000000000000, 0.0000000000000000000, 0.0000000000000000000 ) ) ;
#676 = VECTOR ( 'NONE', #3750, 1000.000000000000000 ) ;
#677 = STYLED_ITEM ( 'NONE', ( #2348 ), #2961 ) ;
#678 = ORIENTED_EDGE ( 'NONE', *, *, #4800, .T. ) ;
#679 = ORIENTED_EDGE ( 'NONE', *, *, #6089, .T. ) ;
#680 = EDGE_LOOP ( 'NONE', ( #2419, #5259, #4748, #4647 ) ) ;
#681 = CARTESIAN_POINT ( 'NONE',  ( -0.5499999999999980460, 0.5000000000000003331, -0.04499999999999995670 ) ) ;
#682 = VERTEX_POINT ( 'NONE', #966 ) ;
#683 = SURFACE_STYLE_USAGE ( .BOTH. , #18 ) ;
#684 = ORIENTED_EDGE ( 'NONE', *, *, #4846, .T. ) ;
#685 = ORIENTED_EDGE ( 'NONE', *, *, #2243, .F. ) ;
#686 = SURFACE_STYLE_USAGE ( .BOTH. , #266 ) ;
#687 = DIRECTION ( 'NONE',  ( -0.0000000000000000000, 1.000000000000000000, -0.0000000000000000000 ) ) ;
#688 = CARTESIAN_POINT ( 'NONE',  ( 0.8864218330839929161, 0.8500000000000000888, -0.4500000000000000111 ) ) ;
#689 = CARTESIAN_POINT ( 'NONE',  ( -0.8864218330839859217, -0.2000000000000000944, -0.4500000000000000111 ) ) ;
#690 = ORIENTED_EDGE ( 'NONE', *, *, #4166, .F. ) ;
#691 = DIRECTION ( 'NONE',  ( -0.0000000000000000000, -0.0000000000000000000, 1.000000000000000000 ) ) ;
#692 = CARTESIAN_POINT ( 'NONE',  ( 0.9999000000000002331, 0.2299999999999999545, -0.04499999999999995670 ) ) ;
#693 = CARTESIAN_POINT ( 'NONE',  ( -0.5999999999999846567, -0.4499999999999999001, -0.4199999999999999845 ) ) ;
#694 = ORIENTED_EDGE ( 'NONE', *, *, #2460, .T. ) ;
#695 = STYLED_ITEM ( 'NONE', ( #623 ), #6684 ) ;
#696 = UNCERTAINTY_MEASURE_WITH_UNIT (LENGTH_MEASURE( 1.000000000000000082E-05 ), #1206, 'distance_accuracy_value', 'NONE');
#697 = LINE ( 'NONE', #6016, #5731 ) ;
#698 = EDGE_CURVE ( 'NONE', #3206, #4844, #4195, .T. ) ;
#699 = FILL_AREA_STYLE ('',( #4895 ) ) ;
#700 = DIRECTION ( 'NONE',  ( 1.000000000000000000, 0.0000000000000000000, -0.0000000000000000000 ) ) ;
#701 = COLOUR_RGB ( '',0.6470588235294117974, 0.5176470588235293491, 0.0000000000000000000 ) ;
#702 = EDGE_CURVE ( 'NONE', #4833, #6449, #1006, .T. ) ;
#703 = ADVANCED_FACE ( 'NONE', ( #6367 ), #943, .T. ) ;
#704 = DIRECTION ( 'NONE',  ( 0.0000000000000000000, -0.0000000000000000000, -1.000000000000000000 ) ) ;
#706 = AXIS2_PLACEMENT_3D ( 'NONE', #5675, #2953, #3492 ) ;
#705 = FILL_AREA_STYLE_COLOUR ( '', #2663 ) ;
#707 = MECHANICAL_DESIGN_GEOMETRIC_PRESENTATION_REPRESENTATION (  '', ( #376 ), #1768 ) ;
#708 = CARTESIAN_POINT ( 'NONE',  ( 0.9999999999999844569, -0.6500000000000000222, -0.4500000000000000111 ) ) ;
#709 = CARTESIAN_POINT ( 'NONE',  ( 0.8864218330839929161, 0.8500000000000000888, -0.04499999999999995670 ) ) ;
#710 = CARTESIAN_POINT ( 'NONE',  ( -0.9999500000000003386, 0.8799999999999998934, -0.4199999999999999845 ) ) ;
#711 = EDGE_CURVE ( 'NONE', #4359, #5943, #4732, .T. ) ;
#712 = DIRECTION ( 'NONE',  ( -1.000000000000000000, -3.614007241618355673E-16, 0.0000000000000000000 ) ) ;
#713 = PRESENTATION_STYLE_ASSIGNMENT (( #5027 ) ) ;
#714 = ORIENTED_EDGE ( 'NONE', *, *, #2926, .F. ) ;
#715 = ORIENTED_EDGE ( 'NONE', *, *, #5217, .F. ) ;
#716 =( NAMED_UNIT ( * ) SI_UNIT ( $, .STERADIAN. ) SOLID_ANGLE_UNIT ( ) );
#717 = LINE ( 'NONE', #3193, #6076 ) ;
#718 = STYLED_ITEM ( 'NONE', ( #2006 ), #3153 ) ;
#719 = CARTESIAN_POINT ( 'NONE',  ( 0.9999999999999997780, -0.9499999999999999556, -0.08000000000000001554 ) ) ;
#720 = PRESENTATION_LAYER_ASSIGNMENT (  '', '', ( #474 ) ) ;
#721 = DIRECTION ( 'NONE',  ( -1.000000000000000000, 0.0000000000000000000, -0.0000000000000000000 ) ) ;
#722 = VECTOR ( 'NONE', #3927, 1000.000000000000000 ) ;
#723 = VECTOR ( 'NONE', #1005, 1000.000000000000000 ) ;
#724 = PRESENTATION_STYLE_ASSIGNMENT (( #6045 ) ) ;
#725 = CARTESIAN_POINT ( 'NONE',  ( -0.9999000000000002331, -0.2299999999999999545, -0.04499999999999995670 ) ) ;
#726 = CIRCLE ( 'NONE', #3221, 0.2299999999999999545 ) ;
#727 = CARTESIAN_POINT ( 'NONE',  ( -0.7499999999999997780, -0.9499999999999999556, -0.08000000000000001554 ) ) ;
#728 = CIRCLE ( 'NONE', #1837, 0.2299999999999999545 ) ;
#729 = FACE_OUTER_BOUND ( 'NONE', #4562, .T. ) ;
#730 = UNCERTAINTY_MEASURE_WITH_UNIT (LENGTH_MEASURE( 1.000000000000000082E-05 ), #2255, 'distance_accuracy_value', 'NONE');
#731 = SURFACE_STYLE_USAGE ( .BOTH. , #3906 ) ;
#732 =( LENGTH_UNIT ( ) NAMED_UNIT ( * ) SI_UNIT ( .MILLI., .METRE. ) );
#733 = EDGE_CURVE ( 'NONE', #5053, #4064, #1979, .T. ) ;
#734 = SURFACE_STYLE_FILL_AREA ( #4280 ) ;
#735 =( NAMED_UNIT ( * ) SI_UNIT ( $, .STERADIAN. ) SOLID_ANGLE_UNIT ( ) );
#736 = CIRCLE ( 'NONE', #6115, 0.2299999999999999545 ) ;
#737 = ORIENTED_EDGE ( 'NONE', *, *, #3679, .F. ) ;
#738 = MECHANICAL_DESIGN_GEOMETRIC_PRESENTATION_REPRESENTATION (  '', ( #5966 ), #1099 ) ;
#739 = COLOUR_RGB ( '',0.2000000000000000111, 0.2000000000000000111, 0.2000000000000000111 ) ;
#740 =( LENGTH_UNIT ( ) NAMED_UNIT ( * ) SI_UNIT ( .MILLI., .METRE. ) );
#741 = SURFACE_STYLE_USAGE ( .BOTH. , #2282 ) ;
#742 = EDGE_LOOP ( 'NONE', ( #66, #4020, #5289, #380, #3314, #3865, #4751 ) ) ;
#743 =( GEOMETRIC_REPRESENTATION_CONTEXT ( 3 ) GLOBAL_UNCERTAINTY_ASSIGNED_CONTEXT ( ( #4595 ) ) GLOBAL_UNIT_ASSIGNED_CONTEXT ( ( #3513, #4164, #24 ) ) REPRESENTATION_CONTEXT ( 'NONE', 'WORKASPACE' ) );
#744 = ORIENTED_EDGE ( 'NONE', *, *, #404, .F. ) ;
#745 = DIRECTION ( 'NONE',  ( 0.0000000000000000000, 0.0000000000000000000, -1.000000000000000000 ) ) ;
#746 = ORIENTED_EDGE ( 'NONE', *, *, #4037, .T. ) ;
#747 = VERTEX_POINT ( 'NONE', #1999 ) ;
#748 =( NAMED_UNIT ( * ) PLANE_ANGLE_UNIT ( ) SI_UNIT ( $, .RADIAN. ) );
#749 = FACE_OUTER_BOUND ( 'NONE', #5898, .T. ) ;
#750 = CARTESIAN_POINT ( 'NONE',  ( 0.9999999999999997780, 0.9499999999999998446, -0.08000000000000004330 ) ) ;
#751 = ORIENTED_EDGE ( 'NONE', *, *, #1418, .T. ) ;
#752 = EDGE_CURVE ( 'NONE', #6138, #2398, #598, .T. ) ;
#753 = LINE ( 'NONE', #6291, #6359 ) ;
#754 = VECTOR ( 'NONE', #655, 1000.000000000000000 ) ;
#755 = ORIENTED_EDGE ( 'NONE', *, *, #1282, .T. ) ;
#756 = CARTESIAN_POINT ( 'NONE',  ( 0.7500000000000002220, 0.4499999999999999556, -0.04499999999999995670 ) ) ;
#757 =( NAMED_UNIT ( * ) PLANE_ANGLE_UNIT ( ) SI_UNIT ( $, .RADIAN. ) );
#758 = ORIENTED_EDGE ( 'NONE', *, *, #6082, .F. ) ;
#759 = CARTESIAN_POINT ( 'NONE',  ( 0.7499999999999997780, -0.9499999999999999556, -0.08000000000000001554 ) ) ;
#760 = LINE ( 'NONE', #293, #4199 ) ;
#761 =( NAMED_UNIT ( * ) PLANE_ANGLE_UNIT ( ) SI_UNIT ( $, .RADIAN. ) );
#762 = DIRECTION ( 'NONE',  ( 0.0000000000000000000, 0.0000000000000000000, -1.000000000000000000 ) ) ;
#763 = AXIS2_PLACEMENT_3D ( 'NONE', #6002, #6026, #1380 ) ;
#764 = ORIENTED_EDGE ( 'NONE', *, *, #3371, .T. ) ;
#765 = FACE_OUTER_BOUND ( 'NONE', #4813, .T. ) ;
#766 = ORIENTED_EDGE ( 'NONE', *, *, #541, .T. ) ;
#767 = CARTESIAN_POINT ( 'NONE',  ( 0.0000000000000000000, -0.4499999999999999001, -0.04499999999999995670 ) ) ;
#768 = EDGE_LOOP ( 'NONE', ( #2745, #1877, #1159, #2552, #2053 ) ) ;
#769 = UNCERTAINTY_MEASURE_WITH_UNIT (LENGTH_MEASURE( 1.000000000000000082E-05 ), #2498, 'distance_accuracy_value', 'NONE');
#770 = ORIENTED_EDGE ( 'NONE', *, *, #793, .F. ) ;
#771 = AXIS2_PLACEMENT_3D ( 'NONE', #2088, #4136, #5103 ) ;
#772 = ORIENTED_EDGE ( 'NONE', *, *, #5408, .F. ) ;
#773 = DIRECTION ( 'NONE',  ( -0.0000000000000000000, -0.0000000000000000000, -1.000000000000000000 ) ) ;
#774 =( LENGTH_UNIT ( ) NAMED_UNIT ( * ) SI_UNIT ( .MILLI., .METRE. ) );
#775 = CARTESIAN_POINT ( 'NONE',  ( -0.9999999999999913403, 0.0000000000000000000, -0.4500000000000000111 ) ) ;
#776 = ORIENTED_EDGE ( 'NONE', *, *, #187, .T. ) ;
#777 = ORIENTED_EDGE ( 'NONE', *, *, #6012, .T. ) ;
#778 = DIRECTION ( 'NONE',  ( 0.0000000000000000000, 0.0000000000000000000, -1.000000000000000000 ) ) ;
#779 = UNCERTAINTY_MEASURE_WITH_UNIT (LENGTH_MEASURE( 1.000000000000000082E-05 ), #646, 'distance_accuracy_value', 'NONE');
#780 = LINE ( 'NONE', #1826, #4764 ) ;
#781 = DIRECTION ( 'NONE',  ( 1.000000000000000000, 0.0000000000000000000, 0.0000000000000000000 ) ) ;
#782 = DIRECTION ( 'NONE',  ( -1.000000000000000000, 0.0000000000000000000, -0.0000000000000000000 ) ) ;
#783 =( NAMED_UNIT ( * ) PLANE_ANGLE_UNIT ( ) SI_UNIT ( $, .RADIAN. ) );
#784 = EDGE_CURVE ( 'NONE', #2756, #1745, #3377, .T. ) ;
#785 = FACE_OUTER_BOUND ( 'NONE', #5308, .T. ) ;
#786 = CARTESIAN_POINT ( 'NONE',  ( -0.7500000000000002220, 0.2000000000000000944, -0.08000000000000001554 ) ) ;
#787 = AXIS2_PLACEMENT_3D ( 'NONE', #3725, #539, #1109 ) ;
#788 =( GEOMETRIC_REPRESENTATION_CONTEXT ( 3 ) GLOBAL_UNCERTAINTY_ASSIGNED_CONTEXT ( ( #4522 ) ) GLOBAL_UNIT_ASSIGNED_CONTEXT ( ( #336, #3901, #6478 ) ) REPRESENTATION_CONTEXT ( 'NONE', 'WORKASPACE' ) );
#789 =( NAMED_UNIT ( * ) PLANE_ANGLE_UNIT ( ) SI_UNIT ( $, .RADIAN. ) );
#790 = COLOUR_RGB ( '',0.6470588235294117974, 0.5176470588235293491, 0.0000000000000000000 ) ;
#791 = VECTOR ( 'NONE', #3032, 1000.000000000000000 ) ;
#792 = LINE ( 'NONE', #5356, #165 ) ;
#793 = EDGE_CURVE ( 'NONE', #1829, #3206, #831, .T. ) ;
#795 = MECHANICAL_DESIGN_GEOMETRIC_PRESENTATION_REPRESENTATION (  '', ( #5928 ), #1495 ) ;
#794 = DIRECTION ( 'NONE',  ( -1.000000000000000000, 0.0000000000000000000, 0.0000000000000000000 ) ) ;
#796 =( NAMED_UNIT ( * ) PLANE_ANGLE_UNIT ( ) SI_UNIT ( $, .RADIAN. ) );
#797 = SURFACE_SIDE_STYLE ('',( #5588 ) ) ;
#798 = ORIENTED_EDGE ( 'NONE', *, *, #4783, .T. ) ;
#799 = FILL_AREA_STYLE_COLOUR ( '', #3819 ) ;
#800 = CIRCLE ( 'NONE', #974, 0.2299999999999999545 ) ;
#801 = AXIS2_PLACEMENT_3D ( 'NONE', #4547, #1512, #1428 ) ;
#802 = DIRECTION ( 'NONE',  ( -1.000000000000000000, 0.0000000000000000000, 0.0000000000000000000 ) ) ;
#803 = CIRCLE ( 'NONE', #1443, 0.05000000000000002359 ) ;
#804 = DIRECTION ( 'NONE',  ( -1.000000000000000000, 0.0000000000000000000, 0.0000000000000000000 ) ) ;
#805 = FACE_OUTER_BOUND ( 'NONE', #3417, .T. ) ;
#806 = DIRECTION ( 'NONE',  ( -1.000000000000000000, 0.0000000000000000000, 0.0000000000000000000 ) ) ;
#807 = FACE_OUTER_BOUND ( 'NONE', #3880, .T. ) ;
#808 =( GEOMETRIC_REPRESENTATION_CONTEXT ( 3 ) GLOBAL_UNCERTAINTY_ASSIGNED_CONTEXT ( ( #4364 ) ) GLOBAL_UNIT_ASSIGNED_CONTEXT ( ( #5200, #2112, #5228 ) ) REPRESENTATION_CONTEXT ( 'NONE', 'WORKASPACE' ) );
#809 =( LENGTH_UNIT ( ) NAMED_UNIT ( * ) SI_UNIT ( .MILLI., .METRE. ) );
#810 = COLOUR_RGB ( '',0.6470588235294117974, 0.5176470588235293491, 0.0000000000000000000 ) ;
#811 = UNCERTAINTY_MEASURE_WITH_UNIT (LENGTH_MEASURE( 1.000000000000000082E-05 ), #3810, 'distance_accuracy_value', 'NONE');
#812 = EDGE_LOOP ( 'NONE', ( #4934, #509, #361, #6608 ) ) ;
#813 = LINE ( 'NONE', #970, #2045 ) ;
#814 =( NAMED_UNIT ( * ) PLANE_ANGLE_UNIT ( ) SI_UNIT ( $, .RADIAN. ) );
#815 = CARTESIAN_POINT ( 'NONE',  ( -1.000000000000000222, 0.0000000000000000000, 0.5356854249492378761 ) ) ;
#816 =( NAMED_UNIT ( * ) PLANE_ANGLE_UNIT ( ) SI_UNIT ( $, .RADIAN. ) );
#817 = PRESENTATION_STYLE_ASSIGNMENT (( #5202 ) ) ;
#818 = SURFACE_STYLE_FILL_AREA ( #5322 ) ;
#819 = PRESENTATION_LAYER_ASSIGNMENT (  '', '', ( #2578 ) ) ;
#820 = EDGE_CURVE ( 'NONE', #3081, #4559, #6286, .T. ) ;
#821 = CARTESIAN_POINT ( 'NONE',  ( -0.5499999999999843903, -0.7999999999999996003, -0.04499999999999995670 ) ) ;
#823 =( NAMED_UNIT ( * ) PLANE_ANGLE_UNIT ( ) SI_UNIT ( $, .RADIAN. ) );
#822 = VECTOR ( 'NONE', #5517, 1000.000000000000000 ) ;
#824 = ORIENTED_EDGE ( 'NONE', *, *, #2596, .F. ) ;
#825 =( NAMED_UNIT ( * ) SI_UNIT ( $, .STERADIAN. ) SOLID_ANGLE_UNIT ( ) );
#826 = FILL_AREA_STYLE_COLOUR ( '', #2459 ) ;
#827 = VECTOR ( 'NONE', #3514, 1000.000000000000000 ) ;
#828 = ORIENTED_EDGE ( 'NONE', *, *, #4298, .F. ) ;
#829 = ORIENTED_EDGE ( 'NONE', *, *, #3555, .F. ) ;
#830 = MECHANICAL_DESIGN_GEOMETRIC_PRESENTATION_REPRESENTATION (  '', ( #4693 ), #4911 ) ;
#831 = LINE ( 'NONE', #2526, #3713 ) ;
#832 = SURFACE_STYLE_FILL_AREA ( #1342 ) ;
#833 = ORIENTED_EDGE ( 'NONE', *, *, #5143, .T. ) ;
#834 =( LENGTH_UNIT ( ) NAMED_UNIT ( * ) SI_UNIT ( .MILLI., .METRE. ) );
#835 = ORIENTED_EDGE ( 'NONE', *, *, #733, .T. ) ;
#836 =( GEOMETRIC_REPRESENTATION_CONTEXT ( 3 ) GLOBAL_UNCERTAINTY_ASSIGNED_CONTEXT ( ( #857 ) ) GLOBAL_UNIT_ASSIGNED_CONTEXT ( ( #1312, #823, #4443 ) ) REPRESENTATION_CONTEXT ( 'NONE', 'WORKASPACE' ) );
#837 = STYLED_ITEM ( 'NONE', ( #1383 ), #2195 ) ;
#838 = VERTEX_POINT ( 'NONE', #989 ) ;
#839 = VECTOR ( 'NONE', #1756, 1000.000000000000000 ) ;
#840 = ORIENTED_EDGE ( 'NONE', *, *, #4026, .T. ) ;
#841 = DIRECTION ( 'NONE',  ( 0.0000000000000000000, 1.000000000000000000, 0.0000000000000000000 ) ) ;
#842 = EDGE_CURVE ( 'NONE', #3454, #4510, #6200, .T. ) ;
#843 = ORIENTED_EDGE ( 'NONE', *, *, #576, .F. ) ;
#844 =( NAMED_UNIT ( * ) SI_UNIT ( $, .STERADIAN. ) SOLID_ANGLE_UNIT ( ) );
#845 = CIRCLE ( 'NONE', #4608, 0.1999999999999999833 ) ;
#846 = DIRECTION ( 'NONE',  ( 0.0000000000000000000, -0.0000000000000000000, 1.000000000000000000 ) ) ;
#847 = ADVANCED_FACE ( 'NONE', ( #5795 ), #3188, .T. ) ;
#848 = ORIENTED_EDGE ( 'NONE', *, *, #5408, .T. ) ;
#849 = DIRECTION ( 'NONE',  ( 0.0000000000000000000, 0.0000000000000000000, -1.000000000000000000 ) ) ;
#850 = FILL_AREA_STYLE_COLOUR ( '', #2385 ) ;
#851 = AXIS2_PLACEMENT_3D ( 'NONE', #4047, #3010, #3054 ) ;
#852 = DIRECTION ( 'NONE',  ( 0.0000000000000000000, 0.0000000000000000000, -1.000000000000000000 ) ) ;
#853 = SURFACE_STYLE_USAGE ( .BOTH. , #6601 ) ;
#854 = LINE ( 'NONE', #143, #3310 ) ;
#855 = PRESENTATION_LAYER_ASSIGNMENT (  '', '', ( #3009 ) ) ;
#856 = ORIENTED_EDGE ( 'NONE', *, *, #5227, .T. ) ;
#857 = UNCERTAINTY_MEASURE_WITH_UNIT (LENGTH_MEASURE( 1.000000000000000082E-05 ), #1312, 'distance_accuracy_value', 'NONE');
#858 = CARTESIAN_POINT ( 'NONE',  ( 0.7499999999999997780, 0.9499999999999999556, -0.03000000000000002318 ) ) ;
#859 = PLANE ( 'NONE',  #996 ) ;
#860 = LINE ( 'NONE', #3840, #1281 ) ;
#861 = VECTOR ( 'NONE', #1828, 1000.000000000000000 ) ;
#862 = PRESENTATION_LAYER_ASSIGNMENT (  '', '', ( #517 ) ) ;
#863 = FILL_AREA_STYLE_COLOUR ( '', #6375 ) ;
#864 = CIRCLE ( 'NONE', #2322, 0.2299999999999999545 ) ;
#865 = SURFACE_STYLE_FILL_AREA ( #4920 ) ;
#866 = DIRECTION ( 'NONE',  ( 4.015563601798168259E-16, 1.000000000000000000, 0.0000000000000000000 ) ) ;
#867 = CARTESIAN_POINT ( 'NONE',  ( 0.9999000000000002331, 0.2299999999999999545, -0.4500000000000000111 ) ) ;
#868 = EDGE_CURVE ( 'NONE', #6387, #2236, #4415, .T. ) ;
#869 = DIRECTION ( 'NONE',  ( -1.000000000000000000, 0.0000000000000000000, 0.0000000000000000000 ) ) ;
#870 = FILL_AREA_STYLE_COLOUR ( '', #1973 ) ;
#871 = EDGE_CURVE ( 'NONE', #6605, #2473, #4267, .T. ) ;
#872 = PRESENTATION_LAYER_ASSIGNMENT (  '', '', ( #196 ) ) ;
#873 =( GEOMETRIC_REPRESENTATION_CONTEXT ( 3 ) GLOBAL_UNCERTAINTY_ASSIGNED_CONTEXT ( ( #3918 ) ) GLOBAL_UNIT_ASSIGNED_CONTEXT ( ( #1348, #3992, #3970 ) ) REPRESENTATION_CONTEXT ( 'NONE', 'WORKASPACE' ) );
#874 = VECTOR ( 'NONE', #1626, 1000.000000000000000 ) ;
#875 = DIRECTION ( 'NONE',  ( 0.0000000000000000000, 1.000000000000000000, 0.0000000000000000000 ) ) ;
#876 =( NAMED_UNIT ( * ) PLANE_ANGLE_UNIT ( ) SI_UNIT ( $, .RADIAN. ) );
#877 = VECTOR ( 'NONE', #2183, 1000.000000000000000 ) ;
#878 =( LENGTH_UNIT ( ) NAMED_UNIT ( * ) SI_UNIT ( .MILLI., .METRE. ) );
#879 = EDGE_CURVE ( 'NONE', #4177, #216, #2395, .T. ) ;
#880 = PRESENTATION_STYLE_ASSIGNMENT (( #683 ) ) ;
#881 = DIRECTION ( 'NONE',  ( 0.0000000000000000000, 1.000000000000000000, 0.0000000000000000000 ) ) ;
#882 =( GEOMETRIC_REPRESENTATION_CONTEXT ( 3 ) GLOBAL_UNCERTAINTY_ASSIGNED_CONTEXT ( ( #5730 ) ) GLOBAL_UNIT_ASSIGNED_CONTEXT ( ( #4526, #3119, #1032 ) ) REPRESENTATION_CONTEXT ( 'NONE', 'WORKASPACE' ) );
#883 = CARTESIAN_POINT ( 'NONE',  ( 0.9999000000000002331, -0.8799999999999998934, -0.04499999999999995670 ) ) ;
#884 = SURFACE_STYLE_USAGE ( .BOTH. , #2907 ) ;
#885 =( GEOMETRIC_REPRESENTATION_CONTEXT ( 3 ) GLOBAL_UNCERTAINTY_ASSIGNED_CONTEXT ( ( #1905 ) ) GLOBAL_UNIT_ASSIGNED_CONTEXT ( ( #3815, #1162, #2701 ) ) REPRESENTATION_CONTEXT ( 'NONE', 'WORKASPACE' ) );
#886 =( NAMED_UNIT ( * ) PLANE_ANGLE_UNIT ( ) SI_UNIT ( $, .RADIAN. ) );
#887 = SURFACE_STYLE_USAGE ( .BOTH. , #2454 ) ;
#888 = FACE_OUTER_BOUND ( 'NONE', #742, .T. ) ;
#889 = DIRECTION ( 'NONE',  ( -1.000000000000000000, 0.0000000000000000000, -0.0000000000000000000 ) ) ;
#890 = SURFACE_STYLE_FILL_AREA ( #4253 ) ;
#891 = CARTESIAN_POINT ( 'NONE',  ( 0.9998000000000003551, 0.8799999999999998934, -0.4199999999999999845 ) ) ;
#892 =( GEOMETRIC_REPRESENTATION_CONTEXT ( 3 ) GLOBAL_UNCERTAINTY_ASSIGNED_CONTEXT ( ( #1941 ) ) GLOBAL_UNIT_ASSIGNED_CONTEXT ( ( #4221, #3733, #1094 ) ) REPRESENTATION_CONTEXT ( 'NONE', 'WORKASPACE' ) );
#893 = DIRECTION ( 'NONE',  ( 0.0000000000000000000, 0.0000000000000000000, 1.000000000000000000 ) ) ;
#894 = UNCERTAINTY_MEASURE_WITH_UNIT (LENGTH_MEASURE( 1.000000000000000082E-05 ), #3443, 'distance_accuracy_value', 'NONE');
#895 = ORIENTED_EDGE ( 'NONE', *, *, #4110, .F. ) ;
#896 = CARTESIAN_POINT ( 'NONE',  ( -5.678000315888403574E-17, -0.1999999999999998446, -0.4199999999999999845 ) ) ;
#897 =( NAMED_UNIT ( * ) PLANE_ANGLE_UNIT ( ) SI_UNIT ( $, .RADIAN. ) );
#898 = SURFACE_SIDE_STYLE ('',( #6476 ) ) ;
#899 = MECHANICAL_DESIGN_GEOMETRIC_PRESENTATION_REPRESENTATION (  '', ( #6594 ), #1181 ) ;
#900 = PRESENTATION_STYLE_ASSIGNMENT (( #5853 ) ) ;
#901 = LINE ( 'NONE', #2000, #4721 ) ;
#902 = ORIENTED_EDGE ( 'NONE', *, *, #2414, .T. ) ;
#903 = VERTEX_POINT ( 'NONE', #5274 ) ;
#904 = CARTESIAN_POINT ( 'NONE',  ( 1.000000000000000222, 0.0000000000000000000, -0.07999999999999998779 ) ) ;
#905 = DIRECTION ( 'NONE',  ( -0.0000000000000000000, -0.0000000000000000000, 1.000000000000000000 ) ) ;
#906 = ADVANCED_FACE ( 'NONE', ( #1255 ), #3239, .F. ) ;
#907 = EDGE_CURVE ( 'NONE', #1170, #4008, #5050, .T. ) ;
#908 = VERTEX_POINT ( 'NONE', #4319 ) ;
#909 = FILL_AREA_STYLE ('',( #3011 ) ) ;
#910 = CARTESIAN_POINT ( 'NONE',  ( -0.9999000000000002331, -0.2299999999999999545, -0.4500000000000000111 ) ) ;
#911 = VECTOR ( 'NONE', #5293, 1000.000000000000000 ) ;
#912 = FACE_OUTER_BOUND ( 'NONE', #2067, .T. ) ;
#913 = ORIENTED_EDGE ( 'NONE', *, *, #5239, .T. ) ;
#914 = ORIENTED_EDGE ( 'NONE', *, *, #4997, .F. ) ;
#915 = SURFACE_STYLE_USAGE ( .BOTH. , #4529 ) ;
#916 = FILL_AREA_STYLE ('',( #3014 ) ) ;
#917 = EDGE_CURVE ( 'NONE', #4359, #1370, #1654, .T. ) ;
#918 = CARTESIAN_POINT ( 'NONE',  ( -0.5499999999999913847, -0.1499999999999996614, -0.4500000000000000111 ) ) ;
#919 = SURFACE_STYLE_FILL_AREA ( #267 ) ;
#920 = CARTESIAN_POINT ( 'NONE',  ( -0.9998000000000003551, -0.9499999999999999556, -0.08000000000000020983 ) ) ;
#921 = AXIS2_PLACEMENT_3D ( 'NONE', #5777, #2691, #2166 ) ;
#922 = DIRECTION ( 'NONE',  ( 0.0000000000000000000, 0.0000000000000000000, 1.000000000000000000 ) ) ;
#923 =( LENGTH_UNIT ( ) NAMED_UNIT ( * ) SI_UNIT ( .MILLI., .METRE. ) );
#924 = VECTOR ( 'NONE', #4313, 1000.000000000000000 ) ;
#925 =( NAMED_UNIT ( * ) PLANE_ANGLE_UNIT ( ) SI_UNIT ( $, .RADIAN. ) );
#926 =( NAMED_UNIT ( * ) PLANE_ANGLE_UNIT ( ) SI_UNIT ( $, .RADIAN. ) );
#927 =( GEOMETRIC_REPRESENTATION_CONTEXT ( 3 ) GLOBAL_UNCERTAINTY_ASSIGNED_CONTEXT ( ( #4330 ) ) GLOBAL_UNIT_ASSIGNED_CONTEXT ( ( #1093, #2561, #14 ) ) REPRESENTATION_CONTEXT ( 'NONE', 'WORKASPACE' ) );
#928 = EDGE_CURVE ( 'NONE', #4593, #1972, #2156, .T. ) ;
#929 = FILL_AREA_STYLE ('',( #3453 ) ) ;
#930 = ORIENTED_EDGE ( 'NONE', *, *, #5361, .T. ) ;
#931 = CARTESIAN_POINT ( 'NONE',  ( 0.0000000000000000000, -0.2299999999999999545, -0.4199999999999999845 ) ) ;
#932 =( LENGTH_UNIT ( ) NAMED_UNIT ( * ) SI_UNIT ( .MILLI., .METRE. ) );
#933 = FACE_OUTER_BOUND ( 'NONE', #330, .T. ) ;
#934 = ORIENTED_EDGE ( 'NONE', *, *, #6355, .F. ) ;
#935 = CARTESIAN_POINT ( 'NONE',  ( -0.7499999999999997780, 0.2300000000000000655, -0.08000000000000001554 ) ) ;
#936 = FILL_AREA_STYLE ('',( #6508 ) ) ;
#937 = ORIENTED_EDGE ( 'NONE', *, *, #5171, .F. ) ;
#938 = UNCERTAINTY_MEASURE_WITH_UNIT (LENGTH_MEASURE( 1.000000000000000082E-05 ), #368, 'distance_accuracy_value', 'NONE');
#939 = SURFACE_STYLE_USAGE ( .BOTH. , #6691 ) ;
#940 = ORIENTED_EDGE ( 'NONE', *, *, #5597, .T. ) ;
#941 = STYLED_ITEM ( 'NONE', ( #4797 ), #5197 ) ;
#942 = COLOUR_RGB ( '',0.2000000000000000111, 0.2000000000000000111, 0.2000000000000000111 ) ;
#943 = PLANE ( 'NONE',  #5001 ) ;
#944 = SURFACE_SIDE_STYLE ('',( #4806 ) ) ;
#945 = CARTESIAN_POINT ( 'NONE',  ( -0.9999000000000002331, 0.4499999999999999556, -0.04499999999999995670 ) ) ;
#946 = CARTESIAN_POINT ( 'NONE',  ( -0.9999000000000002331, 0.4200000000000000400, -0.4500000000000000111 ) ) ;
#947 = ADVANCED_FACE ( 'NONE', ( #5468 ), #3846, .T. ) ;
#948 = LINE ( 'NONE', #3269, #4917 ) ;
#949 = LINE ( 'NONE', #4603, #3405 ) ;
#950 =( GEOMETRIC_REPRESENTATION_CONTEXT ( 3 ) GLOBAL_UNCERTAINTY_ASSIGNED_CONTEXT ( ( #2763 ) ) GLOBAL_UNIT_ASSIGNED_CONTEXT ( ( #809, #789, #3895 ) ) REPRESENTATION_CONTEXT ( 'NONE', 'WORKASPACE' ) );
#951 = PLANE ( 'NONE',  #1316 ) ;
#952 = SURFACE_STYLE_USAGE ( .BOTH. , #5101 ) ;
#953 = VECTOR ( 'NONE', #1971, 1000.000000000000000 ) ;
#954 = SURFACE_SIDE_STYLE ('',( #177 ) ) ;
#955 = EDGE_CURVE ( 'NONE', #111, #5736, #5374, .T. ) ;
#956 = VECTOR ( 'NONE', #3271, 1000.000000000000000 ) ;
#957 = DIRECTION ( 'NONE',  ( -0.0000000000000000000, -0.0000000000000000000, 1.000000000000000000 ) ) ;
#958 = ORIENTED_EDGE ( 'NONE', *, *, #5272, .F. ) ;
#959 = DIRECTION ( 'NONE',  ( 0.0000000000000000000, 0.0000000000000000000, -1.000000000000000000 ) ) ;
#960 = SURFACE_STYLE_FILL_AREA ( #5434 ) ;
#961 = COLOUR_RGB ( '',0.6470588235294117974, 0.5176470588235293491, 0.0000000000000000000 ) ;
#962 = STYLED_ITEM ( 'NONE', ( #1727 ), #178 ) ;
#963 = DIRECTION ( 'NONE',  ( -0.0000000000000000000, -0.0000000000000000000, -1.000000000000000000 ) ) ;
#964 = EDGE_LOOP ( 'NONE', ( #5895, #1900, #4129, #3936 ) ) ;
#965 = LINE ( 'NONE', #2373, #4239 ) ;
#966 = CARTESIAN_POINT ( 'NONE',  ( 0.5499999999999912736, 0.1499999999999997446, -0.4199999999999999845 ) ) ;
#967 =( GEOMETRIC_REPRESENTATION_CONTEXT ( 3 ) GLOBAL_UNCERTAINTY_ASSIGNED_CONTEXT ( ( #5715 ) ) GLOBAL_UNIT_ASSIGNED_CONTEXT ( ( #5608, #3101, #5087 ) ) REPRESENTATION_CONTEXT ( 'NONE', 'WORKASPACE' ) );
#968 = LINE ( 'NONE', #4713, #4533 ) ;
#969 = UNCERTAINTY_MEASURE_WITH_UNIT (LENGTH_MEASURE( 1.000000000000000082E-05 ), #596, 'distance_accuracy_value', 'NONE');
#970 = CARTESIAN_POINT ( 'NONE',  ( 0.9999000000000002331, 0.2000000000000000944, -0.04499999999999995670 ) ) ;
#971 = EDGE_CURVE ( 'NONE', #1731, #4661, #200, .T. ) ;
#972 = PLANE ( 'NONE',  #6444 ) ;
#974 = AXIS2_PLACEMENT_3D ( 'NONE', #6519, #2446, #4515 ) ;
#973 = PLANE ( 'NONE',  #5085 ) ;
#975 = CARTESIAN_POINT ( 'NONE',  ( 0.5999999999999984235, 0.4500000000000000111, -0.4199999999999999845 ) ) ;
#976 = PLANE ( 'NONE',  #6061 ) ;
#977 = UNCERTAINTY_MEASURE_WITH_UNIT (LENGTH_MEASURE( 1.000000000000000082E-05 ), #1199, 'distance_accuracy_value', 'NONE');
#978 =( GEOMETRIC_REPRESENTATION_CONTEXT ( 3 ) GLOBAL_UNCERTAINTY_ASSIGNED_CONTEXT ( ( #3422 ) ) GLOBAL_UNIT_ASSIGNED_CONTEXT ( ( #2734, #1101, #575 ) ) REPRESENTATION_CONTEXT ( 'NONE', 'WORKASPACE' ) );
#979 = VECTOR ( 'NONE', #6419, 1000.000000000000000 ) ;
#980 = CYLINDRICAL_SURFACE ( 'NONE', #3295, 0.05000000000000002359 ) ;
#981 =( GEOMETRIC_REPRESENTATION_CONTEXT ( 3 ) GLOBAL_UNCERTAINTY_ASSIGNED_CONTEXT ( ( #6458 ) ) GLOBAL_UNIT_ASSIGNED_CONTEXT ( ( #2218, #5809, #4778 ) ) REPRESENTATION_CONTEXT ( 'NONE', 'WORKASPACE' ) );
#982 = ADVANCED_FACE ( 'NONE', ( #2963 ), #4868, .F. ) ;
#983 = CARTESIAN_POINT ( 'NONE',  ( -0.8864218330839792603, -0.4500000000000000111, -0.08000000000000020983 ) ) ;
#984 = LINE ( 'NONE', #4422, #4954 ) ;
#985 = DIRECTION ( 'NONE',  ( -1.000000000000000000, 0.0000000000000000000, 0.0000000000000000000 ) ) ;
#986 = PRESENTATION_STYLE_ASSIGNMENT (( #580 ) ) ;
#987 = UNCERTAINTY_MEASURE_WITH_UNIT (LENGTH_MEASURE( 1.000000000000000082E-05 ), #3029, 'distance_accuracy_value', 'NONE');
#988 = EDGE_LOOP ( 'NONE', ( #2248, #4949, #1473, #3477, #5885, #3278, #2403, #835, #4147, #462, #5052, #5980, #6682, #3397, #6587, #4591, #6044, #441, #684, #1261, #4101, #5365, #1416, #824, #2804, #6440 ) ) ;
#989 = CARTESIAN_POINT ( 'NONE',  ( -0.9999000000000002331, -0.1999999999999999833, -0.04499999999999995670 ) ) ;
#990 = CARTESIAN_POINT ( 'NONE',  ( 1.000000000000000222, 0.0000000000000000000, -0.07999999999999998779 ) ) ;
#991 = VERTEX_POINT ( 'NONE', #1182 ) ;
#992 = CARTESIAN_POINT ( 'NONE',  ( -0.7500000000000002220, -0.4500000000000000111, -0.04499999999999995670 ) ) ;
#993 = VECTOR ( 'NONE', #4927, 1000.000000000000000 ) ;
#994 = DIRECTION ( 'NONE',  ( 0.0000000000000000000, 0.0000000000000000000, 1.000000000000000000 ) ) ;
#995 = ORIENTED_EDGE ( 'NONE', *, *, #2539, .F. ) ;
#996 = AXIS2_PLACEMENT_3D ( 'NONE', #767, #6010, #3986 ) ;
#997 = FILL_AREA_STYLE ('',( #519 ) ) ;
#998 = COLOUR_RGB ( '',0.6470588235294117974, 0.5176470588235293491, 0.0000000000000000000 ) ;
#999 = VERTEX_POINT ( 'NONE', #4402 ) ;
#1000 = DIRECTION ( 'NONE',  ( 0.0000000000000000000, -0.0000000000000000000, 1.000000000000000000 ) ) ;
#1001 = COLOUR_RGB ( '',0.2000000000000000111, 0.2000000000000000111, 0.2000000000000000111 ) ;
#1002 = ORIENTED_EDGE ( 'NONE', *, *, #3689, .F. ) ;
#1003 = EDGE_LOOP ( 'NONE', ( #737, #4879, #1112 ) ) ;
#1004 = PLANE ( 'NONE',  #1026 ) ;
#1005 = DIRECTION ( 'NONE',  ( 0.0000000000000000000, 1.000000000000000000, 0.0000000000000000000 ) ) ;
#1006 = LINE ( 'NONE', #414, #445 ) ;
#1007 = VECTOR ( 'NONE', #2787, 1000.000000000000000 ) ;
#1008 = ORIENTED_EDGE ( 'NONE', *, *, #2326, .T. ) ;
#1009 = EDGE_CURVE ( 'NONE', #4029, #276, #1248, .T. ) ;
#1010 = ORIENTED_EDGE ( 'NONE', *, *, #3744, .T. ) ;
#1011 = CARTESIAN_POINT ( 'NONE',  ( -0.5499999999999840572, 1.987703982890038132E-16, -0.4199999999999999845 ) ) ;
#1012 = AXIS2_PLACEMENT_3D ( 'NONE', #1825, #251, #3889 ) ;
#1013 = AXIS2_PLACEMENT_3D ( 'NONE', #4747, #5314, #2187 ) ;
#1014 = DIRECTION ( 'NONE',  ( 0.0000000000000000000, 0.0000000000000000000, 1.000000000000000000 ) ) ;
#1015 = VERTEX_POINT ( 'NONE', #3366 ) ;
#1016 = COLOUR_RGB ( '',0.2000000000000000111, 0.2000000000000000111, 0.2000000000000000111 ) ;
#1017 = VERTEX_POINT ( 'NONE', #3977 ) ;
#1018 = EDGE_CURVE ( 'NONE', #5539, #2426, #275, .T. ) ;
#1019 = DIRECTION ( 'NONE',  ( -0.0000000000000000000, -0.0000000000000000000, 1.000000000000000000 ) ) ;
#1020 = EDGE_LOOP ( 'NONE', ( #202, #766, #674, #144 ) ) ;
#1021 = ADVANCED_FACE ( 'NONE', ( #1888 ), #3413, .F. ) ;
#1022 = CARTESIAN_POINT ( 'NONE',  ( -1.000000000000000222, -0.2299999999999999545, -0.4199999999999999289 ) ) ;
#1023 = MECHANICAL_DESIGN_GEOMETRIC_PRESENTATION_REPRESENTATION (  '', ( #6698 ), #6282 ) ;
#1024 = ORIENTED_EDGE ( 'NONE', *, *, #2414, .F. ) ;
#1025 = ORIENTED_EDGE ( 'NONE', *, *, #3808, .F. ) ;
#1026 = AXIS2_PLACEMENT_3D ( 'NONE', #3393, #1130, #782 ) ;
#1027 = PRESENTATION_LAYER_ASSIGNMENT (  '', '', ( #6022 ) ) ;
#1028 = UNCERTAINTY_MEASURE_WITH_UNIT (LENGTH_MEASURE( 1.000000000000000082E-05 ), #4638, 'distance_accuracy_value', 'NONE');
#1029 = VERTEX_POINT ( 'NONE', #2929 ) ;
#1030 = VECTOR ( 'NONE', #252, 1000.000000000000000 ) ;
#1031 = CARTESIAN_POINT ( 'NONE',  ( 1.000000000000000222, 0.4200000000000000400, -0.07999999999999998779 ) ) ;
#1032 =( NAMED_UNIT ( * ) SI_UNIT ( $, .STERADIAN. ) SOLID_ANGLE_UNIT ( ) );
#1033 = CARTESIAN_POINT ( 'NONE',  ( -0.8864218330839790383, -0.8500000000000000888, -0.4199999999999999845 ) ) ;
#1034 = AXIS2_PLACEMENT_3D ( 'NONE', #5818, #4767, #2198 ) ;
#1035 = SURFACE_SIDE_STYLE ('',( #2233 ) ) ;
#1036 = FACE_OUTER_BOUND ( 'NONE', #5971, .T. ) ;
#1037 = CARTESIAN_POINT ( 'NONE',  ( 0.5999999999999979794, 0.8000000000000000444, -0.4199999999999999845 ) ) ;
#1038 = DIRECTION ( 'NONE',  ( 0.0000000000000000000, 1.000000000000000000, 0.0000000000000000000 ) ) ;
#1039 = DIRECTION ( 'NONE',  ( 1.000000000000000000, 0.0000000000000000000, 0.0000000000000000000 ) ) ;
#1040 = PRESENTATION_STYLE_ASSIGNMENT (( #4811 ) ) ;
#1041 = EDGE_LOOP ( 'NONE', ( #3432, #2805, #764, #1251 ) ) ;
#1042 = LINE ( 'NONE', #158, #4609 ) ;
#1043 = AXIS2_PLACEMENT_3D ( 'NONE', #4675, #1575, #54 ) ;
#1044 = CARTESIAN_POINT ( 'NONE',  ( -1.000000000000000222, -0.4200000000000000400, -0.4500000000000000111 ) ) ;
#1045 = EDGE_CURVE ( 'NONE', #5285, #386, #2147, .T. ) ;
#1046 =( NAMED_UNIT ( * ) SI_UNIT ( $, .STERADIAN. ) SOLID_ANGLE_UNIT ( ) );
#1047 = ORIENTED_EDGE ( 'NONE', *, *, #2765, .F. ) ;
#1048 = CARTESIAN_POINT ( 'NONE',  ( 1.000000000000000222, 0.0000000000000000000, 0.5356854249492378761 ) ) ;
#1049 = PLANE ( 'NONE',  #5260 ) ;
#1050 = ADVANCED_FACE ( 'NONE', ( #4720 ), #5786, .T. ) ;
#1051 = LINE ( 'NONE', #1217, #4466 ) ;
#1052 = DIRECTION ( 'NONE',  ( 0.0000000000000000000, -0.0000000000000000000, -1.000000000000000000 ) ) ;
#1053 = EDGE_CURVE ( 'NONE', #4987, #2305, #2643, .T. ) ;
#1054 = SURFACE_STYLE_USAGE ( .BOTH. , #2094 ) ;
#1055 = DIRECTION ( 'NONE',  ( -1.000000000000000000, -3.785333543925605834E-16, 0.0000000000000000000 ) ) ;
#1056 = COLOUR_RGB ( '',0.2000000000000000111, 0.2000000000000000111, 0.2000000000000000111 ) ;
#1057 = DIRECTION ( 'NONE',  ( 0.0000000000000000000, -0.0000000000000000000, -1.000000000000000000 ) ) ;
#1058 =( NAMED_UNIT ( * ) PLANE_ANGLE_UNIT ( ) SI_UNIT ( $, .RADIAN. ) );
#1059 = AXIS2_PLACEMENT_3D ( 'NONE', #2115, #5828, #2739 ) ;
#1060 = STYLED_ITEM ( 'NONE', ( #1780 ), #2633 ) ;
#1061 = VECTOR ( 'NONE', #5515, 1000.000000000000000 ) ;
#1062 = CARTESIAN_POINT ( 'NONE',  ( 0.9999999999999981126, 0.6500000000000000222, -0.4500000000000000111 ) ) ;
#1063 = LINE ( 'NONE', #6065, #6087 ) ;
#1064 = EDGE_CURVE ( 'NONE', #1325, #4893, #4961, .T. ) ;
#1065 = VECTOR ( 'NONE', #537, 1000.000000000000000 ) ;
#1066 = DIRECTION ( 'NONE',  ( 1.000000000000000000, 0.0000000000000000000, 0.0000000000000000000 ) ) ;
#1067 = DIRECTION ( 'NONE',  ( -1.000000000000000000, 0.0000000000000000000, 0.0000000000000000000 ) ) ;
#1068 = VECTOR ( 'NONE', #126, 1000.000000000000000 ) ;
#1069 = STYLED_ITEM ( 'NONE', ( #1606 ), #3055 ) ;
#1070 = EDGE_LOOP ( 'NONE', ( #6667, #5814, #3380 ) ) ;
#1071 = SURFACE_STYLE_FILL_AREA ( #4104 ) ;
#1072 = AXIS2_PLACEMENT_3D ( 'NONE', #1769, #1238, #5846 ) ;
#1073 = VECTOR ( 'NONE', #4077, 1000.000000000000000 ) ;
#1074 = CARTESIAN_POINT ( 'NONE',  ( 0.0000000000000000000, 0.0000000000000000000, -0.4500000000000000111 ) ) ;
#1075 = ORIENTED_EDGE ( 'NONE', *, *, #1715, .F. ) ;
#1076 = SURFACE_SIDE_STYLE ('',( #4587 ) ) ;
#1077 = CARTESIAN_POINT ( 'NONE',  ( -0.9999000000000002331, 0.2299999999999999545, -0.4500000000000000111 ) ) ;
#1078 = COLOUR_RGB ( '',0.2000000000000000111, 0.2000000000000000111, 0.2000000000000000111 ) ;
#1079 = ORIENTED_EDGE ( 'NONE', *, *, #1365, .F. ) ;
#1080 = CARTESIAN_POINT ( 'NONE',  ( 0.9999000000000002331, 0.2000000000000000944, -0.4500000000000000111 ) ) ;
#1081 = PLANE ( 'NONE',  #1412 ) ;
#1082 = ORIENTED_EDGE ( 'NONE', *, *, #3601, .T. ) ;
#1083 =( LENGTH_UNIT ( ) NAMED_UNIT ( * ) SI_UNIT ( .MILLI., .METRE. ) );
#1084 = SURFACE_SIDE_STYLE ('',( #3609 ) ) ;
#1085 = CARTESIAN_POINT ( 'NONE',  ( -0.9999000000000002331, 0.4200000000000000400, -0.07999999999999998779 ) ) ;
#1086 = LINE ( 'NONE', #4913, #1007 ) ;
#1087 = ORIENTED_EDGE ( 'NONE', *, *, #6082, .T. ) ;
#1088 = ADVANCED_FACE ( 'NONE', ( #2231 ), #2954, .T. ) ;
#1089 = ORIENTED_EDGE ( 'NONE', *, *, #6290, .T. ) ;
#1090 =( NAMED_UNIT ( * ) PLANE_ANGLE_UNIT ( ) SI_UNIT ( $, .RADIAN. ) );
#1091 = EDGE_CURVE ( 'NONE', #1487, #4486, #6101, .T. ) ;
#1092 = LINE ( 'NONE', #1821, #2976 ) ;
#1093 =( LENGTH_UNIT ( ) NAMED_UNIT ( * ) SI_UNIT ( .MILLI., .METRE. ) );
#1094 =( NAMED_UNIT ( * ) SI_UNIT ( $, .STERADIAN. ) SOLID_ANGLE_UNIT ( ) );
#1095 = DIRECTION ( 'NONE',  ( -1.000000000000000000, 0.0000000000000000000, 0.0000000000000000000 ) ) ;
#1096 = VERTEX_POINT ( 'NONE', #1355 ) ;
#1097 = ORIENTED_EDGE ( 'NONE', *, *, #3823, .T. ) ;
#1098 = SURFACE_SIDE_STYLE ('',( #4458 ) ) ;
#1099 =( GEOMETRIC_REPRESENTATION_CONTEXT ( 3 ) GLOBAL_UNCERTAINTY_ASSIGNED_CONTEXT ( ( #566 ) ) GLOBAL_UNIT_ASSIGNED_CONTEXT ( ( #79, #579, #4232 ) ) REPRESENTATION_CONTEXT ( 'NONE', 'WORKASPACE' ) );
#1100 = PLANE ( 'NONE',  #6265 ) ;
#1102 = STYLED_ITEM ( 'NONE', ( #3551 ), #906 ) ;
#1101 =( NAMED_UNIT ( * ) PLANE_ANGLE_UNIT ( ) SI_UNIT ( $, .RADIAN. ) );
#1103 = PRESENTATION_LAYER_ASSIGNMENT (  '', '', ( #6092 ) ) ;
#1104 = CARTESIAN_POINT ( 'NONE',  ( 0.5499999999999912736, 0.1499999999999997446, -0.4500000000000000111 ) ) ;
#1105 = ORIENTED_EDGE ( 'NONE', *, *, #4498, .T. ) ;
#1106 = CARTESIAN_POINT ( 'NONE',  ( 0.0000000000000000000, 0.2000000000000000944, -0.4500000000000000111 ) ) ;
#1107 = SURFACE_STYLE_FILL_AREA ( #5250 ) ;
#1108 = ORIENTED_EDGE ( 'NONE', *, *, #5514, .T. ) ;
#1109 = DIRECTION ( 'NONE',  ( -1.000000000000000000, 0.0000000000000000000, 0.0000000000000000000 ) ) ;
#1110 = EDGE_CURVE ( 'NONE', #2317, #3454, #3785, .T. ) ;
#1111 =( NAMED_UNIT ( * ) PLANE_ANGLE_UNIT ( ) SI_UNIT ( $, .RADIAN. ) );
#1112 = ORIENTED_EDGE ( 'NONE', *, *, #5217, .T. ) ;
#1113 = AXIS2_PLACEMENT_3D ( 'NONE', #105, #3749, #4757 ) ;
#1114 = MECHANICAL_DESIGN_GEOMETRIC_PRESENTATION_REPRESENTATION (  '', ( #2609 ), #2181 ) ;
#1115 = FILL_AREA_STYLE ('',( #5257 ) ) ;
#1116 = CARTESIAN_POINT ( 'NONE',  ( 0.0000000000000000000, 0.2000000000000000944, -0.4199999999999999845 ) ) ;
#1117 = CARTESIAN_POINT ( 'NONE',  ( -0.8864218330839792603, -0.4499999999999999001, -0.4500000000000000111 ) ) ;
#1118 = ADVANCED_FACE ( 'NONE', ( #5868 ), #6052, .F. ) ;
#1119 = DIRECTION ( 'NONE',  ( -0.0000000000000000000, -0.0000000000000000000, 1.000000000000000000 ) ) ;
#1120 = CARTESIAN_POINT ( 'NONE',  ( 0.8864218330839926940, 0.4499999999999999556, -0.04499999999999995670 ) ) ;
#1121 = SURFACE_STYLE_FILL_AREA ( #1395 ) ;
#1122 = VECTOR ( 'NONE', #4536, 1000.000000000000000 ) ;
#1123 = DIRECTION ( 'NONE',  ( 0.0000000000000000000, -0.0000000000000000000, 1.000000000000000000 ) ) ;
#1124 = DIRECTION ( 'NONE',  ( 0.0000000000000000000, 0.0000000000000000000, 1.000000000000000000 ) ) ;
#1125 = ORIENTED_EDGE ( 'NONE', *, *, #5923, .F. ) ;
#1126 = DIRECTION ( 'NONE',  ( 1.000000000000000000, -2.839000157944204375E-16, 0.0000000000000000000 ) ) ;
#1127 = AXIS2_PLACEMENT_3D ( 'NONE', #2563, #4584, #6155 ) ;
#1128 = CARTESIAN_POINT ( 'NONE',  ( -0.7499999999999997780, 0.9499999999999999556, -0.03000000000000002318 ) ) ;
#1129 = FILL_AREA_STYLE ('',( #1198 ) ) ;
#1130 = DIRECTION ( 'NONE',  ( 0.0000000000000000000, 0.0000000000000000000, -1.000000000000000000 ) ) ;
#1131 = DIRECTION ( 'NONE',  ( -0.0000000000000000000, -0.0000000000000000000, 1.000000000000000000 ) ) ;
#1132 = DIRECTION ( 'NONE',  ( -1.000000000000000000, 0.0000000000000000000, -0.0000000000000000000 ) ) ;
#1133 = PRESENTATION_STYLE_ASSIGNMENT (( #5061 ) ) ;
#1134 = ORIENTED_EDGE ( 'NONE', *, *, #2283, .F. ) ;
#1135 = COLOUR_RGB ( '',0.6470588235294117974, 0.5176470588235293491, 0.0000000000000000000 ) ;
#1136 = VECTOR ( 'NONE', #4519, 1000.000000000000000 ) ;
#1137 =( NAMED_UNIT ( * ) PLANE_ANGLE_UNIT ( ) SI_UNIT ( $, .RADIAN. ) );
#1138 = EDGE_CURVE ( 'NONE', #2426, #1805, #2628, .T. ) ;
#1139 = VECTOR ( 'NONE', #3576, 1000.000000000000000 ) ;
#1140 =( NAMED_UNIT ( * ) SI_UNIT ( $, .STERADIAN. ) SOLID_ANGLE_UNIT ( ) );
#1141 = MECHANICAL_DESIGN_GEOMETRIC_PRESENTATION_REPRESENTATION (  '', ( #5084 ), #3117 ) ;
#1142 = MECHANICAL_DESIGN_GEOMETRIC_PRESENTATION_REPRESENTATION (  '', ( #1927 ), #788 ) ;
#1143 = CIRCLE ( 'NONE', #3424, 0.05000000000000002359 ) ;
#1144 = DIRECTION ( 'NONE',  ( -1.000000000000000000, 0.0000000000000000000, 0.0000000000000000000 ) ) ;
#1145 = DIRECTION ( 'NONE',  ( 0.0000000000000000000, 1.000000000000000000, 0.0000000000000000000 ) ) ;
#1146 = EDGE_CURVE ( 'NONE', #3311, #5555, #1556, .T. ) ;
#1147 = DIRECTION ( 'NONE',  ( -0.0000000000000000000, -0.0000000000000000000, -1.000000000000000000 ) ) ;
#1148 = CARTESIAN_POINT ( 'NONE',  ( 0.5999999999999912070, 0.1500000000000001055, -0.4500000000000000111 ) ) ;
#1149 = VERTEX_POINT ( 'NONE', #5704 ) ;
#1150 = MECHANICAL_DESIGN_GEOMETRIC_PRESENTATION_REPRESENTATION (  '', ( #6479 ), #4618 ) ;
#1151 = SURFACE_STYLE_FILL_AREA ( #6651 ) ;
#1152 = FILL_AREA_STYLE_COLOUR ( '', #1315 ) ;
#1153 = FACE_OUTER_BOUND ( 'NONE', #4419, .T. ) ;
#1154 = UNCERTAINTY_MEASURE_WITH_UNIT (LENGTH_MEASURE( 1.000000000000000082E-05 ), #3180, 'distance_accuracy_value', 'NONE');
#1155 = SURFACE_STYLE_FILL_AREA ( #494 ) ;
#1156 = EDGE_LOOP ( 'NONE', ( #6131, #6527, #833, #4106 ) ) ;
#1157 = MECHANICAL_DESIGN_GEOMETRIC_PRESENTATION_REPRESENTATION (  '', ( #6154 ), #927 ) ;
#1158 = COLOUR_RGB ( '',0.6470588235294117974, 0.5176470588235293491, 0.0000000000000000000 ) ;
#1159 = ORIENTED_EDGE ( 'NONE', *, *, #3772, .F. ) ;
#1160 = ORIENTED_EDGE ( 'NONE', *, *, #5571, .F. ) ;
#1161 = PRESENTATION_STYLE_ASSIGNMENT (( #6067 ) ) ;
#1162 =( NAMED_UNIT ( * ) PLANE_ANGLE_UNIT ( ) SI_UNIT ( $, .RADIAN. ) );
#1163 = DIRECTION ( 'NONE',  ( 0.0000000000000000000, -0.0000000000000000000, -1.000000000000000000 ) ) ;
#1164 = ORIENTED_EDGE ( 'NONE', *, *, #4252, .T. ) ;
#1165 = CARTESIAN_POINT ( 'NONE',  ( -5.678000315888403574E-17, -0.1999999999999998446, -0.4500000000000000111 ) ) ;
#1166 = LINE ( 'NONE', #3156, #4730 ) ;
#1167 = ORIENTED_EDGE ( 'NONE', *, *, #5165, .F. ) ;
#1168 = COLOUR_RGB ( '',0.2000000000000000111, 0.2000000000000000111, 0.2000000000000000111 ) ;
#1169 = CYLINDRICAL_SURFACE ( 'NONE', #2786, 0.1999999999999999833 ) ;
#1170 = VERTEX_POINT ( 'NONE', #5653 ) ;
#1171 = MECHANICAL_DESIGN_GEOMETRIC_PRESENTATION_REPRESENTATION (  '', ( #4311 ), #4898 ) ;
#1172 = ORIENTED_EDGE ( 'NONE', *, *, #3277, .T. ) ;
#1173 = DIRECTION ( 'NONE',  ( -0.0000000000000000000, -0.0000000000000000000, 1.000000000000000000 ) ) ;
#1174 = ORIENTED_EDGE ( 'NONE', *, *, #5171, .T. ) ;
#1175 = DIRECTION ( 'NONE',  ( -0.0000000000000000000, -0.0000000000000000000, 1.000000000000000000 ) ) ;
#1176 = VECTOR ( 'NONE', #3069, 1000.000000000000000 ) ;
#1177 = LINE ( 'NONE', #2925, #1415 ) ;
#1178 = EDGE_LOOP ( 'NONE', ( #690, #895, #6102, #4229 ) ) ;
#1179 = DIRECTION ( 'NONE',  ( -0.0000000000000000000, -0.0000000000000000000, 1.000000000000000000 ) ) ;
#1180 = CARTESIAN_POINT ( 'NONE',  ( 0.1100000000000010553, 0.1100000000000010553, -0.4199999999999999845 ) ) ;
#1181 =( GEOMETRIC_REPRESENTATION_CONTEXT ( 3 ) GLOBAL_UNCERTAINTY_ASSIGNED_CONTEXT ( ( #250 ) ) GLOBAL_UNIT_ASSIGNED_CONTEXT ( ( #3355, #4332, #5893 ) ) REPRESENTATION_CONTEXT ( 'NONE', 'WORKASPACE' ) );
#1182 = CARTESIAN_POINT ( 'NONE',  ( -0.9999000000000002331, 0.8500000000000000888, -0.08000000000000001554 ) ) ;
#1183 = VERTEX_POINT ( 'NONE', #6231 ) ;
#1184 = EDGE_CURVE ( 'NONE', #6590, #1503, #1239, .T. ) ;
#1185 = SURFACE_SIDE_STYLE ('',( #4071 ) ) ;
#1186 = ORIENTED_EDGE ( 'NONE', *, *, #3409, .T. ) ;
#1187 = ORIENTED_EDGE ( 'NONE', *, *, #1329, .T. ) ;
#1188 = EDGE_LOOP ( 'NONE', ( #1816, #6577, #241, #1097, #2518 ) ) ;
#1189 = EDGE_CURVE ( 'NONE', #1370, #4177, #6271, .T. ) ;
#1190 = ADVANCED_FACE ( 'NONE', ( #3700 ), #4189, .F. ) ;
#1191 = DIRECTION ( 'NONE',  ( 0.0000000000000000000, -0.0000000000000000000, 1.000000000000000000 ) ) ;
#1192 = FILL_AREA_STYLE ('',( #1464 ) ) ;
#1194 = PRESENTATION_LAYER_ASSIGNMENT (  '', '', ( #2162 ) ) ;
#1193 = CARTESIAN_POINT ( 'NONE',  ( 0.5499999999999842792, -0.4999999999999998890, -0.4199999999999999845 ) ) ;
#1195 = STYLED_ITEM ( 'NONE', ( #3109 ), #2159 ) ;
#1196 = SURFACE_STYLE_USAGE ( .BOTH. , #2776 ) ;
#1197 = ORIENTED_EDGE ( 'NONE', *, *, #1309, .F. ) ;
#1198 = FILL_AREA_STYLE_COLOUR ( '', #263 ) ;
#1199 =( LENGTH_UNIT ( ) NAMED_UNIT ( * ) SI_UNIT ( .MILLI., .METRE. ) );
#1200 = CYLINDRICAL_SURFACE ( 'NONE', #2476, 0.2299999999999999545 ) ;
#1201 = EDGE_CURVE ( 'NONE', #4193, #3548, #6420, .T. ) ;
#1202 = FILL_AREA_STYLE_COLOUR ( '', #6116 ) ;
#1203 = DIRECTION ( 'NONE',  ( 1.000000000000000000, 0.0000000000000000000, 0.0000000000000000000 ) ) ;
#1204 = LINE ( 'NONE', #6543, #638 ) ;
#1205 = MECHANICAL_DESIGN_GEOMETRIC_PRESENTATION_REPRESENTATION (  '', ( #5502 ), #1895 ) ;
#1206 =( LENGTH_UNIT ( ) NAMED_UNIT ( * ) SI_UNIT ( .MILLI., .METRE. ) );
#1207 = AXIS2_PLACEMENT_3D ( 'NONE', #2670, #32, #3213 ) ;
#1208 = LINE ( 'NONE', #277, #1526 ) ;
#1209 = EDGE_LOOP ( 'NONE', ( #5162, #5212, #2757, #1795 ) ) ;
#1210 = CARTESIAN_POINT ( 'NONE',  ( -1.000000000000000222, -1.000000000000000000, 0.4199999999999999845 ) ) ;
#1211 = CARTESIAN_POINT ( 'NONE',  ( 0.9999000000000002331, -0.2299999782608685428, -0.4500000000000000111 ) ) ;
#1212 = LINE ( 'NONE', #2269, #6404 ) ;
#1213 = CARTESIAN_POINT ( 'NONE',  ( 0.5999999999999847677, -0.8499999999999999778, -0.4500000000000000111 ) ) ;
#1214 = VECTOR ( 'NONE', #4042, 1000.000000000000000 ) ;
#1215 =( GEOMETRIC_REPRESENTATION_CONTEXT ( 3 ) GLOBAL_UNCERTAINTY_ASSIGNED_CONTEXT ( ( #2458 ) ) GLOBAL_UNIT_ASSIGNED_CONTEXT ( ( #5083, #5107, #6573 ) ) REPRESENTATION_CONTEXT ( 'NONE', 'WORKASPACE' ) );
#1216 = FILL_AREA_STYLE_COLOUR ( '', #4167 ) ;
#1217 = CARTESIAN_POINT ( 'NONE',  ( 0.9999000000000002331, -0.2000000000000000111, -0.4500000000000000111 ) ) ;
#1218 = SURFACE_STYLE_USAGE ( .BOTH. , #233 ) ;
#1219 = EDGE_CURVE ( 'NONE', #1805, #1994, #3532, .T. ) ;
#1220 = DIRECTION ( 'NONE',  ( -0.0000000000000000000, -0.0000000000000000000, 1.000000000000000000 ) ) ;
#1221 = VECTOR ( 'NONE', #6692, 1000.000000000000000 ) ;
#1222 = ADVANCED_FACE ( 'NONE', ( #429 ), #1081, .F. ) ;
#1223 =( NAMED_UNIT ( * ) SI_UNIT ( $, .STERADIAN. ) SOLID_ANGLE_UNIT ( ) );
#1224 = PRESENTATION_STYLE_ASSIGNMENT (( #4991 ) ) ;
#1225 = AXIS2_PLACEMENT_3D ( 'NONE', #4155, #2602, #2533 ) ;
#1226 = COLOUR_RGB ( '',0.6470588235294117974, 0.5176470588235293491, 0.0000000000000000000 ) ;
#1227 = SURFACE_STYLE_USAGE ( .BOTH. , #5967 ) ;
#1228 = ORIENTED_EDGE ( 'NONE', *, *, #3072, .T. ) ;
#1229 = EDGE_CURVE ( 'NONE', #2808, #4433, #4326, .T. ) ;
#1230 = CARTESIAN_POINT ( 'NONE',  ( 0.9999000000000002331, -0.8799999999999998934, -0.04499999999999995670 ) ) ;
#1231 = FACE_OUTER_BOUND ( 'NONE', #5298, .T. ) ;
#1232 = PRESENTATION_LAYER_ASSIGNMENT (  '', '', ( #2851 ) ) ;
#1233 = MECHANICAL_DESIGN_GEOMETRIC_PRESENTATION_REPRESENTATION (  '', ( #3474 ), #1483 ) ;
#1234 = DIRECTION ( 'NONE',  ( -3.614007241618355673E-16, 1.000000000000000000, 0.0000000000000000000 ) ) ;
#1235 = SURFACE_SIDE_STYLE ('',( #5557 ) ) ;
#1236 = ORIENTED_EDGE ( 'NONE', *, *, #6597, .T. ) ;
#1237 = EDGE_CURVE ( 'NONE', #6318, #5466, #4552, .T. ) ;
#1238 = DIRECTION ( 'NONE',  ( 0.0000000000000000000, -1.000000000000000000, 0.0000000000000000000 ) ) ;
#1239 = CIRCLE ( 'NONE', #3201, 0.2299999999999999545 ) ;
#1240 = ORIENTED_EDGE ( 'NONE', *, *, #1773, .F. ) ;
#1241 = CARTESIAN_POINT ( 'NONE',  ( -0.9999000000000002331, -0.8499999999999999778, -0.08000000000000020983 ) ) ;
#1242 = UNCERTAINTY_MEASURE_WITH_UNIT (LENGTH_MEASURE( 1.000000000000000082E-05 ), #2062, 'distance_accuracy_value', 'NONE');
#1243 = LINE ( 'NONE', #2167, #2466 ) ;
#1244 = FILL_AREA_STYLE_COLOUR ( '', #701 ) ;
#1245 = AXIS2_PLACEMENT_3D ( 'NONE', #2731, #4294, #571 ) ;
#1246 = ORIENTED_EDGE ( 'NONE', *, *, #2648, .F. ) ;
#1247 =( NAMED_UNIT ( * ) PLANE_ANGLE_UNIT ( ) SI_UNIT ( $, .RADIAN. ) );
#1248 = CIRCLE ( 'NONE', #5036, 0.2299999999999999545 ) ;
#1249 = AXIS2_PLACEMENT_3D ( 'NONE', #358, #6524, #4475 ) ;
#1250 = VECTOR ( 'NONE', #875, 1000.000000000000000 ) ;
#1251 = ORIENTED_EDGE ( 'NONE', *, *, #5184, .F. ) ;
#1252 = ORIENTED_EDGE ( 'NONE', *, *, #2765, .T. ) ;
#1253 = PRESENTATION_LAYER_ASSIGNMENT (  '', '', ( #3584 ) ) ;
#1254 = ORIENTED_EDGE ( 'NONE', *, *, #5143, .F. ) ;
#1255 = FACE_OUTER_BOUND ( 'NONE', #5301, .T. ) ;
#1256 =( NAMED_UNIT ( * ) SI_UNIT ( $, .STERADIAN. ) SOLID_ANGLE_UNIT ( ) );
#1257 = ORIENTED_EDGE ( 'NONE', *, *, #1349, .T. ) ;
#1258 = CARTESIAN_POINT ( 'NONE',  ( -0.9999999999999844569, -0.6500000000000000222, -0.04499999999999995670 ) ) ;
#1259 =( LENGTH_UNIT ( ) NAMED_UNIT ( * ) SI_UNIT ( .MILLI., .METRE. ) );
#1260 = VECTOR ( 'NONE', #5975, 1000.000000000000000 ) ;
#1261 = ORIENTED_EDGE ( 'NONE', *, *, #2775, .T. ) ;
#1262 = MECHANICAL_DESIGN_GEOMETRIC_PRESENTATION_REPRESENTATION (  '', ( #311 ), #2874 ) ;
#1263 = ADVANCED_FACE ( 'NONE', ( #4952 ), #3234, .T. ) ;
#1264 = DIRECTION ( 'NONE',  ( -1.000000000000000000, -0.0000000000000000000, -0.0000000000000000000 ) ) ;
#1265 = PLANE ( 'NONE',  #6468 ) ;
#1266 = ORIENTED_EDGE ( 'NONE', *, *, #6397, .F. ) ;
#1267 = DIRECTION ( 'NONE',  ( -1.000000000000000000, -0.0000000000000000000, -0.0000000000000000000 ) ) ;
#1268 = VERTEX_POINT ( 'NONE', #559 ) ;
#1269 = LINE ( 'NONE', #727, #6296 ) ;
#1270 = FILL_AREA_STYLE ('',( #1307 ) ) ;
#1271 = FILL_AREA_STYLE ('',( #3869 ) ) ;
#1272 = CARTESIAN_POINT ( 'NONE',  ( -0.9999000000000002331, -0.4200000000000000400, -0.04499999999999995670 ) ) ;
#1273 = ORIENTED_EDGE ( 'NONE', *, *, #2634, .F. ) ;
#1274 = DIRECTION ( 'NONE',  ( 0.0000000000000000000, 0.0000000000000000000, -1.000000000000000000 ) ) ;
#1275 = EDGE_LOOP ( 'NONE', ( #6431, #3612, #772, #6294, #6146 ) ) ;
#1276 = EDGE_CURVE ( 'NONE', #4289, #1699, #2622, .T. ) ;
#1277 = VERTEX_POINT ( 'NONE', #578 ) ;
#1278 = ORIENTED_EDGE ( 'NONE', *, *, #1617, .T. ) ;
#1279 = DIRECTION ( 'NONE',  ( 0.0000000000000000000, 0.0000000000000000000, -1.000000000000000000 ) ) ;
#1280 = DIRECTION ( 'NONE',  ( 0.0000000000000000000, 0.0000000000000000000, -1.000000000000000000 ) ) ;
#1281 = VECTOR ( 'NONE', #4845, 1000.000000000000000 ) ;
#1282 = EDGE_CURVE ( 'NONE', #1657, #1277, #5282, .T. ) ;
#1283 = CARTESIAN_POINT ( 'NONE',  ( -0.8864218330839926940, 0.4499999999999999556, -0.04499999999999995670 ) ) ;
#1284 =( NAMED_UNIT ( * ) SI_UNIT ( $, .STERADIAN. ) SOLID_ANGLE_UNIT ( ) );
#1286 = AXIS2_PLACEMENT_3D ( 'NONE', #1037, #2697, #582 ) ;
#1285 = CARTESIAN_POINT ( 'NONE',  ( -0.8864218330839861437, 0.2000000000000000944, -0.4199999999999999845 ) ) ;
#1287 = COLOUR_RGB ( '',0.6470588235294117974, 0.5176470588235293491, 0.0000000000000000000 ) ;
#1288 =( LENGTH_UNIT ( ) NAMED_UNIT ( * ) SI_UNIT ( .MILLI., .METRE. ) );
#1289 = PRESENTATION_LAYER_ASSIGNMENT (  '', '', ( #6154 ) ) ;
#1290 = EDGE_CURVE ( 'NONE', #2831, #2409, #2048, .T. ) ;
#1291 = DIRECTION ( 'NONE',  ( -0.0000000000000000000, 1.000000000000000000, -0.0000000000000000000 ) ) ;
#1292 = PRESENTATION_STYLE_ASSIGNMENT (( #2377 ) ) ;
#1293 = DIRECTION ( 'NONE',  ( -1.000000000000000000, 4.440892098500626162E-15, 0.0000000000000000000 ) ) ;
#1294 = FILL_AREA_STYLE ('',( #3211 ) ) ;
#1295 = COLOUR_RGB ( '',0.6470588235294117974, 0.5176470588235293491, 0.0000000000000000000 ) ;
#1296 = VERTEX_POINT ( 'NONE', #4212 ) ;
#1297 = CARTESIAN_POINT ( 'NONE',  ( -1.000000000000000222, 0.0000000000000000000, -0.07999999999999998779 ) ) ;
#1298 =( GEOMETRIC_REPRESENTATION_CONTEXT ( 3 ) GLOBAL_UNCERTAINTY_ASSIGNED_CONTEXT ( ( #3052 ) ) GLOBAL_UNIT_ASSIGNED_CONTEXT ( ( #5929, #4414, #2902 ) ) REPRESENTATION_CONTEXT ( 'NONE', 'WORKASPACE' ) );
#1299 = DIRECTION ( 'NONE',  ( 0.0000000000000000000, 0.0000000000000000000, -1.000000000000000000 ) ) ;
#1300 = FILL_AREA_STYLE_COLOUR ( '', #2122 ) ;
#1301 = FACE_OUTER_BOUND ( 'NONE', #1507, .T. ) ;
#1302 = CARTESIAN_POINT ( 'NONE',  ( 0.5499999999999912736, 1.987703982890064017E-16, -0.4500000000000000111 ) ) ;
#1303 = LINE ( 'NONE', #6626, #1139 ) ;
#1304 = CARTESIAN_POINT ( 'NONE',  ( 0.5999999999999846567, -0.4499999999999999001, -0.4500000000000000111 ) ) ;
#1305 = STYLED_ITEM ( 'NONE', ( #5176 ), #6159 ) ;
#1306 = ORIENTED_EDGE ( 'NONE', *, *, #5091, .F. ) ;
#1307 = FILL_AREA_STYLE_COLOUR ( '', #160 ) ;
#1308 = DIRECTION ( 'NONE',  ( 0.0000000000000000000, 0.0000000000000000000, -1.000000000000000000 ) ) ;
#1309 = EDGE_CURVE ( 'NONE', #6176, #3795, #2790, .T. ) ;
#1310 = CIRCLE ( 'NONE', #2214, 0.1999999999999999833 ) ;
#1311 =( NAMED_UNIT ( * ) PLANE_ANGLE_UNIT ( ) SI_UNIT ( $, .RADIAN. ) );
#1312 =( LENGTH_UNIT ( ) NAMED_UNIT ( * ) SI_UNIT ( .MILLI., .METRE. ) );
#1313 = SURFACE_STYLE_USAGE ( .BOTH. , #2237 ) ;
#1314 = ORIENTED_EDGE ( 'NONE', *, *, #842, .F. ) ;
#1315 = COLOUR_RGB ( '',0.6470588235294117974, 0.5176470588235293491, 0.0000000000000000000 ) ;
#1316 = AXIS2_PLACEMENT_3D ( 'NONE', #2049, #2085, #502 ) ;
#1317 = VECTOR ( 'NONE', #4728, 1000.000000000000000 ) ;
#1318 = CARTESIAN_POINT ( 'NONE',  ( 0.5499999999999843903, -0.7999999999999996003, -0.04499999999999995670 ) ) ;
#1320 = CIRCLE ( 'NONE', #2351, 0.1999999999999999833 ) ;
#1319 = CARTESIAN_POINT ( 'NONE',  ( 0.8864218330839929161, 0.8500000000000000888, -0.08000000000000001554 ) ) ;
#1321 =( GEOMETRIC_REPRESENTATION_CONTEXT ( 3 ) GLOBAL_UNCERTAINTY_ASSIGNED_CONTEXT ( ( #2083 ) ) GLOBAL_UNIT_ASSIGNED_CONTEXT ( ( #5392, #5918, #735 ) ) REPRESENTATION_CONTEXT ( 'NONE', 'WORKASPACE' ) );
#1322 = MECHANICAL_DESIGN_GEOMETRIC_PRESENTATION_REPRESENTATION (  '', ( #6092 ), #2938 ) ;
#1323 = VERTEX_POINT ( 'NONE', #1622 ) ;
#1324 = VERTEX_POINT ( 'NONE', #5756 ) ;
#1325 = VERTEX_POINT ( 'NONE', #5253 ) ;
#1326 = FILL_AREA_STYLE_COLOUR ( '', #2423 ) ;
#1327 = DIRECTION ( 'NONE',  ( -1.000000000000000000, 0.0000000000000000000, 0.0000000000000000000 ) ) ;
#1328 = ORIENTED_EDGE ( 'NONE', *, *, #4960, .F. ) ;
#1329 = EDGE_CURVE ( 'NONE', #4038, #276, #662, .T. ) ;
#1330 =( LENGTH_UNIT ( ) NAMED_UNIT ( * ) SI_UNIT ( .MILLI., .METRE. ) );
#1331 = VECTOR ( 'NONE', #6679, 1000.000000000000000 ) ;
#1332 = VERTEX_POINT ( 'NONE', #631 ) ;
#1333 = DIRECTION ( 'NONE',  ( -1.000000000000000000, 0.0000000000000000000, 0.0000000000000000000 ) ) ;
#1334 = DIRECTION ( 'NONE',  ( 0.0000000000000000000, 0.0000000000000000000, -1.000000000000000000 ) ) ;
#1335 = ORIENTED_EDGE ( 'NONE', *, *, #3107, .F. ) ;
#1336 = STYLED_ITEM ( 'NONE', ( #4950 ), #2009 ) ;
#1337 = UNCERTAINTY_MEASURE_WITH_UNIT (LENGTH_MEASURE( 1.000000000000000082E-05 ), #93, 'distance_accuracy_value', 'NONE');
#1338 = FILL_AREA_STYLE ('',( #850 ) ) ;
#1339 = FACE_OUTER_BOUND ( 'NONE', #4733, .T. ) ;
#1340 = CARTESIAN_POINT ( 'NONE',  ( -0.8864218330839792603, -0.4499999999999999001, -0.4199999999999999845 ) ) ;
#1341 = ORIENTED_EDGE ( 'NONE', *, *, #3685, .F. ) ;
#1342 = FILL_AREA_STYLE ('',( #5492 ) ) ;
#1343 = CARTESIAN_POINT ( 'NONE',  ( 3.217533512336763874E-16, -0.8499999999999997558, -0.04499999999999995670 ) ) ;
#1344 = CARTESIAN_POINT ( 'NONE',  ( -0.8864218330839790383, -0.8499999999999999778, -0.04499999999999995670 ) ) ;
#1345 = AXIS2_PLACEMENT_3D ( 'NONE', #4035, #6127, #5296 ) ;
#1346 = ORIENTED_EDGE ( 'NONE', *, *, #661, .F. ) ;
#1347 = APPLICATION_CONTEXT ( 'automotive_design' ) ;
#1348 =( LENGTH_UNIT ( ) NAMED_UNIT ( * ) SI_UNIT ( .MILLI., .METRE. ) );
#1349 = EDGE_CURVE ( 'NONE', #4807, #6034, #5455, .T. ) ;
#1350 = SURFACE_SIDE_STYLE ('',( #4785 ) ) ;
#1351 = VERTEX_POINT ( 'NONE', #1128 ) ;
#1352 = FACE_OUTER_BOUND ( 'NONE', #6201, .T. ) ;
#1353 = CYLINDRICAL_SURFACE ( 'NONE', #4805, 0.2299999999999999545 ) ;
#1354 = SURFACE_SIDE_STYLE ('',( #2772 ) ) ;
#1355 = CARTESIAN_POINT ( 'NONE',  ( 0.5999999999999984235, 0.4500000000000000111, -0.4500000000000000111 ) ) ;
#1356 = DIRECTION ( 'NONE',  ( 0.0000000000000000000, 0.0000000000000000000, 1.000000000000000000 ) ) ;
#1357 = DIRECTION ( 'NONE',  ( -1.000000000000000000, 0.0000000000000000000, 0.0000000000000000000 ) ) ;
#1358 = ORIENTED_EDGE ( 'NONE', *, *, #5617, .T. ) ;
#1359 = EDGE_CURVE ( 'NONE', #4496, #5043, #1722, .T. ) ;
#1360 = AXIS2_PLACEMENT_3D ( 'NONE', #6345, #4316, #210 ) ;
#1361 = STYLED_ITEM ( 'NONE', ( #5487 ), #3499 ) ;
#1362 =( LENGTH_UNIT ( ) NAMED_UNIT ( * ) SI_UNIT ( .MILLI., .METRE. ) );
#1363 = ADVANCED_FACE ( 'NONE', ( #1231 ), #115, .T. ) ;
#1364 = VECTOR ( 'NONE', #2587, 1000.000000000000000 ) ;
#1365 = EDGE_CURVE ( 'NONE', #2196, #111, #1638, .T. ) ;
#1367 = PRESENTATION_LAYER_ASSIGNMENT (  '', '', ( #2818 ) ) ;
#1366 = CARTESIAN_POINT ( 'NONE',  ( -0.9999999999999844569, -0.6500000000000000222, -0.04499999999999995670 ) ) ;
#1368 = ORIENTED_EDGE ( 'NONE', *, *, #1365, .T. ) ;
#1369 = PRESENTATION_STYLE_ASSIGNMENT (( #5990 ) ) ;
#1370 = VERTEX_POINT ( 'NONE', #2080 ) ;
#1371 = CYLINDRICAL_SURFACE ( 'NONE', #1345, 0.05000000000000002359 ) ;
#1372 = COLOUR_RGB ( '',0.2000000000000000111, 0.2000000000000000111, 0.2000000000000000111 ) ;
#1373 = AXIS2_PLACEMENT_3D ( 'NONE', #5199, #1145, #1123 ) ;
#1374 = CARTESIAN_POINT ( 'NONE',  ( -0.9999999999999844569, -0.6500000000000000222, -0.04499999999999995670 ) ) ;
#1375 = STYLED_ITEM ( 'NONE', ( #3455 ), #4270 ) ;
#1376 = COLOUR_RGB ( '',0.6470588235294117974, 0.5176470588235293491, 0.0000000000000000000 ) ;
#1377 = CARTESIAN_POINT ( 'NONE',  ( -1.000000000000000222, 1.000000000000000000, 0.4199999999999999845 ) ) ;
#1378 = LINE ( 'NONE', #5121, #1214 ) ;
#1379 =( LENGTH_UNIT ( ) NAMED_UNIT ( * ) SI_UNIT ( .MILLI., .METRE. ) );
#1380 = DIRECTION ( 'NONE',  ( -1.000000000000000000, 0.0000000000000000000, 0.0000000000000000000 ) ) ;
#1381 = ADVANCED_FACE ( 'NONE', ( #658 ), #4098, .F. ) ;
#1382 = CARTESIAN_POINT ( 'NONE',  ( -0.9999999999999844569, -0.6500000000000000222, -0.08000000000000001554 ) ) ;
#1383 = PRESENTATION_STYLE_ASSIGNMENT (( #3205 ) ) ;
#1384 = CARTESIAN_POINT ( 'NONE',  ( 0.9999999999999993339, -1.000000000000000000, -0.08000000000000004330 ) ) ;
#1385 = CARTESIAN_POINT ( 'NONE',  ( -0.9999000000000002331, -0.8799999999999998934, -0.04499999999999995670 ) ) ;
#1386 = VECTOR ( 'NONE', #1685, 1000.000000000000000 ) ;
#1387 = UNCERTAINTY_MEASURE_WITH_UNIT (LENGTH_MEASURE( 1.000000000000000082E-05 ), #4360, 'distance_accuracy_value', 'NONE');
#1388 = CARTESIAN_POINT ( 'NONE',  ( 0.5499999999999912736, 0.1499999999999997446, -0.4500000000000000111 ) ) ;
#1389 = CARTESIAN_POINT ( 'NONE',  ( 0.8864218330839926940, 0.4499999999999999001, -0.4500000000000000111 ) ) ;
#1390 =( GEOMETRIC_REPRESENTATION_CONTEXT ( 3 ) GLOBAL_UNCERTAINTY_ASSIGNED_CONTEXT ( ( #4556 ) ) GLOBAL_UNIT_ASSIGNED_CONTEXT ( ( #6496, #814, #2375 ) ) REPRESENTATION_CONTEXT ( 'NONE', 'WORKASPACE' ) );
#1391 = VECTOR ( 'NONE', #4680, 1000.000000000000000 ) ;
#1392 = CARTESIAN_POINT ( 'NONE',  ( 1.000000000000000222, 0.0000000000000000000, -0.4500000000000000111 ) ) ;
#1393 = COLOUR_RGB ( '',0.2000000000000000111, 0.2000000000000000111, 0.2000000000000000111 ) ;
#1394 = EDGE_CURVE ( 'NONE', #6598, #4630, #1310, .T. ) ;
#1395 = FILL_AREA_STYLE ('',( #4508 ) ) ;
#1396 = SURFACE_STYLE_USAGE ( .BOTH. , #4001 ) ;
#1397 = SURFACE_STYLE_FILL_AREA ( #4194 ) ;
#1398 = EDGE_LOOP ( 'NONE', ( #4570, #3087, #4834, #291, #3879 ) ) ;
#1399 = CARTESIAN_POINT ( 'NONE',  ( 0.9999999999999997780, -0.9499999999999999556, -0.03000000000000002318 ) ) ;
#1400 = DIRECTION ( 'NONE',  ( -1.000000000000000000, 0.0000000000000000000, -0.0000000000000000000 ) ) ;
#1401 = LINE ( 'NONE', #6, #4010 ) ;
#1402 = LINE ( 'NONE', #6145, #3702 ) ;
#1403 = ORIENTED_EDGE ( 'NONE', *, *, #3469, .F. ) ;
#1404 = LINE ( 'NONE', #681, #1572 ) ;
#1405 = EDGE_CURVE ( 'NONE', #4064, #6395, #1634, .T. ) ;
#1406 = DIRECTION ( 'NONE',  ( 1.000000000000000000, 0.0000000000000000000, 0.0000000000000000000 ) ) ;
#1407 = DIRECTION ( 'NONE',  ( -0.0000000000000000000, -0.0000000000000000000, 1.000000000000000000 ) ) ;
#1408 = CIRCLE ( 'NONE', #5905, 0.2299999999999999545 ) ;
#1409 = ORIENTED_EDGE ( 'NONE', *, *, #2975, .F. ) ;
#1410 = UNCERTAINTY_MEASURE_WITH_UNIT (LENGTH_MEASURE( 1.000000000000000082E-05 ), #213, 'distance_accuracy_value', 'NONE');
#1411 = LINE ( 'NONE', #6088, #129 ) ;
#1412 = AXIS2_PLACEMENT_3D ( 'NONE', #78, #5729, #3255 ) ;
#1413 = ORIENTED_EDGE ( 'NONE', *, *, #490, .F. ) ;
#1414 = MECHANICAL_DESIGN_GEOMETRIC_PRESENTATION_REPRESENTATION (  '', ( #1060 ), #2118 ) ;
#1415 = VECTOR ( 'NONE', #3973, 1000.000000000000000 ) ;
#1416 = ORIENTED_EDGE ( 'NONE', *, *, #419, .T. ) ;
#1417 = SURFACE_SIDE_STYLE ('',( #919 ) ) ;
#1418 = EDGE_CURVE ( 'NONE', #3552, #6034, #4398, .T. ) ;
#1419 = CARTESIAN_POINT ( 'NONE',  ( 0.5999999999999980904, 0.5000000000000000000, -0.4500000000000000111 ) ) ;
#1420 = ORIENTED_EDGE ( 'NONE', *, *, #5528, .F. ) ;
#1421 = CARTESIAN_POINT ( 'NONE',  ( 0.0000000000000000000, 0.0000000000000000000, -0.4500000000000000111 ) ) ;
#1422 = DIRECTION ( 'NONE',  ( 0.0000000000000000000, 0.0000000000000000000, 1.000000000000000000 ) ) ;
#1423 = PRESENTATION_LAYER_ASSIGNMENT (  '', '', ( #5150 ) ) ;
#1424 = EDGE_LOOP ( 'NONE', ( #3290, #3191, #5359, #4346 ) ) ;
#1425 = CARTESIAN_POINT ( 'NONE',  ( 5.678000315888403574E-17, -0.1999999999999998446, -0.4199999999999999845 ) ) ;
#1426 = ORIENTED_EDGE ( 'NONE', *, *, #4919, .T. ) ;
#1427 = ORIENTED_EDGE ( 'NONE', *, *, #37, .F. ) ;
#1428 = DIRECTION ( 'NONE',  ( -0.9977342784929575936, 0.06727785311777789712, 0.0000000000000000000 ) ) ;
#1429 = CIRCLE ( 'NONE', #6411, 0.2000000000000000944 ) ;
#1430 = ADVANCED_FACE ( 'NONE', ( #3529 ), #4492, .T. ) ;
#1431 = STYLED_ITEM ( 'NONE', ( #6545 ), #5822 ) ;
#1432 = EDGE_LOOP ( 'NONE', ( #4967, #1669, #2559, #2327 ) ) ;
#1433 = DIRECTION ( 'NONE',  ( -0.0000000000000000000, -0.0000000000000000000, -1.000000000000000000 ) ) ;
#1434 =( NAMED_UNIT ( * ) SI_UNIT ( $, .STERADIAN. ) SOLID_ANGLE_UNIT ( ) );
#1435 = EDGE_CURVE ( 'NONE', #276, #2315, #6011, .T. ) ;
#1436 =( LENGTH_UNIT ( ) NAMED_UNIT ( * ) SI_UNIT ( .MILLI., .METRE. ) );
#1437 = SURFACE_STYLE_USAGE ( .BOTH. , #3530 ) ;
#1438 = SURFACE_STYLE_FILL_AREA ( #3199 ) ;
#1439 = SURFACE_SIDE_STYLE ('',( #6396 ) ) ;
#1440 = UNCERTAINTY_MEASURE_WITH_UNIT (LENGTH_MEASURE( 1.000000000000000082E-05 ), #834, 'distance_accuracy_value', 'NONE');
#1441 =( LENGTH_UNIT ( ) NAMED_UNIT ( * ) SI_UNIT ( .MILLI., .METRE. ) );
#1442 = PRESENTATION_STYLE_ASSIGNMENT (( #2126 ) ) ;
#1443 = AXIS2_PLACEMENT_3D ( 'NONE', #5328, #5714, #2244 ) ;
#1444 = CYLINDRICAL_SURFACE ( 'NONE', #3104, 0.1999999999999999833 ) ;
#1445 = DIRECTION ( 'NONE',  ( -1.000000000000000000, 0.0000000000000000000, 0.0000000000000000000 ) ) ;
#1446 = FILL_AREA_STYLE_COLOUR ( '', #790 ) ;
#1447 = EDGE_CURVE ( 'NONE', #3806, #1325, #3692, .T. ) ;
#1448 = FACE_OUTER_BOUND ( 'NONE', #619, .T. ) ;
#1449 = COLOUR_RGB ( '',0.6470588235294117974, 0.5176470588235293491, 0.0000000000000000000 ) ;
#1450 = VECTOR ( 'NONE', #2288, 1000.000000000000000 ) ;
#1452 = STYLED_ITEM ( 'NONE', ( #3106 ), #1631 ) ;
#1451 = PLANE ( 'NONE',  #6689 ) ;
#1453 = CARTESIAN_POINT ( 'NONE',  ( 0.9998000000000003551, 0.8799999999999998934, -0.08000000000000020983 ) ) ;
#1454 = DIRECTION ( 'NONE',  ( -0.0000000000000000000, -0.0000000000000000000, -1.000000000000000000 ) ) ;
#1455 = MECHANICAL_DESIGN_GEOMETRIC_PRESENTATION_REPRESENTATION (  '', ( #3617 ), #6447 ) ;
#1456 = LINE ( 'NONE', #5477, #1621 ) ;
#1457 = DIRECTION ( 'NONE',  ( -1.000000000000000000, -3.620040642689491324E-15, 0.0000000000000000000 ) ) ;
#1458 = DIRECTION ( 'NONE',  ( -0.0000000000000000000, -0.0000000000000000000, 1.000000000000000000 ) ) ;
#1459 = MECHANICAL_DESIGN_GEOMETRIC_PRESENTATION_REPRESENTATION (  '', ( #507 ), #641 ) ;
#1460 = PLANE ( 'NONE',  #851 ) ;
#1461 = ADVANCED_FACE ( 'NONE', ( #6181 ), #5467, .T. ) ;
#1462 = CARTESIAN_POINT ( 'NONE',  ( 1.000000000000006883, -0.6500000000000000222, 0.5356854249492378761 ) ) ;
#1463 = SURFACE_STYLE_FILL_AREA ( #3458 ) ;
#1464 = FILL_AREA_STYLE_COLOUR ( '', #4779 ) ;
#1465 = CARTESIAN_POINT ( 'NONE',  ( -0.9998000000000003551, -0.9998000000000001330, -0.4199999999999999845 ) ) ;
#1466 =( GEOMETRIC_REPRESENTATION_CONTEXT ( 3 ) GLOBAL_UNCERTAINTY_ASSIGNED_CONTEXT ( ( #5636 ) ) GLOBAL_UNIT_ASSIGNED_CONTEXT ( ( #2974, #897, #4518 ) ) REPRESENTATION_CONTEXT ( 'NONE', 'WORKASPACE' ) );
#1467 = CYLINDRICAL_SURFACE ( 'NONE', #2915, 0.2299999999999999545 ) ;
#1468 = VECTOR ( 'NONE', #2512, 1000.000000000000000 ) ;
#1469 = SURFACE_STYLE_FILL_AREA ( #2068 ) ;
#1470 = CARTESIAN_POINT ( 'NONE',  ( -0.7499999999999997780, -0.9499999999999999556, -0.08000000000000001554 ) ) ;
#1471 = CARTESIAN_POINT ( 'NONE',  ( 3.217533512336763874E-16, -0.8499999999999997558, -0.4500000000000000111 ) ) ;
#1472 = CARTESIAN_POINT ( 'NONE',  ( 1.000000000000000222, 0.0000000000000000000, 0.5356854249492378761 ) ) ;
#1473 = ORIENTED_EDGE ( 'NONE', *, *, #4166, .T. ) ;
#1474 = UNCERTAINTY_MEASURE_WITH_UNIT (LENGTH_MEASURE( 1.000000000000000082E-05 ), #5079, 'distance_accuracy_value', 'NONE');
#1475 = LINE ( 'NONE', #4054, #6583 ) ;
#1476 = ORIENTED_EDGE ( 'NONE', *, *, #500, .F. ) ;
#1477 = VERTEX_POINT ( 'NONE', #106 ) ;
#1478 = ORIENTED_EDGE ( 'NONE', *, *, #5498, .F. ) ;
#1479 = PRESENTATION_STYLE_ASSIGNMENT (( #188 ) ) ;
#1480 = EDGE_CURVE ( 'NONE', #2475, #2074, #5598, .T. ) ;
#1481 = DIRECTION ( 'NONE',  ( -1.000000000000000000, 0.0000000000000000000, 0.0000000000000000000 ) ) ;
#1482 = STYLED_ITEM ( 'NONE', ( #5193 ), #479 ) ;
#1483 =( GEOMETRIC_REPRESENTATION_CONTEXT ( 3 ) GLOBAL_UNCERTAINTY_ASSIGNED_CONTEXT ( ( #1488 ) ) GLOBAL_UNIT_ASSIGNED_CONTEXT ( ( #6647, #3578, #2449 ) ) REPRESENTATION_CONTEXT ( 'NONE', 'WORKASPACE' ) );
#1484 = SURFACE_STYLE_USAGE ( .BOTH. , #4592 ) ;
#1485 = VECTOR ( 'NONE', #5610, 1000.000000000000000 ) ;
#1486 = LINE ( 'NONE', #5525, #2240 ) ;
#1487 = VERTEX_POINT ( 'NONE', #542 ) ;
#1488 = UNCERTAINTY_MEASURE_WITH_UNIT (LENGTH_MEASURE( 1.000000000000000082E-05 ), #6647, 'distance_accuracy_value', 'NONE');
#1489 = ORIENTED_EDGE ( 'NONE', *, *, #2103, .T. ) ;
#1490 = ORIENTED_EDGE ( 'NONE', *, *, #6474, .T. ) ;
#1491 = EDGE_CURVE ( 'NONE', #3546, #999, #6339, .T. ) ;
#1492 = LINE ( 'NONE', #6603, #3640 ) ;
#1493 = ORIENTED_EDGE ( 'NONE', *, *, #2103, .F. ) ;
#1494 = ADVANCED_FACE ( 'NONE', ( #4088 ), #3212, .F. ) ;
#1495 =( GEOMETRIC_REPRESENTATION_CONTEXT ( 3 ) GLOBAL_UNCERTAINTY_ASSIGNED_CONTEXT ( ( #1154 ) ) GLOBAL_UNIT_ASSIGNED_CONTEXT ( ( #3180, #6319, #4678 ) ) REPRESENTATION_CONTEXT ( 'NONE', 'WORKASPACE' ) );
#1496 = VERTEX_POINT ( 'NONE', #5160 ) ;
#1497 = DIRECTION ( 'NONE',  ( -1.000000000000000000, 8.881784197001254296E-16, 0.0000000000000000000 ) ) ;
#1498 = SURFACE_STYLE_USAGE ( .BOTH. , #4132 ) ;
#1499 = LINE ( 'NONE', #3316, #611 ) ;
#1500 =( GEOMETRIC_REPRESENTATION_CONTEXT ( 3 ) GLOBAL_UNCERTAINTY_ASSIGNED_CONTEXT ( ( #696 ) ) GLOBAL_UNIT_ASSIGNED_CONTEXT ( ( #1206, #1137, #6380 ) ) REPRESENTATION_CONTEXT ( 'NONE', 'WORKASPACE' ) );
#1501 = DIRECTION ( 'NONE',  ( -1.000000000000000000, -3.785333543925605834E-16, 0.0000000000000000000 ) ) ;
#1502 = DIRECTION ( 'NONE',  ( 0.0000000000000000000, 0.0000000000000000000, -1.000000000000000000 ) ) ;
#1503 = VERTEX_POINT ( 'NONE', #3809 ) ;
#1504 = ORIENTED_EDGE ( 'NONE', *, *, #3371, .F. ) ;
#1505 = DIRECTION ( 'NONE',  ( 0.0000000000000000000, 0.0000000000000000000, 1.000000000000000000 ) ) ;
#1506 =( NAMED_UNIT ( * ) SI_UNIT ( $, .STERADIAN. ) SOLID_ANGLE_UNIT ( ) );
#1507 = EDGE_LOOP ( 'NONE', ( #363, #5222, #6690 ) ) ;
#1508 =( NAMED_UNIT ( * ) SI_UNIT ( $, .STERADIAN. ) SOLID_ANGLE_UNIT ( ) );
#1509 = ORIENTED_EDGE ( 'NONE', *, *, #4951, .T. ) ;
#1510 = STYLED_ITEM ( 'NONE', ( #5363 ), #5094 ) ;
#1511 = DIRECTION ( 'NONE',  ( 0.0000000000000000000, 0.0000000000000000000, -1.000000000000000000 ) ) ;
#1512 = DIRECTION ( 'NONE',  ( 0.06727785311777789712, 0.9977342784929575936, -0.0000000000000000000 ) ) ;
#1513 = ORIENTED_EDGE ( 'NONE', *, *, #371, .F. ) ;
#1514 = VECTOR ( 'NONE', #1264, 1000.000000000000000 ) ;
#1515 = VECTOR ( 'NONE', #3907, 1000.000000000000000 ) ;
#1516 = AXIS2_PLACEMENT_3D ( 'NONE', #2665, #6227, #3691 ) ;
#1517 = CARTESIAN_POINT ( 'NONE',  ( -0.6299999999999980060, 0.8500000000000000888, -0.4500000000000000111 ) ) ;
#1518 = EDGE_CURVE ( 'NONE', #1726, #6055, #2453, .T. ) ;
#1519 = DIRECTION ( 'NONE',  ( 0.0000000000000000000, -1.000000000000000000, 0.0000000000000000000 ) ) ;
#1520 = PRESENTATION_STYLE_ASSIGNMENT (( #2252 ) ) ;
#1521 = DIRECTION ( 'NONE',  ( 3.620040642689491324E-15, -1.000000000000000000, 0.0000000000000000000 ) ) ;
#1522 = UNCERTAINTY_MEASURE_WITH_UNIT (LENGTH_MEASURE( 1.000000000000000082E-05 ), #2540, 'distance_accuracy_value', 'NONE');
#1523 = ADVANCED_FACE ( 'NONE', ( #2617 ), #141, .F. ) ;
#1524 = CARTESIAN_POINT ( 'NONE',  ( -0.9999000000000002331, -0.2000000000000000111, -0.4500000000000000111 ) ) ;
#1525 = ORIENTED_EDGE ( 'NONE', *, *, #661, .T. ) ;
#1526 = VECTOR ( 'NONE', #3765, 1000.000000000000000 ) ;
#1527 = AXIS2_PLACEMENT_3D ( 'NONE', #1106, #2075, #3724 ) ;
#1528 =( LENGTH_UNIT ( ) NAMED_UNIT ( * ) SI_UNIT ( .MILLI., .METRE. ) );
#1529 = VERTEX_POINT ( 'NONE', #2217 ) ;
#1530 = FILL_AREA_STYLE_COLOUR ( '', #2058 ) ;
#1531 = CARTESIAN_POINT ( 'NONE',  ( 0.9999000000000002331, 0.4499999999999999556, -0.08000000000000001554 ) ) ;
#1532 = AXIS2_PLACEMENT_3D ( 'NONE', #5832, #2766, #4381 ) ;
#1533 = MECHANICAL_DESIGN_GEOMETRIC_PRESENTATION_REPRESENTATION (  '', ( #837 ), #5844 ) ;
#1534 = SURFACE_STYLE_FILL_AREA ( #3755 ) ;
#1535 = DIRECTION ( 'NONE',  ( 0.0000000000000000000, 0.0000000000000000000, -1.000000000000000000 ) ) ;
#1536 = DIRECTION ( 'NONE',  ( 0.0000000000000000000, 0.0000000000000000000, -1.000000000000000000 ) ) ;
#1537 = VECTOR ( 'NONE', #5995, 1000.000000000000000 ) ;
#1538 = EDGE_CURVE ( 'NONE', #1566, #5043, #1303, .T. ) ;
#1539 = VECTOR ( 'NONE', #4179, 1000.000000000000000 ) ;
#1540 =( LENGTH_UNIT ( ) NAMED_UNIT ( * ) SI_UNIT ( .MILLI., .METRE. ) );
#1541 = COLOUR_RGB ( '',0.6470588235294117974, 0.5176470588235293491, 0.0000000000000000000 ) ;
#1542 = SURFACE_STYLE_USAGE ( .BOTH. , #4667 ) ;
#1543 = CARTESIAN_POINT ( 'NONE',  ( 0.9999999999999844569, -0.6500000000000000222, -0.04499999999999995670 ) ) ;
#1544 = LINE ( 'NONE', #5318, #4628 ) ;
#1545 = MECHANICAL_DESIGN_GEOMETRIC_PRESENTATION_REPRESENTATION (  '', ( #3176 ), #6205 ) ;
#1546 = SURFACE_STYLE_USAGE ( .BOTH. , #1991 ) ;
#1547 = STYLED_ITEM ( 'NONE', ( #6658 ), #4716 ) ;
#1548 = DIRECTION ( 'NONE',  ( 0.0000000000000000000, 0.0000000000000000000, -1.000000000000000000 ) ) ;
#1549 = FILL_AREA_STYLE_COLOUR ( '', #4011 ) ;
#1550 = LINE ( 'NONE', #786, #5524 ) ;
#1551 = VECTOR ( 'NONE', #3337, 1000.000000000000000 ) ;
#1552 = SURFACE_STYLE_USAGE ( .BOTH. , #5011 ) ;
#1553 = PLANE ( 'NONE',  #6187 ) ;
#1554 = ORIENTED_EDGE ( 'NONE', *, *, #5937, .T. ) ;
#1555 = EDGE_LOOP ( 'NONE', ( #3545, #5476, #3144, #1236 ) ) ;
#1556 = LINE ( 'NONE', #6212, #2141 ) ;
#1557 = SURFACE_SIDE_STYLE ('',( #1397 ) ) ;
#1558 = ORIENTED_EDGE ( 'NONE', *, *, #1110, .T. ) ;
#1559 = PRESENTATION_LAYER_ASSIGNMENT (  '', '', ( #2003 ) ) ;
#1560 = FACE_OUTER_BOUND ( 'NONE', #3448, .T. ) ;
#1561 = ADVANCED_FACE ( 'NONE', ( #3112 ), #5098, .T. ) ;
#1562 = ORIENTED_EDGE ( 'NONE', *, *, #1923, .F. ) ;
#1563 = EDGE_CURVE ( 'NONE', #2262, #3932, #5926, .T. ) ;
#1564 = VECTOR ( 'NONE', #4687, 1000.000000000000000 ) ;
#1565 = VERTEX_POINT ( 'NONE', #420 ) ;
#1566 = VERTEX_POINT ( 'NONE', #6644 ) ;
#1567 = ORIENTED_EDGE ( 'NONE', *, *, #6441, .T. ) ;
#1568 =( NAMED_UNIT ( * ) SI_UNIT ( $, .STERADIAN. ) SOLID_ANGLE_UNIT ( ) );
#1569 =( LENGTH_UNIT ( ) NAMED_UNIT ( * ) SI_UNIT ( .MILLI., .METRE. ) );
#1570 = SURFACE_STYLE_USAGE ( .BOTH. , #4692 ) ;
#1571 = EDGE_CURVE ( 'NONE', #5630, #6387, #726, .T. ) ;
#1572 = VECTOR ( 'NONE', #3190, 1000.000000000000000 ) ;
#1573 = EDGE_LOOP ( 'NONE', ( #679, #5978, #3307, #2967 ) ) ;
#1574 = EDGE_CURVE ( 'NONE', #6162, #306, #2128, .T. ) ;
#1575 = DIRECTION ( 'NONE',  ( -0.0000000000000000000, -0.0000000000000000000, 1.000000000000000000 ) ) ;
#1576 = MECHANICAL_DESIGN_GEOMETRIC_PRESENTATION_REPRESENTATION (  '', ( #3472 ), #116 ) ;
#1577 = AXIS2_PLACEMENT_3D ( 'NONE', #2492, #382, #1933 ) ;
#1578 = FILL_AREA_STYLE_COLOUR ( '', #3997 ) ;
#1579 = DIRECTION ( 'NONE',  ( 0.0000000000000000000, 1.000000000000000000, 0.0000000000000000000 ) ) ;
#1580 =( NAMED_UNIT ( * ) SI_UNIT ( $, .STERADIAN. ) SOLID_ANGLE_UNIT ( ) );
#1581 =( NAMED_UNIT ( * ) SI_UNIT ( $, .STERADIAN. ) SOLID_ANGLE_UNIT ( ) );
#1582 = ORIENTED_EDGE ( 'NONE', *, *, #3089, .T. ) ;
#1583 = EDGE_CURVE ( 'NONE', #3059, #3739, #1624, .T. ) ;
#1584 = CARTESIAN_POINT ( 'NONE',  ( 0.9998000000000003551, 0.8799999999999998934, -0.08000000000000020983 ) ) ;
#1585 =( LENGTH_UNIT ( ) NAMED_UNIT ( * ) SI_UNIT ( .MILLI., .METRE. ) );
#1586 = CARTESIAN_POINT ( 'NONE',  ( -0.9999000000000002331, -0.4500000000000000111, -0.04499999999999995670 ) ) ;
#1587 = PRESENTATION_LAYER_ASSIGNMENT (  '', '', ( #3483 ) ) ;
#1588 = ORIENTED_EDGE ( 'NONE', *, *, #236, .F. ) ;
#1589 = MECHANICAL_DESIGN_GEOMETRIC_PRESENTATION_REPRESENTATION (  '', ( #2084 ), #5660 ) ;
#1590 = CARTESIAN_POINT ( 'NONE',  ( -0.9999000000000002331, 0.2299999999999999545, -0.4500000000000000111 ) ) ;
#1591 = COLOUR_RGB ( '',0.6470588235294117974, 0.5176470588235293491, 0.0000000000000000000 ) ;
#1592 = EDGE_LOOP ( 'NONE', ( #3964, #125, #583, #1567, #3857, #2101, #5488, #5563 ) ) ;
#1593 = MECHANICAL_DESIGN_GEOMETRIC_PRESENTATION_REPRESENTATION (  '', ( #4810 ), #2754 ) ;
#1594 =( LENGTH_UNIT ( ) NAMED_UNIT ( * ) SI_UNIT ( .MILLI., .METRE. ) );
#1595 =( NAMED_UNIT ( * ) PLANE_ANGLE_UNIT ( ) SI_UNIT ( $, .RADIAN. ) );
#1596 = VERTEX_POINT ( 'NONE', #3616 ) ;
#1597 = ADVANCED_FACE ( 'NONE', ( #3031 ), #972, .T. ) ;
#1598 = SURFACE_STYLE_FILL_AREA ( #3248 ) ;
#1599 = CARTESIAN_POINT ( 'NONE',  ( -0.9999000000000002331, 0.4200000000000000400, -0.4199999999999999845 ) ) ;
#1600 =( NAMED_UNIT ( * ) SI_UNIT ( $, .STERADIAN. ) SOLID_ANGLE_UNIT ( ) );
#1601 = SURFACE_SIDE_STYLE ('',( #4918 ) ) ;
#1602 = AXIS2_PLACEMENT_3D ( 'NONE', #2789, #175, #721 ) ;
#1603 =( NAMED_UNIT ( * ) SI_UNIT ( $, .STERADIAN. ) SOLID_ANGLE_UNIT ( ) );
#1604 = SURFACE_STYLE_USAGE ( .BOTH. , #4679 ) ;
#1605 = PRESENTATION_STYLE_ASSIGNMENT (( #5648 ) ) ;
#1606 = PRESENTATION_STYLE_ASSIGNMENT (( #4885 ) ) ;
#1607 = FILL_AREA_STYLE_COLOUR ( '', #2629 ) ;
#1608 = LINE ( 'NONE', #1956, #6241 ) ;
#1609 =( GEOMETRIC_REPRESENTATION_CONTEXT ( 3 ) GLOBAL_UNCERTAINTY_ASSIGNED_CONTEXT ( ( #1242 ) ) GLOBAL_UNIT_ASSIGNED_CONTEXT ( ( #2062, #5697, #2568 ) ) REPRESENTATION_CONTEXT ( 'NONE', 'WORKASPACE' ) );
#1610 = CARTESIAN_POINT ( 'NONE',  ( 0.8864218330839929161, 0.8500000000000000888, -0.04499999999999995670 ) ) ;
#1611 = EDGE_CURVE ( 'NONE', #2315, #5149, #1051, .T. ) ;
#1612 = ORIENTED_EDGE ( 'NONE', *, *, #113, .F. ) ;
#1613 = FILL_AREA_STYLE_COLOUR ( '', #4736 ) ;
#1614 = LINE ( 'NONE', #4351, #6473 ) ;
#1615 =( NAMED_UNIT ( * ) PLANE_ANGLE_UNIT ( ) SI_UNIT ( $, .RADIAN. ) );
#1616 = CARTESIAN_POINT ( 'NONE',  ( -0.9999000000000002331, 0.4499999999999999556, -0.4500000000000000111 ) ) ;
#1617 = EDGE_CURVE ( 'NONE', #2538, #2504, #5014, .T. ) ;
#1618 = LINE ( 'NONE', #5767, #491 ) ;
#1619 = DIRECTION ( 'NONE',  ( 0.0000000000000000000, -1.000000000000000000, 0.0000000000000000000 ) ) ;
#1620 = CARTESIAN_POINT ( 'NONE',  ( 0.9999000000000002331, -0.2299999999999999545, -0.08000000000000004330 ) ) ;
#1621 = VECTOR ( 'NONE', #316, 1000.000000000000000 ) ;
#1622 = CARTESIAN_POINT ( 'NONE',  ( -0.8864218330839859217, -0.2000000000000000944, -0.4500000000000000111 ) ) ;
#1623 = CARTESIAN_POINT ( 'NONE',  ( -0.5499999999999842792, -0.5000000000000002220, -0.4199999999999999845 ) ) ;
#1624 = LINE ( 'NONE', #3091, #1713 ) ;
#1625 =( GEOMETRIC_REPRESENTATION_CONTEXT ( 3 ) GLOBAL_UNCERTAINTY_ASSIGNED_CONTEXT ( ( #3996 ) ) GLOBAL_UNIT_ASSIGNED_CONTEXT ( ( #5665, #5170, #1663 ) ) REPRESENTATION_CONTEXT ( 'NONE', 'WORKASPACE' ) );
#1626 = DIRECTION ( 'NONE',  ( 0.0000000000000000000, 1.000000000000000000, 0.0000000000000000000 ) ) ;
#1627 =( NAMED_UNIT ( * ) SI_UNIT ( $, .STERADIAN. ) SOLID_ANGLE_UNIT ( ) );
#1628 = SURFACE_SIDE_STYLE ('',( #3359 ) ) ;
#1629 = PRESENTATION_STYLE_ASSIGNMENT (( #3923 ) ) ;
#1630 = DIRECTION ( 'NONE',  ( 0.0000000000000000000, 1.000000000000000000, -0.0000000000000000000 ) ) ;
#1631 = ADVANCED_FACE ( 'NONE', ( #5848 ), #1944, .T. ) ;
#1632 = MECHANICAL_DESIGN_GEOMETRIC_PRESENTATION_REPRESENTATION (  '', ( #6486 ), #2343 ) ;
#1633 = EDGE_CURVE ( 'NONE', #5879, #528, #413, .T. ) ;
#1634 = CIRCLE ( 'NONE', #2337, 0.2299999999999999545 ) ;
#1635 = CIRCLE ( 'NONE', #6297, 0.2299999999999999545 ) ;
#1636 = DIRECTION ( 'NONE',  ( 1.000000000000000000, -4.813857645835640495E-12, 0.0000000000000000000 ) ) ;
#1637 = CARTESIAN_POINT ( 'NONE',  ( 0.8000000000000001554, 0.0000000000000000000, -0.4500000000000000111 ) ) ;
#1638 = LINE ( 'NONE', #6673, #1468 ) ;
#1639 = PRESENTATION_STYLE_ASSIGNMENT (( #2594 ) ) ;
#1640 = SURFACE_STYLE_FILL_AREA ( #26 ) ;
#1641 = ORIENTED_EDGE ( 'NONE', *, *, #5850, .T. ) ;
#1642 = DIRECTION ( 'NONE',  ( -1.000000000000000000, -1.885568995626964730E-15, 0.0000000000000000000 ) ) ;
#1643 = DIRECTION ( 'NONE',  ( 1.000000000000000000, -0.0000000000000000000, -0.0000000000000000000 ) ) ;
#1644 = DIRECTION ( 'NONE',  ( -1.000000000000000000, 0.0000000000000000000, 0.0000000000000000000 ) ) ;
#1645 = DIRECTION ( 'NONE',  ( -0.0000000000000000000, -0.0000000000000000000, 1.000000000000000000 ) ) ;
#1646 = VERTEX_POINT ( 'NONE', #710 ) ;
#1647 = SURFACE_SIDE_STYLE ('',( #3613 ) ) ;
#1648 = SURFACE_SIDE_STYLE ('',( #497 ) ) ;
#1649 = SURFACE_STYLE_FILL_AREA ( #4830 ) ;
#1650 = ORIENTED_EDGE ( 'NONE', *, *, #1053, .F. ) ;
#1651 = CARTESIAN_POINT ( 'NONE',  ( 0.1100000000000010553, 0.1100000000000010553, -0.4500000000000000111 ) ) ;
#1652 = AXIS2_PLACEMENT_3D ( 'NONE', #6531, #849, #4421 ) ;
#1653 = ADVANCED_BREP_SHAPE_REPRESENTATION ( 'VEML6030', ( #372, #3845 ), #3768 ) ;
#1655 =( NAMED_UNIT ( * ) PLANE_ANGLE_UNIT ( ) SI_UNIT ( $, .RADIAN. ) );
#1654 = CIRCLE ( 'NONE', #4572, 0.05000000000000002359 ) ;
#1656 = ORIENTED_EDGE ( 'NONE', *, *, #2469, .F. ) ;
#1657 = VERTEX_POINT ( 'NONE', #1784 ) ;
#1658 = CARTESIAN_POINT ( 'NONE',  ( 0.5499999999999979350, 0.7999999999999997113, -0.04499999999999995670 ) ) ;
#1659 = EDGE_CURVE ( 'NONE', #669, #1324, #3602, .T. ) ;
#1660 = FACE_OUTER_BOUND ( 'NONE', #5546, .T. ) ;
#1661 = DIRECTION ( 'NONE',  ( -1.000000000000000000, 0.0000000000000000000, 0.0000000000000000000 ) ) ;
#1662 = DIRECTION ( 'NONE',  ( 0.0000000000000000000, 0.0000000000000000000, 1.000000000000000000 ) ) ;
#1663 =( NAMED_UNIT ( * ) SI_UNIT ( $, .STERADIAN. ) SOLID_ANGLE_UNIT ( ) );
#1664 = STYLED_ITEM ( 'NONE', ( #1723 ), #218 ) ;
#1665 = ADVANCED_FACE ( 'NONE', ( #564 ), #3991, .T. ) ;
#1667 = PRESENTATION_LAYER_ASSIGNMENT (  '', '', ( #1102 ) ) ;
#1666 = FILL_AREA_STYLE_COLOUR ( '', #3075 ) ;
#1668 = PRESENTATION_LAYER_ASSIGNMENT (  '', '', ( #6436 ) ) ;
#1669 = ORIENTED_EDGE ( 'NONE', *, *, #6267, .T. ) ;
#1670 = ORIENTED_EDGE ( 'NONE', *, *, #3893, .T. ) ;
#1671 = DIRECTION ( 'NONE',  ( -1.000000000000000000, 0.0000000000000000000, 0.0000000000000000000 ) ) ;
#1672 = DIRECTION ( 'NONE',  ( 0.0000000000000000000, 0.0000000000000000000, -1.000000000000000000 ) ) ;
#1673 = FACE_OUTER_BOUND ( 'NONE', #3637, .T. ) ;
#1674 = ORIENTED_EDGE ( 'NONE', *, *, #17, .T. ) ;
#1675 = SURFACE_STYLE_USAGE ( .BOTH. , #1719 ) ;
#1676 = ORIENTED_EDGE ( 'NONE', *, *, #6685, .T. ) ;
#1677 = EDGE_CURVE ( 'NONE', #6162, #2964, #6250, .T. ) ;
#1678 = DIRECTION ( 'NONE',  ( -1.000000000000000000, 0.0000000000000000000, 0.0000000000000000000 ) ) ;
#1679 = PRESENTATION_LAYER_ASSIGNMENT (  '', '', ( #1336 ) ) ;
#1680 = PRESENTATION_LAYER_ASSIGNMENT (  '', '', ( #29 ) ) ;
#1681 = DIRECTION ( 'NONE',  ( 0.0000000000000000000, 1.000000000000000000, -0.0000000000000000000 ) ) ;
#1682 = AXIS2_PLACEMENT_3D ( 'NONE', #2716, #675, #3792 ) ;
#1683 = DIRECTION ( 'NONE',  ( 0.0000000000000000000, 1.000000000000000000, 0.0000000000000000000 ) ) ;
#1684 = COLOUR_RGB ( '',0.6470588235294117974, 0.5176470588235293491, 0.0000000000000000000 ) ;
#1685 = DIRECTION ( 'NONE',  ( 1.000000000000000000, -2.839000157944204375E-16, 0.0000000000000000000 ) ) ;
#1686 = SURFACE_SIDE_STYLE ('',( #1438 ) ) ;
#1687 = CARTESIAN_POINT ( 'NONE',  ( 0.7499999999999997780, -0.9499999999999999556, -0.03000000000000002318 ) ) ;
#1688 = SURFACE_STYLE_FILL_AREA ( #909 ) ;
#1689 = PRESENTATION_STYLE_ASSIGNMENT (( #1546 ) ) ;
#1690 = UNCERTAINTY_MEASURE_WITH_UNIT (LENGTH_MEASURE( 1.000000000000000082E-05 ), #341, 'distance_accuracy_value', 'NONE');
#1691 = DIRECTION ( 'NONE',  ( -1.000000000000000000, 0.0000000000000000000, 0.0000000000000000000 ) ) ;
#1692 = AXIS2_PLACEMENT_3D ( 'NONE', #1343, #4957, #6538 ) ;
#1693 = DIRECTION ( 'NONE',  ( -0.0000000000000000000, -0.0000000000000000000, 1.000000000000000000 ) ) ;
#1694 = COLOUR_RGB ( '',0.6470588235294117974, 0.5176470588235293491, 0.0000000000000000000 ) ;
#1695 = EDGE_CURVE ( 'NONE', #4097, #4987, #5350, .T. ) ;
#1696 =( LENGTH_UNIT ( ) NAMED_UNIT ( * ) SI_UNIT ( .MILLI., .METRE. ) );
#1697 = ORIENTED_EDGE ( 'NONE', *, *, #273, .F. ) ;
#1698 = COLOUR_RGB ( '',0.6470588235294117974, 0.5176470588235293491, 0.0000000000000000000 ) ;
#1699 = VERTEX_POINT ( 'NONE', #692 ) ;
#1700 = CARTESIAN_POINT ( 'NONE',  ( 0.0000000000000000000, -0.4499999999999999001, -0.4500000000000000111 ) ) ;
#1701 = UNCERTAINTY_MEASURE_WITH_UNIT (LENGTH_MEASURE( 1.000000000000000082E-05 ), #3270, 'distance_accuracy_value', 'NONE');
#1702 = ADVANCED_FACE ( 'NONE', ( #6334 ), #2297, .F. ) ;
#1703 = LINE ( 'NONE', #3332, #2603 ) ;
#1704 = LINE ( 'NONE', #4627, #4315 ) ;
#1705 = CARTESIAN_POINT ( 'NONE',  ( -0.9999000000000002331, -0.8499999999999999778, -0.04499999999999995670 ) ) ;
#1706 =( LENGTH_UNIT ( ) NAMED_UNIT ( * ) SI_UNIT ( .MILLI., .METRE. ) );
#1707 = EDGE_CURVE ( 'NONE', #6202, #682, #4864, .T. ) ;
#1708 = SURFACE_STYLE_FILL_AREA ( #1271 ) ;
#1709 = AXIS2_PLACEMENT_3D ( 'NONE', #5933, #2843, #6443 ) ;
#1710 = PRESENTATION_LAYER_ASSIGNMENT (  '', '', ( #327 ) ) ;
#1711 = PRESENTATION_STYLE_ASSIGNMENT (( #2470 ) ) ;
#1712 = VECTOR ( 'NONE', #2138, 1000.000000000000000 ) ;
#1713 = VECTOR ( 'NONE', #5640, 1000.000000000000000 ) ;
#1714 = FILL_AREA_STYLE ('',( #6385 ) ) ;
#1715 = EDGE_CURVE ( 'NONE', #5034, #6219, #3516, .T. ) ;
#1716 =( LENGTH_UNIT ( ) NAMED_UNIT ( * ) SI_UNIT ( .MILLI., .METRE. ) );
#1717 = PRESENTATION_STYLE_ASSIGNMENT (( #5871 ) ) ;
#1718 = VECTOR ( 'NONE', #3357, 1000.000000000000000 ) ;
#1719 = SURFACE_SIDE_STYLE ('',( #5679 ) ) ;
#1720 =( GEOMETRIC_REPRESENTATION_CONTEXT ( 3 ) GLOBAL_UNCERTAINTY_ASSIGNED_CONTEXT ( ( #5302 ) ) GLOBAL_UNIT_ASSIGNED_CONTEXT ( ( #3344, #5873, #1747 ) ) REPRESENTATION_CONTEXT ( 'NONE', 'WORKASPACE' ) );
#1721 = DIRECTION ( 'NONE',  ( 1.000000000000000000, 0.0000000000000000000, 0.0000000000000000000 ) ) ;
#1722 = CIRCLE ( 'NONE', #673, 0.2299999999999999545 ) ;
#1723 = PRESENTATION_STYLE_ASSIGNMENT (( #1498 ) ) ;
#1724 = SURFACE_STYLE_FILL_AREA ( #4701 ) ;
#1725 = MECHANICAL_DESIGN_GEOMETRIC_PRESENTATION_REPRESENTATION (  '', ( #1375 ), #4853 ) ;
#1726 = VERTEX_POINT ( 'NONE', #1283 ) ;
#1727 = PRESENTATION_STYLE_ASSIGNMENT (( #5661 ) ) ;
#1728 = CARTESIAN_POINT ( 'NONE',  ( 0.9999000000000002331, 0.0000000000000000000, 0.0000000000000000000 ) ) ;
#1729 = CARTESIAN_POINT ( 'NONE',  ( -0.7500000000000002220, 0.8500000000000000888, -0.04499999999999995670 ) ) ;
#1730 = ORIENTED_EDGE ( 'NONE', *, *, #532, .F. ) ;
#1731 = VERTEX_POINT ( 'NONE', #5403 ) ;
#1732 = VECTOR ( 'NONE', #6450, 1000.000000000000000 ) ;
#1733 = ORIENTED_EDGE ( 'NONE', *, *, #5790, .T. ) ;
#1734 =( NAMED_UNIT ( * ) SI_UNIT ( $, .STERADIAN. ) SOLID_ANGLE_UNIT ( ) );
#1735 = PRESENTATION_LAYER_ASSIGNMENT (  '', '', ( #311 ) ) ;
#1736 = ADVANCED_FACE ( 'NONE', ( #6079 ), #1763, .F. ) ;
#1737 = ORIENTED_EDGE ( 'NONE', *, *, #3848, .F. ) ;
#1738 = DIRECTION ( 'NONE',  ( -0.0000000000000000000, -0.0000000000000000000, -1.000000000000000000 ) ) ;
#1739 = CARTESIAN_POINT ( 'NONE',  ( 0.7500000000000002220, -0.1999999999999999833, -0.08000000000000001554 ) ) ;
#1740 = VERTEX_POINT ( 'NONE', #4370 ) ;
#1741 = SURFACE_STYLE_FILL_AREA ( #4086 ) ;
#1742 = ORIENTED_EDGE ( 'NONE', *, *, #5398, .T. ) ;
#1743 = UNCERTAINTY_MEASURE_WITH_UNIT (LENGTH_MEASURE( 1.000000000000000082E-05 ), #4750, 'distance_accuracy_value', 'NONE');
#1744 = PRESENTATION_STYLE_ASSIGNMENT (( #1777 ) ) ;
#1745 = VERTEX_POINT ( 'NONE', #1794 ) ;
#1746 =( NAMED_UNIT ( * ) SI_UNIT ( $, .STERADIAN. ) SOLID_ANGLE_UNIT ( ) );
#1747 =( NAMED_UNIT ( * ) SI_UNIT ( $, .STERADIAN. ) SOLID_ANGLE_UNIT ( ) );
#1748 =( NAMED_UNIT ( * ) PLANE_ANGLE_UNIT ( ) SI_UNIT ( $, .RADIAN. ) );
#1749 = CARTESIAN_POINT ( 'NONE',  ( -0.7500000000000002220, 0.4499999999999999556, -0.04499999999999995670 ) ) ;
#1750 = ORIENTED_EDGE ( 'NONE', *, *, #1009, .T. ) ;
#1751 = STYLED_ITEM ( 'NONE', ( #73 ), #6640 ) ;
#1752 = DIRECTION ( 'NONE',  ( 0.0000000000000000000, 0.0000000000000000000, 1.000000000000000000 ) ) ;
#1753 = ORIENTED_EDGE ( 'NONE', *, *, #3791, .F. ) ;
#1754 = EDGE_CURVE ( 'NONE', #1740, #5602, #2445, .T. ) ;
#1755 = ORIENTED_EDGE ( 'NONE', *, *, #2631, .F. ) ;
#1756 = DIRECTION ( 'NONE',  ( 0.0000000000000000000, 0.0000000000000000000, -1.000000000000000000 ) ) ;
#1757 = VECTOR ( 'NONE', #5800, 1000.000000000000000 ) ;
#1758 = ORIENTED_EDGE ( 'NONE', *, *, #5740, .T. ) ;
#1759 = CARTESIAN_POINT ( 'NONE',  ( -1.183987422138584655, -0.8675801256908811654, -0.08000000000000020983 ) ) ;
#1760 = ORIENTED_EDGE ( 'NONE', *, *, #1189, .T. ) ;
#1761 = ORIENTED_EDGE ( 'NONE', *, *, #6507, .F. ) ;
#1762 = EDGE_CURVE ( 'NONE', #1565, #2808, #3102, .T. ) ;
#1763 = PLANE ( 'NONE',  #3579 ) ;
#1764 = ORIENTED_EDGE ( 'NONE', *, *, #3252, .T. ) ;
#1765 = CARTESIAN_POINT ( 'NONE',  ( 0.7500000000000002220, 0.8500000000000000888, -0.04499999999999995670 ) ) ;
#1767 = AXIS2_PLACEMENT_3D ( 'NONE', #2748, #3376, #2349 ) ;
#1766 = CARTESIAN_POINT ( 'NONE',  ( 0.9999999999999981126, 0.6500000000000000222, 0.5356854249492378761 ) ) ;
#1768 =( GEOMETRIC_REPRESENTATION_CONTEXT ( 3 ) GLOBAL_UNCERTAINTY_ASSIGNED_CONTEXT ( ( #4133 ) ) GLOBAL_UNIT_ASSIGNED_CONTEXT ( ( #2604, #926, #4560 ) ) REPRESENTATION_CONTEXT ( 'NONE', 'WORKASPACE' ) );
#1769 = CARTESIAN_POINT ( 'NONE',  ( 0.9998000000000003551, 0.8799999999999998934, 2.137469317664817847 ) ) ;
#1770 = VERTEX_POINT ( 'NONE', #2815 ) ;
#1771 = DIRECTION ( 'NONE',  ( 0.0000000000000000000, 0.0000000000000000000, -1.000000000000000000 ) ) ;
#1772 = FILL_AREA_STYLE ('',( #148 ) ) ;
#1773 = EDGE_CURVE ( 'NONE', #61, #5806, #2024, .T. ) ;
#1774 = CARTESIAN_POINT ( 'NONE',  ( 0.9999000000000002331, -0.8799999999999998934, -0.04499999999999995670 ) ) ;
#1775 = FACE_OUTER_BOUND ( 'NONE', #449, .T. ) ;
#1776 = PRESENTATION_LAYER_ASSIGNMENT (  '', '', ( #1069 ) ) ;
#1777 = SURFACE_STYLE_USAGE ( .BOTH. , #4872 ) ;
#1778 = STYLED_ITEM ( 'NONE', ( #2799 ), #4857 ) ;
#1779 = PLANE ( 'NONE',  #5291 ) ;
#1780 = PRESENTATION_STYLE_ASSIGNMENT (( #2715 ) ) ;
#1781 = FILL_AREA_STYLE_COLOUR ( '', #4394 ) ;
#1782 = AXIS2_PLACEMENT_3D ( 'NONE', #2487, #3522, #6096 ) ;
#1783 =( NAMED_UNIT ( * ) SI_UNIT ( $, .STERADIAN. ) SOLID_ANGLE_UNIT ( ) );
#1784 = CARTESIAN_POINT ( 'NONE',  ( 0.9999999999999997780, -0.9499999999999999556, -0.08000000000000001554 ) ) ;
#1785 =( NAMED_UNIT ( * ) SI_UNIT ( $, .STERADIAN. ) SOLID_ANGLE_UNIT ( ) );
#1786 = COLOUR_RGB ( '',1.000000000000000000, 1.000000000000000000, 1.000000000000000000 ) ;
#1787 = EDGE_CURVE ( 'NONE', #3507, #4761, #1614, .T. ) ;
#1788 = LINE ( 'NONE', #5596, #6262 ) ;
#1789 = COLOUR_RGB ( '',0.6470588235294117974, 0.5176470588235293491, 0.0000000000000000000 ) ;
#1790 =( LENGTH_UNIT ( ) NAMED_UNIT ( * ) SI_UNIT ( .MILLI., .METRE. ) );
#1791 = SURFACE_STYLE_FILL_AREA ( #997 ) ;
#1792 = AXIS2_PLACEMENT_3D ( 'NONE', #2848, #1807, #6532 ) ;
#1793 =( GEOMETRIC_REPRESENTATION_CONTEXT ( 3 ) GLOBAL_UNCERTAINTY_ASSIGNED_CONTEXT ( ( #1387 ) ) GLOBAL_UNIT_ASSIGNED_CONTEXT ( ( #4360, #3833, #1223 ) ) REPRESENTATION_CONTEXT ( 'NONE', 'WORKASPACE' ) );
#1794 = CARTESIAN_POINT ( 'NONE',  ( 1.000000000000000222, -0.4200000000000000400, -0.4199999999999999845 ) ) ;
#1795 = ORIENTED_EDGE ( 'NONE', *, *, #4375, .T. ) ;
#1796 = SURFACE_STYLE_USAGE ( .BOTH. , #3860 ) ;
#1797 = CARTESIAN_POINT ( 'NONE',  ( 0.9998000000000003551, -0.8799999999999998934, 2.137469317664817847 ) ) ;
#1798 = EDGE_CURVE ( 'NONE', #377, #5240, #1703, .T. ) ;
#1799 = DIRECTION ( 'NONE',  ( 0.0000000000000000000, 0.0000000000000000000, 1.000000000000000000 ) ) ;
#1800 = SURFACE_STYLE_FILL_AREA ( #3208 ) ;
#1801 = LINE ( 'NONE', #4168, #5529 ) ;
#1802 = CARTESIAN_POINT ( 'NONE',  ( -1.000000000000000222, -0.4200000000000000400, -0.4199999999999999845 ) ) ;
#1803 = CYLINDRICAL_SURFACE ( 'NONE', #3177, 0.2299999999999999545 ) ;
#1804 = AXIS2_PLACEMENT_3D ( 'NONE', #5341, #1458, #464 ) ;
#1805 = VERTEX_POINT ( 'NONE', #5449 ) ;
#1806 = DIRECTION ( 'NONE',  ( 3.620040642689491324E-15, 1.000000000000000000, -0.0000000000000000000 ) ) ;
#1807 = DIRECTION ( 'NONE',  ( 0.0000000000000000000, 0.0000000000000000000, -1.000000000000000000 ) ) ;
#1808 = ORIENTED_EDGE ( 'NONE', *, *, #3107, .T. ) ;
#1809 = PRESENTATION_STYLE_ASSIGNMENT (( #2646 ) ) ;
#1810 = PRESENTATION_LAYER_ASSIGNMENT (  '', '', ( #1547 ) ) ;
#1811 = ORIENTED_EDGE ( 'NONE', *, *, #1563, .F. ) ;
#1812 = VECTOR ( 'NONE', #585, 1000.000000000000000 ) ;
#1813 = VECTOR ( 'NONE', #5016, 1000.000000000000000 ) ;
#1814 = VERTEX_POINT ( 'NONE', #3289 ) ;
#1815 = DIRECTION ( 'NONE',  ( -0.0000000000000000000, -0.0000000000000000000, -1.000000000000000000 ) ) ;
#1816 = ORIENTED_EDGE ( 'NONE', *, *, #1955, .F. ) ;
#1817 =( GEOMETRIC_REPRESENTATION_CONTEXT ( 3 ) GLOBAL_UNCERTAINTY_ASSIGNED_CONTEXT ( ( #6149 ) ) GLOBAL_UNIT_ASSIGNED_CONTEXT ( ( #1569, #3138, #5688 ) ) REPRESENTATION_CONTEXT ( 'NONE', 'WORKASPACE' ) );
#1818 = UNCERTAINTY_MEASURE_WITH_UNIT (LENGTH_MEASURE( 1.000000000000000082E-05 ), #2755, 'distance_accuracy_value', 'NONE');
#1819 = COLOUR_RGB ( '',0.2000000000000000111, 0.2000000000000000111, 0.2000000000000000111 ) ;
#1820 =( LENGTH_UNIT ( ) NAMED_UNIT ( * ) SI_UNIT ( .MILLI., .METRE. ) );
#1821 = CARTESIAN_POINT ( 'NONE',  ( 0.9999000000000002331, -0.2000000000000000111, -0.4500000000000000111 ) ) ;
#1822 = PLANE ( 'NONE',  #4982 ) ;
#1823 = CARTESIAN_POINT ( 'NONE',  ( 0.9999000000000002331, 0.8500000000000000888, -0.04499999999999995670 ) ) ;
#1824 = ORIENTED_EDGE ( 'NONE', *, *, #6685, .F. ) ;
#1825 = CARTESIAN_POINT ( 'NONE',  ( 1.000000000000006883, -0.6500000000000000222, -0.4500000000000000111 ) ) ;
#1826 = CARTESIAN_POINT ( 'NONE',  ( 1.703400094766523414E-16, 0.4500000000000001776, -0.4500000000000000111 ) ) ;
#1827 =( NAMED_UNIT ( * ) PLANE_ANGLE_UNIT ( ) SI_UNIT ( $, .RADIAN. ) );
#1828 = DIRECTION ( 'NONE',  ( 0.0000000000000000000, 0.0000000000000000000, 1.000000000000000000 ) ) ;
#1829 = VERTEX_POINT ( 'NONE', #3945 ) ;
#1830 = VERTEX_POINT ( 'NONE', #6495 ) ;
#1831 = SURFACE_SIDE_STYLE ('',( #1957 ) ) ;
#1832 = CARTESIAN_POINT ( 'NONE',  ( -0.8864218330839929161, 0.8500000000000000888, -0.04499999999999995670 ) ) ;
#1833 = CARTESIAN_POINT ( 'NONE',  ( -0.8864218330839929161, 0.8500000000000000888, -0.4199999999999999845 ) ) ;
#1834 = DIRECTION ( 'NONE',  ( -1.000000000000000000, 0.0000000000000000000, 0.0000000000000000000 ) ) ;
#1835 = ORIENTED_EDGE ( 'NONE', *, *, #5834, .T. ) ;
#1836 = EDGE_CURVE ( 'NONE', #6166, #4630, #965, .T. ) ;
#1837 = AXIS2_PLACEMENT_3D ( 'NONE', #708, #1771, #6484 ) ;
#1838 =( GEOMETRIC_REPRESENTATION_CONTEXT ( 3 ) GLOBAL_UNCERTAINTY_ASSIGNED_CONTEXT ( ( #779 ) ) GLOBAL_UNIT_ASSIGNED_CONTEXT ( ( #646, #5826, #3743 ) ) REPRESENTATION_CONTEXT ( 'NONE', 'WORKASPACE' ) );
#1839 = ORIENTED_EDGE ( 'NONE', *, *, #383, .T. ) ;
#1840 =( NAMED_UNIT ( * ) PLANE_ANGLE_UNIT ( ) SI_UNIT ( $, .RADIAN. ) );
#1841 = VERTEX_POINT ( 'NONE', #1344 ) ;
#1842 = CARTESIAN_POINT ( 'NONE',  ( 0.9999000000000002331, -0.2000000000000000111, -0.4500000000000000111 ) ) ;
#1843 = PLANE ( 'NONE',  #1692 ) ;
#1844 = VECTOR ( 'NONE', #5810, 1000.000000000000000 ) ;
#1845 = EDGE_CURVE ( 'NONE', #3206, #5285, #5840, .T. ) ;
#1846 = CARTESIAN_POINT ( 'NONE',  ( 0.9999999999999981126, 0.6500000000000000222, -0.4500000000000000111 ) ) ;
#1847 = CYLINDRICAL_SURFACE ( 'NONE', #172, 0.1999999999999999833 ) ;
#1848 = DIRECTION ( 'NONE',  ( -1.000000000000000000, -2.406963517387339380E-12, 0.0000000000000000000 ) ) ;
#1849 = SURFACE_SIDE_STYLE ('',( #5108 ) ) ;
#1850 = SURFACE_STYLE_USAGE ( .BOTH. , #6424 ) ;
#1851 = AXIS2_PLACEMENT_3D ( 'NONE', #4425, #3875, #3894 ) ;
#1852 = VECTOR ( 'NONE', #6623, 1000.000000000000000 ) ;
#1853 = SURFACE_SIDE_STYLE ('',( #4933 ) ) ;
#1854 = FILL_AREA_STYLE_COLOUR ( '', #6581 ) ;
#1855 = CARTESIAN_POINT ( 'NONE',  ( -0.7499999999999997780, 0.9499999999999999556, -0.08000000000000001554 ) ) ;
#1856 = COLOUR_RGB ( '',0.6470588235294117974, 0.5176470588235293491, 0.0000000000000000000 ) ;
#1857 = UNCERTAINTY_MEASURE_WITH_UNIT (LENGTH_MEASURE( 1.000000000000000082E-05 ), #671, 'distance_accuracy_value', 'NONE');
#1858 =( NAMED_UNIT ( * ) SI_UNIT ( $, .STERADIAN. ) SOLID_ANGLE_UNIT ( ) );
#1859 = AXIS2_PLACEMENT_3D ( 'NONE', #2209, #3317, #6386 ) ;
#1860 = CARTESIAN_POINT ( 'NONE',  ( 0.5499999999999979350, 0.7999999999999997113, -0.4500000000000000111 ) ) ;
#1861 = PRESENTATION_STYLE_ASSIGNMENT (( #44 ) ) ;
#1862 = SURFACE_SIDE_STYLE ('',( #5073 ) ) ;
#1863 = DIRECTION ( 'NONE',  ( 0.0000000000000000000, 0.0000000000000000000, -1.000000000000000000 ) ) ;
#1864 = SURFACE_STYLE_FILL_AREA ( #2823 ) ;
#1865 = AXIS2_PLACEMENT_3D ( 'NONE', #1765, #2795, #2356 ) ;
#1866 = FILL_AREA_STYLE_COLOUR ( '', #1898 ) ;
#1867 = EDGE_CURVE ( 'NONE', #1029, #1699, #800, .T. ) ;
#1868 = PRESENTATION_STYLE_ASSIGNMENT (( #2418 ) ) ;
#1869 = CARTESIAN_POINT ( 'NONE',  ( 0.5999999999999979794, 0.8000000000000000444, -0.04499999999999995670 ) ) ;
#1870 = CYLINDRICAL_SURFACE ( 'NONE', #5441, 0.2299999999999999545 ) ;
#1871 =( NAMED_UNIT ( * ) PLANE_ANGLE_UNIT ( ) SI_UNIT ( $, .RADIAN. ) );
#1872 = SURFACE_STYLE_FILL_AREA ( #2921 ) ;
#1873 = AXIS2_PLACEMENT_3D ( 'NONE', #5757, #560, #5676 ) ;
#1874 = VECTOR ( 'NONE', #4557, 1000.000000000000000 ) ;
#1876 = PRESENTATION_STYLE_ASSIGNMENT (( #1054 ) ) ;
#1875 = SURFACE_SIDE_STYLE ('',( #3979 ) ) ;
#1877 = ORIENTED_EDGE ( 'NONE', *, *, #206, .T. ) ;
#1878 = STYLED_ITEM ( 'NONE', ( #4978 ), #703 ) ;
#1879 =( GEOMETRIC_REPRESENTATION_CONTEXT ( 3 ) GLOBAL_UNCERTAINTY_ASSIGNED_CONTEXT ( ( #5580 ) ) GLOBAL_UNIT_ASSIGNED_CONTEXT ( ( #6528, #3971, #844 ) ) REPRESENTATION_CONTEXT ( 'NONE', 'WORKASPACE' ) );
#1880 = EDGE_LOOP ( 'NONE', ( #4843, #3438, #1252, #2651 ) ) ;
#1881 = ORIENTED_EDGE ( 'NONE', *, *, #1435, .F. ) ;
#1882 = SURFACE_STYLE_USAGE ( .BOTH. , #2336 ) ;
#1883 = EDGE_LOOP ( 'NONE', ( #1228, #25, #1413 ) ) ;
#1884 = EDGE_CURVE ( 'NONE', #908, #1268, #5998, .T. ) ;
#1885 = DIRECTION ( 'NONE',  ( 0.0000000000000000000, -1.000000000000000000, 0.0000000000000000000 ) ) ;
#1886 = CYLINDRICAL_SURFACE ( 'NONE', #1984, 0.05000000000000002359 ) ;
#1887 = ORIENTED_EDGE ( 'NONE', *, *, #206, .F. ) ;
#1888 = FACE_OUTER_BOUND ( 'NONE', #768, .T. ) ;
#1889 = EDGE_LOOP ( 'NONE', ( #5429, #4821, #5126, #4904 ) ) ;
#1890 = DIRECTION ( 'NONE',  ( 0.0000000000000000000, 0.0000000000000000000, 1.000000000000000000 ) ) ;
#1891 = FILL_AREA_STYLE ('',( #3291 ) ) ;
#1892 = VERTEX_POINT ( 'NONE', #2918 ) ;
#1893 =( LENGTH_UNIT ( ) NAMED_UNIT ( * ) SI_UNIT ( .MILLI., .METRE. ) );
#1894 = DIRECTION ( 'NONE',  ( -0.0000000000000000000, -0.0000000000000000000, 1.000000000000000000 ) ) ;
#1895 =( GEOMETRIC_REPRESENTATION_CONTEXT ( 3 ) GLOBAL_UNCERTAINTY_ASSIGNED_CONTEXT ( ( #5313 ) ) GLOBAL_UNIT_ASSIGNED_CONTEXT ( ( #6628, #5411, #6336 ) ) REPRESENTATION_CONTEXT ( 'NONE', 'WORKASPACE' ) );
#1896 = LINE ( 'NONE', #896, #2477 ) ;
#1897 = CARTESIAN_POINT ( 'NONE',  ( 0.5999999999999979794, 0.8000000000000000444, -0.4500000000000000111 ) ) ;
#1898 = COLOUR_RGB ( '',0.6470588235294117974, 0.5176470588235293491, 0.0000000000000000000 ) ;
#1899 = COLOUR_RGB ( '',0.6470588235294117974, 0.5176470588235293491, 0.0000000000000000000 ) ;
#1900 = ORIENTED_EDGE ( 'NONE', *, *, #2742, .T. ) ;
#1901 = AXIS2_PLACEMENT_3D ( 'NONE', #3437, #5518, #1400 ) ;
#1902 = ORIENTED_EDGE ( 'NONE', *, *, #3944, .T. ) ;
#1903 = DIRECTION ( 'NONE',  ( -1.000000000000000000, -0.0000000000000000000, -0.0000000000000000000 ) ) ;
#1904 = ORIENTED_EDGE ( 'NONE', *, *, #4749, .F. ) ;
#1905 = UNCERTAINTY_MEASURE_WITH_UNIT (LENGTH_MEASURE( 1.000000000000000082E-05 ), #3815, 'distance_accuracy_value', 'NONE');
#1906 = ADVANCED_FACE ( 'NONE', ( #5585 ), #3969, .F. ) ;
#1907 = ORIENTED_EDGE ( 'NONE', *, *, #2123, .T. ) ;
#1908 = MECHANICAL_DESIGN_GEOMETRIC_PRESENTATION_REPRESENTATION (  '', ( #1431 ), #4906 ) ;
#1909 = LINE ( 'NONE', #4773, #5479 ) ;
#1910 = SURFACE_SIDE_STYLE ('',( #4735 ) ) ;
#1911 = CARTESIAN_POINT ( 'NONE',  ( -0.5499999999999982681, 2.208559980988985985E-16, -0.4500000000000000111 ) ) ;
#1912 = DIRECTION ( 'NONE',  ( 0.0000000000000000000, 0.0000000000000000000, 1.000000000000000000 ) ) ;
#1913 = EDGE_CURVE ( 'NONE', #1829, #5155, #6399, .T. ) ;
#1914 = ORIENTED_EDGE ( 'NONE', *, *, #6147, .T. ) ;
#1915 = SURFACE_SIDE_STYLE ('',( #4125 ) ) ;
#1916 = DIRECTION ( 'NONE',  ( 0.0000000000000000000, 0.0000000000000000000, 1.000000000000000000 ) ) ;
#1917 = SURFACE_SIDE_STYLE ('',( #1688 ) ) ;
#1918 = DIRECTION ( 'NONE',  ( 0.0000000000000000000, -1.000000000000000000, 0.0000000000000000000 ) ) ;
#1919 = PRESENTATION_LAYER_ASSIGNMENT (  '', '', ( #1664 ) ) ;
#1920 = CARTESIAN_POINT ( 'NONE',  ( -0.9999999999999913403, 0.0000000000000000000, -0.4199999999999999845 ) ) ;
#1921 = CARTESIAN_POINT ( 'NONE',  ( 0.9999999999999981126, 0.6500000000000000222, -0.4199999999999999845 ) ) ;
#1922 = EDGE_LOOP ( 'NONE', ( #5406, #1174, #6446, #2740 ) ) ;
#1923 = EDGE_CURVE ( 'NONE', #2850, #5540, #3908, .T. ) ;
#1924 = VECTOR ( 'NONE', #1738, 1000.000000000000000 ) ;
#1925 = ADVANCED_FACE ( 'NONE', ( #6169 ), #3508, .F. ) ;
#1926 = AXIS2_PLACEMENT_3D ( 'NONE', #4021, #6019, #846 ) ;
#1927 = STYLED_ITEM ( 'NONE', ( #1989 ), #3703 ) ;
#1928 = DIRECTION ( 'NONE',  ( -0.0000000000000000000, -0.0000000000000000000, 1.000000000000000000 ) ) ;
#1929 = VECTOR ( 'NONE', #74, 1000.000000000000000 ) ;
#1930 = EDGE_CURVE ( 'NONE', #5806, #4516, #3834, .T. ) ;
#1931 = FILL_AREA_STYLE_COLOUR ( '', #104 ) ;
#1932 =( LENGTH_UNIT ( ) NAMED_UNIT ( * ) SI_UNIT ( .MILLI., .METRE. ) );
#1934 = AXIS2_PLACEMENT_3D ( 'NONE', #6459, #5458, #1308 ) ;
#1933 = DIRECTION ( 'NONE',  ( -1.000000000000000000, 0.0000000000000000000, 0.0000000000000000000 ) ) ;
#1935 = CARTESIAN_POINT ( 'NONE',  ( -0.9999000000000002331, 0.4499999999999999556, -0.08000000000000001554 ) ) ;
#1936 =( GEOMETRIC_REPRESENTATION_CONTEXT ( 3 ) GLOBAL_UNCERTAINTY_ASSIGNED_CONTEXT ( ( #573 ) ) GLOBAL_UNIT_ASSIGNED_CONTEXT ( ( #5194, #1595, #5724 ) ) REPRESENTATION_CONTEXT ( 'NONE', 'WORKASPACE' ) );
#1937 = FILL_AREA_STYLE ('',( #1866 ) ) ;
#1938 = AXIS2_PLACEMENT_3D ( 'NONE', #6214, #2649, #83 ) ;
#1939 = DIRECTION ( 'NONE',  ( -1.000000000000000000, 0.0000000000000000000, 0.0000000000000000000 ) ) ;
#1940 = LINE ( 'NONE', #2606, #6164 ) ;
#1941 = UNCERTAINTY_MEASURE_WITH_UNIT (LENGTH_MEASURE( 1.000000000000000082E-05 ), #4221, 'distance_accuracy_value', 'NONE');
#1942 = PLANE ( 'NONE',  #6491 ) ;
#1943 = CARTESIAN_POINT ( 'NONE',  ( 0.8000000000000002665, 0.0000000000000000000, 0.5356854249492378761 ) ) ;
#1944 = CYLINDRICAL_SURFACE ( 'NONE', #4849, 0.2299999999999999545 ) ;
#1945 = CARTESIAN_POINT ( 'NONE',  ( -0.9999999999999844569, -0.6500000000000000222, -0.08000000000000001554 ) ) ;
#1946 = FACE_OUTER_BOUND ( 'NONE', #4114, .T. ) ;
#1947 = DIRECTION ( 'NONE',  ( 3.614007241618355673E-16, 1.000000000000000000, 0.0000000000000000000 ) ) ;
#1948 = CARTESIAN_POINT ( 'NONE',  ( 0.5499999999999842792, -0.5000000000000002220, -0.4500000000000000111 ) ) ;
#1949 = LINE ( 'NONE', #2429, #2863 ) ;
#1950 = ORIENTED_EDGE ( 'NONE', *, *, #1845, .F. ) ;
#1951 = DIRECTION ( 'NONE',  ( -0.0000000000000000000, -0.0000000000000000000, -1.000000000000000000 ) ) ;
#1952 = CARTESIAN_POINT ( 'NONE',  ( -0.9999999999999981126, 0.6500000000000000222, -0.07999999999999998779 ) ) ;
#1953 =( NAMED_UNIT ( * ) PLANE_ANGLE_UNIT ( ) SI_UNIT ( $, .RADIAN. ) );
#1954 = VECTOR ( 'NONE', #4905, 1000.000000000000000 ) ;
#1955 = EDGE_CURVE ( 'NONE', #5787, #5539, #6244, .T. ) ;
#1956 = CARTESIAN_POINT ( 'NONE',  ( 0.7499999999999997780, 0.9499999999999999556, -0.03000000000000002318 ) ) ;
#1957 = SURFACE_STYLE_FILL_AREA ( #1338 ) ;
#1958 = LINE ( 'NONE', #3186, #6421 ) ;
#1959 = ORIENTED_EDGE ( 'NONE', *, *, #2634, .T. ) ;
#1960 = CARTESIAN_POINT ( 'NONE',  ( -0.8864218330839790383, -0.8500000000000000888, -0.4500000000000000111 ) ) ;
#1961 = PRESENTATION_STYLE_ASSIGNMENT (( #2667 ) ) ;
#1962 = DIRECTION ( 'NONE',  ( 0.0000000000000000000, 1.000000000000000000, 0.0000000000000000000 ) ) ;
#1963 = FACE_OUTER_BOUND ( 'NONE', #614, .T. ) ;
#1964 = ORIENTED_EDGE ( 'NONE', *, *, #3935, .T. ) ;
#1965 = EDGE_CURVE ( 'NONE', #5466, #5240, #717, .T. ) ;
#1966 = VECTOR ( 'NONE', #4976, 1000.000000000000000 ) ;
#1967 = CARTESIAN_POINT ( 'NONE',  ( -0.5999999999999984235, 0.4500000000000000111, -0.4199999999999999845 ) ) ;
#1968 = FACE_OUTER_BOUND ( 'NONE', #4990, .T. ) ;
#1969 = ORIENTED_EDGE ( 'NONE', *, *, #2146, .F. ) ;
#1970 = ORIENTED_EDGE ( 'NONE', *, *, #5919, .F. ) ;
#1971 = DIRECTION ( 'NONE',  ( -1.000000000000000000, 0.0000000000000000000, 0.0000000000000000000 ) ) ;
#1972 = VERTEX_POINT ( 'NONE', #1117 ) ;
#1973 = COLOUR_RGB ( '',1.000000000000000000, 1.000000000000000000, 1.000000000000000000 ) ;
#1974 = ADVANCED_FACE ( 'NONE', ( #6128 ), #46, .F. ) ;
#1975 =( GEOMETRIC_REPRESENTATION_CONTEXT ( 3 ) GLOBAL_UNCERTAINTY_ASSIGNED_CONTEXT ( ( #3506 ) ) GLOBAL_UNIT_ASSIGNED_CONTEXT ( ( #2044, #34, #716 ) ) REPRESENTATION_CONTEXT ( 'NONE', 'WORKASPACE' ) );
#1976 = VERTEX_POINT ( 'NONE', #2727 ) ;
#1977 = SURFACE_STYLE_FILL_AREA ( #3225 ) ;
#1978 =( NAMED_UNIT ( * ) SI_UNIT ( $, .STERADIAN. ) SOLID_ANGLE_UNIT ( ) );
#1979 = CIRCLE ( 'NONE', #4659, 0.2299999999999999545 ) ;
#1980 =( NAMED_UNIT ( * ) PLANE_ANGLE_UNIT ( ) SI_UNIT ( $, .RADIAN. ) );
#1981 = ORIENTED_EDGE ( 'NONE', *, *, #6364, .F. ) ;
#1982 = ORIENTED_EDGE ( 'NONE', *, *, #871, .F. ) ;
#1983 = DIRECTION ( 'NONE',  ( 0.0000000000000000000, 0.0000000000000000000, 1.000000000000000000 ) ) ;
#1984 = AXIS2_PLACEMENT_3D ( 'NONE', #5119, #6701, #3681 ) ;
#1985 = EDGE_CURVE ( 'NONE', #1149, #3473, #3525, .T. ) ;
#1986 = SURFACE_STYLE_USAGE ( .BOTH. , #6108 ) ;
#1987 = ORIENTED_EDGE ( 'NONE', *, *, #1329, .F. ) ;
#1988 =( NAMED_UNIT ( * ) SI_UNIT ( $, .STERADIAN. ) SOLID_ANGLE_UNIT ( ) );
#1989 = PRESENTATION_STYLE_ASSIGNMENT (( #357 ) ) ;
#1990 = DIRECTION ( 'NONE',  ( -1.000000000000000000, 0.0000000000000000000, 0.0000000000000000000 ) ) ;
#1991 = SURFACE_SIDE_STYLE ('',( #2106 ) ) ;
#1992 = FACE_OUTER_BOUND ( 'NONE', #1398, .T. ) ;
#1993 = CARTESIAN_POINT ( 'NONE',  ( -0.9999000000000002331, -0.8799999999999998934, -0.4500000000000000111 ) ) ;
#1994 = VERTEX_POINT ( 'NONE', #6337 ) ;
#1995 = ORIENTED_EDGE ( 'NONE', *, *, #4367, .F. ) ;
#1996 =( LENGTH_UNIT ( ) NAMED_UNIT ( * ) SI_UNIT ( .MILLI., .METRE. ) );
#1997 = VECTOR ( 'NONE', #2310, 1000.000000000000000 ) ;
#1998 = MECHANICAL_DESIGN_GEOMETRIC_PRESENTATION_REPRESENTATION (  '', ( #4004 ), #5370 ) ;
#1999 = CARTESIAN_POINT ( 'NONE',  ( -0.9999000000000002331, -0.2299999999999999545, -0.4199999999999999289 ) ) ;
#2000 = CARTESIAN_POINT ( 'NONE',  ( -0.5499999999999912736, 1.987703982890064017E-16, -0.4500000000000000111 ) ) ;
#2001 = EDGE_LOOP ( 'NONE', ( #5707, #615, #3207, #155 ) ) ;
#2002 = ORIENTED_EDGE ( 'NONE', *, *, #6199, .F. ) ;
#2003 = STYLED_ITEM ( 'NONE', ( #713 ), #6298 ) ;
#2004 = CARTESIAN_POINT ( 'NONE',  ( 0.9999000000000002331, -0.4200000000000000400, -0.4500000000000000111 ) ) ;
#2005 = PLANE ( 'NONE',  #6358 ) ;
#2006 = PRESENTATION_STYLE_ASSIGNMENT (( #1218 ) ) ;
#2007 = EDGE_CURVE ( 'NONE', #5736, #3459, #5859, .T. ) ;
#2008 = ORIENTED_EDGE ( 'NONE', *, *, #793, .T. ) ;
#2009 = ADVANCED_FACE ( 'NONE', ( #4323 ), #5399, .T. ) ;
#2010 = FACE_OUTER_BOUND ( 'NONE', #2987, .T. ) ;
#2011 = PRESENTATION_LAYER_ASSIGNMENT (  '', '', ( #4363 ) ) ;
#2012 =( LENGTH_UNIT ( ) NAMED_UNIT ( * ) SI_UNIT ( .MILLI., .METRE. ) );
#2013 = DIRECTION ( 'NONE',  ( 0.0000000000000000000, -0.0000000000000000000, 1.000000000000000000 ) ) ;
#2014 = CARTESIAN_POINT ( 'NONE',  ( 5.678000315888403574E-17, -0.1999999999999998446, -0.4500000000000000111 ) ) ;
#2015 = STYLED_ITEM ( 'NONE', ( #4645 ), #1021 ) ;
#2016 = STYLED_ITEM ( 'NONE', ( #4395 ), #2121 ) ;
#2017 = FACE_OUTER_BOUND ( 'NONE', #3941, .T. ) ;
#2018 =( NAMED_UNIT ( * ) SI_UNIT ( $, .STERADIAN. ) SOLID_ANGLE_UNIT ( ) );
#2019 = EDGE_CURVE ( 'NONE', #4345, #4289, #813, .T. ) ;
#2020 = LINE ( 'NONE', #5507, #642 ) ;
#2021 = PRESENTATION_STYLE_ASSIGNMENT (( #2910 ) ) ;
#2022 = FILL_AREA_STYLE_COLOUR ( '', #1786 ) ;
#2023 = ORIENTED_EDGE ( 'NONE', *, *, #113, .T. ) ;
#2024 = LINE ( 'NONE', #264, #1450 ) ;
#2026 = MECHANICAL_DESIGN_GEOMETRIC_PRESENTATION_REPRESENTATION (  '', ( #1336 ), #2780 ) ;
#2025 =( LENGTH_UNIT ( ) NAMED_UNIT ( * ) SI_UNIT ( .MILLI., .METRE. ) );
#2027 = CARTESIAN_POINT ( 'NONE',  ( -0.9999000000000002331, 0.2299999782608684873, -0.4500000000000000111 ) ) ;
#2028 = CARTESIAN_POINT ( 'NONE',  ( 0.9999000000000002331, -0.4500000000000000111, -0.08000000000000020983 ) ) ;
#2029 = MECHANICAL_DESIGN_GEOMETRIC_PRESENTATION_REPRESENTATION (  '', ( #718 ), #506 ) ;
#2030 = CIRCLE ( 'NONE', #3782, 0.2299999999999999545 ) ;
#2031 = UNCERTAINTY_MEASURE_WITH_UNIT (LENGTH_MEASURE( 1.000000000000000082E-05 ), #1932, 'distance_accuracy_value', 'NONE');
#2032 = AXIS2_PLACEMENT_3D ( 'NONE', #2120, #1536, #5735 ) ;
#2033 = DIRECTION ( 'NONE',  ( 3.614007241618355673E-16, 1.000000000000000000, 0.0000000000000000000 ) ) ;
#2034 = SURFACE_SIDE_STYLE ('',( #4924 ) ) ;
#2035 = CIRCLE ( 'NONE', #5553, 0.2299999999999999545 ) ;
#2036 =( NAMED_UNIT ( * ) PLANE_ANGLE_UNIT ( ) SI_UNIT ( $, .RADIAN. ) );
#2037 = DIRECTION ( 'NONE',  ( -1.000000000000000000, -0.0000000000000000000, -0.0000000000000000000 ) ) ;
#2038 = VECTOR ( 'NONE', #1055, 1000.000000000000000 ) ;
#2039 = CARTESIAN_POINT ( 'NONE',  ( -0.9999000000125001231, -0.1999999750000046872, -0.4500000000000000111 ) ) ;
#2040 = PRESENTATION_STYLE_ASSIGNMENT (( #1675 ) ) ;
#2041 = SURFACE_STYLE_USAGE ( .BOTH. , #4596 ) ;
#2042 = MECHANICAL_DESIGN_GEOMETRIC_PRESENTATION_REPRESENTATION (  '', ( #4683 ), #2274 ) ;
#2043 = LINE ( 'NONE', #2312, #1718 ) ;
#2044 =( LENGTH_UNIT ( ) NAMED_UNIT ( * ) SI_UNIT ( .MILLI., .METRE. ) );
#2045 = VECTOR ( 'NONE', #6060, 1000.000000000000000 ) ;
#2046 = ADVANCED_FACE ( 'NONE', ( #4631 ), #5069, .T. ) ;
#2047 = EDGE_CURVE ( 'NONE', #5256, #5445, #499, .T. ) ;
#2048 = CIRCLE ( 'NONE', #5454, 0.05000000000000002359 ) ;
#2049 = CARTESIAN_POINT ( 'NONE',  ( 1.703400094766523414E-16, 0.4500000000000001776, -0.04499999999999995670 ) ) ;
#2050 = LINE ( 'NONE', #2641, #2949 ) ;
#2051 = FILL_AREA_STYLE ('',( #4108 ) ) ;
#2052 = ORIENTED_EDGE ( 'NONE', *, *, #1138, .F. ) ;
#2053 = ORIENTED_EDGE ( 'NONE', *, *, #3328, .F. ) ;
#2054 = DIRECTION ( 'NONE',  ( 0.0000000000000000000, 0.0000000000000000000, 1.000000000000000000 ) ) ;
#2055 = FILL_AREA_STYLE_COLOUR ( '', #961 ) ;
#2056 = COLOUR_RGB ( '',0.6470588235294117974, 0.5176470588235293491, 0.0000000000000000000 ) ;
#2057 = ORIENTED_EDGE ( 'NONE', *, *, #3210, .T. ) ;
#2058 = COLOUR_RGB ( '',0.6470588235294117974, 0.5176470588235293491, 0.0000000000000000000 ) ;
#2059 = ORIENTED_EDGE ( 'NONE', *, *, #588, .F. ) ;
#2060 = EDGE_CURVE ( 'NONE', #1830, #3159, #3688, .T. ) ;
#2061 = VERTEX_POINT ( 'NONE', #1022 ) ;
#2062 =( LENGTH_UNIT ( ) NAMED_UNIT ( * ) SI_UNIT ( .MILLI., .METRE. ) );
#2063 = PRESENTATION_LAYER_ASSIGNMENT (  '', '', ( #5649 ) ) ;
#2064 = MECHANICAL_DESIGN_GEOMETRIC_PRESENTATION_REPRESENTATION (  '', ( #327 ), #3821 ) ;
#2065 = ORIENTED_EDGE ( 'NONE', *, *, #1773, .T. ) ;
#2066 = SURFACE_STYLE_FILL_AREA ( #4220 ) ;
#2067 = EDGE_LOOP ( 'NONE', ( #5561, #5728, #6278, #902 ) ) ;
#2068 = FILL_AREA_STYLE ('',( #5547 ) ) ;
#2069 = CARTESIAN_POINT ( 'NONE',  ( 0.5999999999999844347, -0.7999999999999999334, -0.4199999999999999845 ) ) ;
#2070 = COLOUR_RGB ( '',0.6470588235294117974, 0.5176470588235293491, 0.0000000000000000000 ) ;
#2071 = ORIENTED_EDGE ( 'NONE', *, *, #6474, .F. ) ;
#2072 = EDGE_LOOP ( 'NONE', ( #5462, #2924, #5972, #4972 ) ) ;
#2073 = FILL_AREA_STYLE_COLOUR ( '', #2056 ) ;
#2074 = VERTEX_POINT ( 'NONE', #1586 ) ;
#2075 = DIRECTION ( 'NONE',  ( 0.0000000000000000000, 1.000000000000000000, 0.0000000000000000000 ) ) ;
#2076 = EDGE_CURVE ( 'NONE', #3806, #5900, #5520, .T. ) ;
#2077 = CARTESIAN_POINT ( 'NONE',  ( 0.0000000000000000000, 0.0000000000000000000, -0.04499999999999995670 ) ) ;
#2078 =( NAMED_UNIT ( * ) PLANE_ANGLE_UNIT ( ) SI_UNIT ( $, .RADIAN. ) );
#2079 = FACE_OUTER_BOUND ( 'NONE', #3642, .T. ) ;
#2080 = CARTESIAN_POINT ( 'NONE',  ( -0.5499999999999980460, 0.5000000000000003331, -0.4199999999999999845 ) ) ;
#2081 = ORIENTED_EDGE ( 'NONE', *, *, #1677, .F. ) ;
#2082 =( GEOMETRIC_REPRESENTATION_CONTEXT ( 3 ) GLOBAL_UNCERTAINTY_ASSIGNED_CONTEXT ( ( #1690 ) ) GLOBAL_UNIT_ASSIGNED_CONTEXT ( ( #341, #1827, #5999 ) ) REPRESENTATION_CONTEXT ( 'NONE', 'WORKASPACE' ) );
#2083 = UNCERTAINTY_MEASURE_WITH_UNIT (LENGTH_MEASURE( 1.000000000000000082E-05 ), #5392, 'distance_accuracy_value', 'NONE');
#2084 = STYLED_ITEM ( 'NONE', ( #1689 ), #2936 ) ;
#2085 = DIRECTION ( 'NONE',  ( 3.785333543925605834E-16, 1.000000000000000000, 0.0000000000000000000 ) ) ;
#2086 = DIRECTION ( 'NONE',  ( 0.0000000000000000000, 0.0000000000000000000, -1.000000000000000000 ) ) ;
#2087 = FILL_AREA_STYLE_COLOUR ( '', #3099 ) ;
#2088 = CARTESIAN_POINT ( 'NONE',  ( 0.0000000000000000000, 0.0000000000000000000, -0.04499999999999995670 ) ) ;
#2089 =( NAMED_UNIT ( * ) SI_UNIT ( $, .STERADIAN. ) SOLID_ANGLE_UNIT ( ) );
#2090 = ORIENTED_EDGE ( 'NONE', *, *, #1836, .F. ) ;
#2091 = ADVANCED_FACE ( 'NONE', ( #3114 ), #980, .T. ) ;
#2092 = DIRECTION ( 'NONE',  ( 0.0000000000000000000, -1.000000000000000000, 0.0000000000000000000 ) ) ;
#2093 = ORIENTED_EDGE ( 'NONE', *, *, #6642, .T. ) ;
#2094 = SURFACE_SIDE_STYLE ('',( #1724 ) ) ;
#2095 = SURFACE_SIDE_STYLE ('',( #4163 ) ) ;
#2096 = ORIENTED_EDGE ( 'NONE', *, *, #2689, .T. ) ;
#2097 = PRESENTATION_LAYER_ASSIGNMENT (  '', '', ( #3839 ) ) ;
#2098 = CARTESIAN_POINT ( 'NONE',  ( 0.7500000000000002220, -0.8499999999999999778, -0.08000000000000020983 ) ) ;
#2099 = CIRCLE ( 'NONE', #2608, 0.05000000000000002359 ) ;
#2100 = CARTESIAN_POINT ( 'NONE',  ( 0.7499999999999997780, -0.9499999999999999556, -0.08000000000000001554 ) ) ;
#2101 = ORIENTED_EDGE ( 'NONE', *, *, #2333, .T. ) ;
#2102 = DIRECTION ( 'NONE',  ( 1.000000000000000000, 0.0000000000000000000, 0.0000000000000000000 ) ) ;
#2103 = EDGE_CURVE ( 'NONE', #2262, #5045, #572, .T. ) ;
#2104 = DIRECTION ( 'NONE',  ( -0.0000000000000000000, -0.0000000000000000000, -1.000000000000000000 ) ) ;
#2105 = CIRCLE ( 'NONE', #12, 0.05000000000000002359 ) ;
#2106 = SURFACE_STYLE_FILL_AREA ( #5151 ) ;
#2107 = CARTESIAN_POINT ( 'NONE',  ( -0.8864218330839861437, 0.2000000000000000944, -0.4500000000000000111 ) ) ;
#2108 = CARTESIAN_POINT ( 'NONE',  ( -0.5999999999999844347, -0.7999999999999999334, -0.4199999999999999845 ) ) ;
#2109 = VECTOR ( 'NONE', #2399, 1000.000000000000000 ) ;
#2110 = ORIENTED_EDGE ( 'NONE', *, *, #652, .T. ) ;
#2111 = EDGE_CURVE ( 'NONE', #2473, #6598, #5771, .T. ) ;
#2112 =( NAMED_UNIT ( * ) PLANE_ANGLE_UNIT ( ) SI_UNIT ( $, .RADIAN. ) );
#2113 = DIRECTION ( 'NONE',  ( -1.000000000000000000, -7.220890552162018139E-12, 0.0000000000000000000 ) ) ;
#2114 = CARTESIAN_POINT ( 'NONE',  ( -5.678000315888403574E-17, -0.1999999999999998446, -0.4500000000000000111 ) ) ;
#2115 = CARTESIAN_POINT ( 'NONE',  ( -0.7499999999999997780, -0.9499999999999999556, -0.08000000000000001554 ) ) ;
#2116 = CARTESIAN_POINT ( 'NONE',  ( 0.0000000000000000000, 0.8500000000000000888, -0.04499999999999995670 ) ) ;
#2117 = STYLED_ITEM ( 'NONE', ( #3441 ), #1363 ) ;
#2118 =( GEOMETRIC_REPRESENTATION_CONTEXT ( 3 ) GLOBAL_UNCERTAINTY_ASSIGNED_CONTEXT ( ( #2506 ) ) GLOBAL_UNIT_ASSIGNED_CONTEXT ( ( #5438, #761, #2849 ) ) REPRESENTATION_CONTEXT ( 'NONE', 'WORKASPACE' ) );
#2119 = VECTOR ( 'NONE', #1163, 1000.000000000000000 ) ;
#2120 = CARTESIAN_POINT ( 'NONE',  ( 0.9999999999999981126, 0.6500000000000000222, -0.4199999999999999845 ) ) ;
#2121 = ADVANCED_FACE ( 'NONE', ( #6344 ), #4528, .F. ) ;
#2122 = COLOUR_RGB ( '',1.000000000000000000, 1.000000000000000000, 1.000000000000000000 ) ;
#2123 = EDGE_CURVE ( 'NONE', #528, #1017, #6177, .T. ) ;
#2124 = LINE ( 'NONE', #6409, #6255 ) ;
#2125 = UNCERTAINTY_MEASURE_WITH_UNIT (LENGTH_MEASURE( 1.000000000000000082E-05 ), #4418, 'distance_accuracy_value', 'NONE');
#2126 = SURFACE_STYLE_USAGE ( .BOTH. , #2840 ) ;
#2127 =( NAMED_UNIT ( * ) PLANE_ANGLE_UNIT ( ) SI_UNIT ( $, .RADIAN. ) );
#2128 = LINE ( 'NONE', #3595, #4165 ) ;
#2129 = CIRCLE ( 'NONE', #325, 0.1999999999999999833 ) ;
#2130 = PRESENTATION_LAYER_ASSIGNMENT (  '', '', ( #5857 ) ) ;
#2131 = CARTESIAN_POINT ( 'NONE',  ( -0.5999999999999980904, 0.5000000000000000000, -0.4500000000000000111 ) ) ;
#2132 = PRESENTATION_STYLE_ASSIGNMENT (( #258 ) ) ;
#2133 =( GEOMETRIC_REPRESENTATION_CONTEXT ( 3 ) GLOBAL_UNCERTAINTY_ASSIGNED_CONTEXT ( ( #730 ) ) GLOBAL_UNIT_ASSIGNED_CONTEXT ( ( #2255, #5867, #3296 ) ) REPRESENTATION_CONTEXT ( 'NONE', 'WORKASPACE' ) );
#2134 = DIRECTION ( 'NONE',  ( -0.0000000000000000000, 1.000000000000000000, -0.0000000000000000000 ) ) ;
#2135 = FILL_AREA_STYLE_COLOUR ( '', #3151 ) ;
#2136 = CARTESIAN_POINT ( 'NONE',  ( 0.9997999999999999110, 0.9998000000000001330, -0.4199999999999999845 ) ) ;
#2137 = COLOUR_RGB ( '',0.6470588235294117974, 0.5176470588235293491, 0.0000000000000000000 ) ;
#2138 = DIRECTION ( 'NONE',  ( 0.0000000000000000000, 0.0000000000000000000, -1.000000000000000000 ) ) ;
#2139 =( NAMED_UNIT ( * ) PLANE_ANGLE_UNIT ( ) SI_UNIT ( $, .RADIAN. ) );
#2140 = SURFACE_STYLE_USAGE ( .BOTH. , #3675 ) ;
#2141 = VECTOR ( 'NONE', #3670, 1000.000000000000000 ) ;
#2142 = ORIENTED_EDGE ( 'NONE', *, *, #652, .F. ) ;
#2143 = STYLED_ITEM ( 'NONE', ( #1369 ), #5892 ) ;
#2144 = FACE_OUTER_BOUND ( 'NONE', #1592, .T. ) ;
#2145 = PRESENTATION_STYLE_ASSIGNMENT (( #4186 ) ) ;
#2146 = EDGE_CURVE ( 'NONE', #1496, #5078, #6637, .T. ) ;
#2147 = LINE ( 'NONE', #2386, #3131 ) ;
#2148 = VECTOR ( 'NONE', #1407, 1000.000000000000000 ) ;
#2149 = ORIENTED_EDGE ( 'NONE', *, *, #3744, .F. ) ;
#2150 = ORIENTED_EDGE ( 'NONE', *, *, #1538, .T. ) ;
#2151 = DIRECTION ( 'NONE',  ( -0.0000000000000000000, -0.0000000000000000000, -1.000000000000000000 ) ) ;
#2152 = CARTESIAN_POINT ( 'NONE',  ( 0.8864218330839859217, -0.2000000000000000944, -0.4199999999999999845 ) ) ;
#2153 = ORIENTED_EDGE ( 'NONE', *, *, #256, .F. ) ;
#2154 = DIRECTION ( 'NONE',  ( 0.0000000000000000000, 0.0000000000000000000, -1.000000000000000000 ) ) ;
#2155 = MECHANICAL_DESIGN_GEOMETRIC_PRESENTATION_REPRESENTATION (  '', ( #962 ), #2249 ) ;
#2156 = LINE ( 'NONE', #1700, #282 ) ;
#2157 = FACE_OUTER_BOUND ( 'NONE', #3888, .T. ) ;
#2158 = ORIENTED_EDGE ( 'NONE', *, *, #4404, .F. ) ;
#2159 = ADVANCED_FACE ( 'NONE', ( #807 ), #3013, .T. ) ;
#2160 = ORIENTED_EDGE ( 'NONE', *, *, #5801, .F. ) ;
#2162 = STYLED_ITEM ( 'NONE', ( #6493 ), #1088 ) ;
#2161 = DIRECTION ( 'NONE',  ( 0.0000000000000000000, -1.000000000000000000, 0.0000000000000000000 ) ) ;
#2163 = ORIENTED_EDGE ( 'NONE', *, *, #6180, .F. ) ;
#2164 = PRESENTATION_LAYER_ASSIGNMENT (  '', '', ( #4660 ) ) ;
#2165 = CARTESIAN_POINT ( 'NONE',  ( -1.000000000000000222, -0.4200000000000000400, -0.07999999999999998779 ) ) ;
#2166 = DIRECTION ( 'NONE',  ( -1.000000000000000000, 0.0000000000000000000, 0.0000000000000000000 ) ) ;
#2167 = CARTESIAN_POINT ( 'NONE',  ( -1.000000000000000222, -0.2299999999999999545, -0.4500000000000000111 ) ) ;
#2168 = CARTESIAN_POINT ( 'NONE',  ( -0.5999999999999915401, 0.2000000000000000944, -0.4199999999999999845 ) ) ;
#2169 = ORIENTED_EDGE ( 'NONE', *, *, #2170, .T. ) ;
#2170 = EDGE_CURVE ( 'NONE', #5410, #2545, #5593, .T. ) ;
#2171 = VERTEX_POINT ( 'NONE', #5700 ) ;
#2172 =( NAMED_UNIT ( * ) SI_UNIT ( $, .STERADIAN. ) SOLID_ANGLE_UNIT ( ) );
#2173 = SURFACE_STYLE_USAGE ( .BOTH. , #6285 ) ;
#2174 = CYLINDRICAL_SURFACE ( 'NONE', #2203, 0.1999999999999999833 ) ;
#2175 = ORIENTED_EDGE ( 'NONE', *, *, #1480, .F. ) ;
#2176 = STYLED_ITEM ( 'NONE', ( #5508 ), #1925 ) ;
#2177 = ORIENTED_EDGE ( 'NONE', *, *, #733, .F. ) ;
#2178 = MECHANICAL_DESIGN_GEOMETRIC_PRESENTATION_REPRESENTATION (  '', ( #5150 ), #6071 ) ;
#2179 = CARTESIAN_POINT ( 'NONE',  ( 0.9999999999999997780, -1.000000000000000000, -0.08000000000000004330 ) ) ;
#2180 = ORIENTED_EDGE ( 'NONE', *, *, #2513, .T. ) ;
#2181 =( GEOMETRIC_REPRESENTATION_CONTEXT ( 3 ) GLOBAL_UNCERTAINTY_ASSIGNED_CONTEXT ( ( #5140 ) ) GLOBAL_UNIT_ASSIGNED_CONTEXT ( ( #4485, #322, #825 ) ) REPRESENTATION_CONTEXT ( 'NONE', 'WORKASPACE' ) );
#2182 = DIRECTION ( 'NONE',  ( 0.0000000000000000000, -0.0000000000000000000, 1.000000000000000000 ) ) ;
#2183 = DIRECTION ( 'NONE',  ( 0.0000000000000000000, 0.0000000000000000000, 1.000000000000000000 ) ) ;
#2184 = ORIENTED_EDGE ( 'NONE', *, *, #5923, .T. ) ;
#2185 = VERTEX_POINT ( 'NONE', #6254 ) ;
#2186 = PRESENTATION_STYLE_ASSIGNMENT (( #1850 ) ) ;
#2187 = DIRECTION ( 'NONE',  ( -1.000000000000000000, 0.0000000000000000000, -0.0000000000000000000 ) ) ;
#2188 = DIRECTION ( 'NONE',  ( -0.0000000000000000000, -0.0000000000000000000, 1.000000000000000000 ) ) ;
#2189 = AXIS2_PLACEMENT_3D ( 'NONE', #92, #567, #1066 ) ;
#2190 =( LENGTH_UNIT ( ) NAMED_UNIT ( * ) SI_UNIT ( .MILLI., .METRE. ) );
#2191 = DIRECTION ( 'NONE',  ( -0.0000000000000000000, -0.0000000000000000000, 1.000000000000000000 ) ) ;
#2192 =( LENGTH_UNIT ( ) NAMED_UNIT ( * ) SI_UNIT ( .MILLI., .METRE. ) );
#2193 = PRESENTATION_STYLE_ASSIGNMENT (( #6313 ) ) ;
#2194 = CARTESIAN_POINT ( 'NONE',  ( -0.7500000000000002220, -0.1999999999999999833, -0.04499999999999995670 ) ) ;
#2195 = ADVANCED_FACE ( 'NONE', ( #4320 ), #3654, .F. ) ;
#2196 = VERTEX_POINT ( 'NONE', #58 ) ;
#2197 = CARTESIAN_POINT ( 'NONE',  ( 0.8864218330839859217, -0.1999999999999999833, -0.08000000000000001554 ) ) ;
#2198 = DIRECTION ( 'NONE',  ( 0.0000000000000000000, 0.0000000000000000000, 1.000000000000000000 ) ) ;
#2199 = EDGE_CURVE ( 'NONE', #5943, #3759, #2614, .T. ) ;
#2200 =( NAMED_UNIT ( * ) PLANE_ANGLE_UNIT ( ) SI_UNIT ( $, .RADIAN. ) );
#2201 = DIRECTION ( 'NONE',  ( -1.000000000000000000, 0.0000000000000000000, 0.0000000000000000000 ) ) ;
#2202 = AXIS2_PLACEMENT_3D ( 'NONE', #317, #5564, #5058 ) ;
#2203 = AXIS2_PLACEMENT_3D ( 'NONE', #1766, #4372, #6362 ) ;
#2204 = CYLINDRICAL_SURFACE ( 'NONE', #6625, 0.05000000000000002359 ) ;
#2205 = PLANE ( 'NONE',  #5684 ) ;
#2206 = CARTESIAN_POINT ( 'NONE',  ( 0.5499999999999913847, -0.1499999999999996614, -0.4500000000000000111 ) ) ;
#2207 = EDGE_CURVE ( 'NONE', #1325, #2185, #5111, .T. ) ;
#2208 = UNCERTAINTY_MEASURE_WITH_UNIT (LENGTH_MEASURE( 1.000000000000000082E-05 ), #4745, 'distance_accuracy_value', 'NONE');
#2209 = CARTESIAN_POINT ( 'NONE',  ( 0.9999999999999913403, 0.0000000000000000000, -0.4500000000000000111 ) ) ;
#2210 = LINE ( 'NONE', #1823, #5437 ) ;
#2211 = DIRECTION ( 'NONE',  ( -1.000000000000000000, 0.0000000000000000000, 0.0000000000000000000 ) ) ;
#2212 = DIRECTION ( 'NONE',  ( -0.0000000000000000000, -0.0000000000000000000, -1.000000000000000000 ) ) ;
#2213 = DIRECTION ( 'NONE',  ( -1.000000000000000000, -2.839000157944204375E-16, 0.0000000000000000000 ) ) ;
#2214 = AXIS2_PLACEMENT_3D ( 'NONE', #4445, #373, #4531 ) ;
#2215 = SURFACE_STYLE_USAGE ( .BOTH. , #634 ) ;
#2216 = CIRCLE ( 'NONE', #2202, 0.2299999999999999545 ) ;
#2217 = CARTESIAN_POINT ( 'NONE',  ( 0.9999000000000002331, 0.2299999782608685428, -0.07999999999999998779 ) ) ;
#2218 =( LENGTH_UNIT ( ) NAMED_UNIT ( * ) SI_UNIT ( .MILLI., .METRE. ) );
#2219 = SURFACE_SIDE_STYLE ('',( #6652 ) ) ;
#2220 = UNCERTAINTY_MEASURE_WITH_UNIT (LENGTH_MEASURE( 1.000000000000000082E-05 ), #6418, 'distance_accuracy_value', 'NONE');
#2221 = STYLED_ITEM ( 'NONE', ( #3630 ), #4014 ) ;
#2222 = PRESENTATION_STYLE_ASSIGNMENT (( #3727 ) ) ;
#2223 = CARTESIAN_POINT ( 'NONE',  ( 0.0000000000000000000, 0.0000000000000000000, -0.04499999999999995670 ) ) ;
#2224 = VERTEX_POINT ( 'NONE', #4677 ) ;
#2225 = DIRECTION ( 'NONE',  ( 0.0000000000000000000, 0.0000000000000000000, -1.000000000000000000 ) ) ;
#2226 = STYLED_ITEM ( 'NONE', ( #2145 ), #4959 ) ;
#2227 = ORIENTED_EDGE ( 'NONE', *, *, #5120, .T. ) ;
#2228 = DIRECTION ( 'NONE',  ( 1.000000000000000000, 0.0000000000000000000, -0.0000000000000000000 ) ) ;
#2229 = CARTESIAN_POINT ( 'NONE',  ( 0.7999999999999979350, 0.6500000000000000222, -0.4500000000000000111 ) ) ;
#2230 = FILL_AREA_STYLE_COLOUR ( '', #1393 ) ;
#2231 = FACE_OUTER_BOUND ( 'NONE', #2644, .T. ) ;
#2232 = ORIENTED_EDGE ( 'NONE', *, *, #3974, .F. ) ;
#2233 = SURFACE_STYLE_FILL_AREA ( #6213 ) ;
#2234 = VERTEX_POINT ( 'NONE', #4187 ) ;
#2235 =( NAMED_UNIT ( * ) SI_UNIT ( $, .STERADIAN. ) SOLID_ANGLE_UNIT ( ) );
#2236 = VERTEX_POINT ( 'NONE', #1620 ) ;
#2237 = SURFACE_SIDE_STYLE ('',( #818 ) ) ;
#2238 = PRESENTATION_LAYER_ASSIGNMENT (  '', '', ( #695 ) ) ;
#2239 = VECTOR ( 'NONE', #1511, 1000.000000000000000 ) ;
#2240 = VECTOR ( 'NONE', #6033, 1000.000000000000000 ) ;
#2241 = ORIENTED_EDGE ( 'NONE', *, *, #4579, .F. ) ;
#2242 = ORIENTED_EDGE ( 'NONE', *, *, #4409, .F. ) ;
#2243 = EDGE_CURVE ( 'NONE', #607, #4423, #1143, .T. ) ;
#2244 = DIRECTION ( 'NONE',  ( -1.000000000000000000, 0.0000000000000000000, 0.0000000000000000000 ) ) ;
#2245 = LINE ( 'NONE', #3916, #839 ) ;
#2246 = VERTEX_POINT ( 'NONE', #538 ) ;
#2247 = FILL_AREA_STYLE ('',( #3877 ) ) ;
#2248 = ORIENTED_EDGE ( 'NONE', *, *, #5575, .F. ) ;
#2249 =( GEOMETRIC_REPRESENTATION_CONTEXT ( 3 ) GLOBAL_UNCERTAINTY_ASSIGNED_CONTEXT ( ( #4676 ) ) GLOBAL_UNIT_ASSIGNED_CONTEXT ( ( #923, #1980, #4621 ) ) REPRESENTATION_CONTEXT ( 'NONE', 'WORKASPACE' ) );
#2250 = DIRECTION ( 'NONE',  ( 0.0000000000000000000, 0.0000000000000000000, -1.000000000000000000 ) ) ;
#2251 = FACE_OUTER_BOUND ( 'NONE', #4307, .T. ) ;
#2252 = SURFACE_STYLE_USAGE ( .BOTH. , #97 ) ;
#2253 = MECHANICAL_DESIGN_GEOMETRIC_PRESENTATION_REPRESENTATION (  '', ( #2162 ), #2855 ) ;
#2254 = MECHANICAL_DESIGN_GEOMETRIC_PRESENTATION_REPRESENTATION (  '', ( #6436 ), #4122 ) ;
#2255 =( LENGTH_UNIT ( ) NAMED_UNIT ( * ) SI_UNIT ( .MILLI., .METRE. ) );
#2256 = ORIENTED_EDGE ( 'NONE', *, *, #3170, .F. ) ;
#2257 = UNCERTAINTY_MEASURE_WITH_UNIT (LENGTH_MEASURE( 1.000000000000000082E-05 ), #6593, 'distance_accuracy_value', 'NONE');
#2258 = DIRECTION ( 'NONE',  ( -1.000000000000000000, -5.329070518200751394E-15, 0.0000000000000000000 ) ) ;
#2259 = EDGE_CURVE ( 'NONE', #19, #2800, #6483, .T. ) ;
#2260 = PLANE ( 'NONE',  #4670 ) ;
#2261 = SURFACE_SIDE_STYLE ('',( #1649 ) ) ;
#2262 = VERTEX_POINT ( 'NONE', #4248 ) ;
#2263 = ORIENTED_EDGE ( 'NONE', *, *, #1045, .F. ) ;
#2264 = ADVANCED_FACE ( 'NONE', ( #5673 ), #2930, .T. ) ;
#2265 = STYLED_ITEM ( 'NONE', ( #2499 ), #3219 ) ;
#2266 = ORIENTED_EDGE ( 'NONE', *, *, #404, .T. ) ;
#2267 =( LENGTH_UNIT ( ) NAMED_UNIT ( * ) SI_UNIT ( .MILLI., .METRE. ) );
#2268 = PRESENTATION_LAYER_ASSIGNMENT (  '', '', ( #4810 ) ) ;
#2269 = CARTESIAN_POINT ( 'NONE',  ( 0.9999000000000002331, -0.8499999999999999778, -0.04499999999999995670 ) ) ;
#2270 = SURFACE_SIDE_STYLE ('',( #6406 ) ) ;
#2271 = CARTESIAN_POINT ( 'NONE',  ( 0.9999000000125001231, -0.4500000249999952517, -0.4500000000000000111 ) ) ;
#2272 =( NAMED_UNIT ( * ) PLANE_ANGLE_UNIT ( ) SI_UNIT ( $, .RADIAN. ) );
#2273 = CARTESIAN_POINT ( 'NONE',  ( -0.7500000000000002220, -0.8499999999999999778, -0.04499999999999995670 ) ) ;
#2274 =( GEOMETRIC_REPRESENTATION_CONTEXT ( 3 ) GLOBAL_UNCERTAINTY_ASSIGNED_CONTEXT ( ( #530 ) ) GLOBAL_UNIT_ASSIGNED_CONTEXT ( ( #5765, #3349, #6697 ) ) REPRESENTATION_CONTEXT ( 'NONE', 'WORKASPACE' ) );
#2275 = DIRECTION ( 'NONE',  ( -3.614007241618355673E-16, 1.000000000000000000, 0.0000000000000000000 ) ) ;
#2276 = CARTESIAN_POINT ( 'NONE',  ( 0.0000000000000000000, 0.2000000000000000944, -0.4500000000000000111 ) ) ;
#2277 = EDGE_CURVE ( 'NONE', #4666, #5445, #488, .T. ) ;
#2278 = VECTOR ( 'NONE', #3603, 1000.000000000000000 ) ;
#2279 = CARTESIAN_POINT ( 'NONE',  ( -1.000000000000000222, 1.000000000000000000, 0.4199999999999999845 ) ) ;
#2280 = ORIENTED_EDGE ( 'NONE', *, *, #3243, .T. ) ;
#2281 = PRESENTATION_STYLE_ASSIGNMENT (( #550 ) ) ;
#2282 = SURFACE_SIDE_STYLE ('',( #6170 ) ) ;
#2283 = EDGE_CURVE ( 'NONE', #377, #3135, #803, .T. ) ;
#2284 =( LENGTH_UNIT ( ) NAMED_UNIT ( * ) SI_UNIT ( .MILLI., .METRE. ) );
#2285 =( GEOMETRIC_REPRESENTATION_CONTEXT ( 3 ) GLOBAL_UNCERTAINTY_ASSIGNED_CONTEXT ( ( #2710 ) ) GLOBAL_UNIT_ASSIGNED_CONTEXT ( ( #1436, #2431, #6504 ) ) REPRESENTATION_CONTEXT ( 'NONE', 'WORKASPACE' ) );
#2286 = MECHANICAL_DESIGN_GEOMETRIC_PRESENTATION_REPRESENTATION (  '', ( #6229 ), #2991 ) ;
#2287 = UNCERTAINTY_MEASURE_WITH_UNIT (LENGTH_MEASURE( 1.000000000000000082E-05 ), #2934, 'distance_accuracy_value', 'NONE');
#2288 = DIRECTION ( 'NONE',  ( 0.0000000000000000000, 0.0000000000000000000, -1.000000000000000000 ) ) ;
#2289 = SURFACE_SIDE_STYLE ('',( #6610 ) ) ;
#2290 =( LENGTH_UNIT ( ) NAMED_UNIT ( * ) SI_UNIT ( .MILLI., .METRE. ) );
#2291 = EDGE_CURVE ( 'NONE', #4891, #4496, #3426, .T. ) ;
#2292 = CIRCLE ( 'NONE', #534, 0.1999999999999999833 ) ;
#2293 = CARTESIAN_POINT ( 'NONE',  ( -0.5999999999999916511, -0.2000000000000000389, -0.4199999999999999845 ) ) ;
#2294 = PRESENTATION_STYLE_ASSIGNMENT (( #1986 ) ) ;
#2295 = DIRECTION ( 'NONE',  ( 0.0000000000000000000, 0.0000000000000000000, -1.000000000000000000 ) ) ;
#2296 = MECHANICAL_DESIGN_GEOMETRIC_PRESENTATION_REPRESENTATION (  '', ( #3483 ), #3704 ) ;
#2297 = PLANE ( 'NONE',  #1934 ) ;
#2298 = COLOUR_RGB ( '',0.6470588235294117974, 0.5176470588235293491, 0.0000000000000000000 ) ;
#2299 = AXIS2_PLACEMENT_3D ( 'NONE', #3163, #4211, #2113 ) ;
#2300 = FACE_OUTER_BOUND ( 'NONE', #1070, .T. ) ;
#2301 = FACE_OUTER_BOUND ( 'NONE', #4734, .T. ) ;
#2302 = ORIENTED_EDGE ( 'NONE', *, *, #588, .T. ) ;
#2303 = CARTESIAN_POINT ( 'NONE',  ( -0.9999000000000002331, 0.2000000000000000944, -0.4500000000000000111 ) ) ;
#2304 = LINE ( 'NONE', #918, #5211 ) ;
#2305 = VERTEX_POINT ( 'NONE', #3678 ) ;
#2306 = ORIENTED_EDGE ( 'NONE', *, *, #5654, .T. ) ;
#2307 =( NAMED_UNIT ( * ) PLANE_ANGLE_UNIT ( ) SI_UNIT ( $, .RADIAN. ) );
#2308 = STYLED_ITEM ( 'NONE', ( #3512 ), #5667 ) ;
#2309 = ORIENTED_EDGE ( 'NONE', *, *, #4870, .T. ) ;
#2310 = DIRECTION ( 'NONE',  ( 1.000000000000000000, -0.0000000000000000000, -0.0000000000000000000 ) ) ;
#2311 = ORIENTED_EDGE ( 'NONE', *, *, #1571, .F. ) ;
#2312 = CARTESIAN_POINT ( 'NONE',  ( -1.000000000000000222, -1.000000000000000000, -0.08000000000000004330 ) ) ;
#2313 = DIRECTION ( 'NONE',  ( -0.0000000000000000000, -0.0000000000000000000, 1.000000000000000000 ) ) ;
#2314 = SURFACE_STYLE_FILL_AREA ( #5214 ) ;
#2315 = VERTEX_POINT ( 'NONE', #3041 ) ;
#2316 = SURFACE_STYLE_FILL_AREA ( #2853 ) ;
#2317 = VERTEX_POINT ( 'NONE', #946 ) ;
#2318 = PLANE ( 'NONE',  #1709 ) ;
#2319 = CARTESIAN_POINT ( 'NONE',  ( 0.9999000000000002331, -0.4200000000000000400, -0.4199999999999999845 ) ) ;
#2320 = ORIENTED_EDGE ( 'NONE', *, *, #2648, .T. ) ;
#2321 = DIRECTION ( 'NONE',  ( 1.000000000000000000, 0.0000000000000000000, 0.0000000000000000000 ) ) ;
#2322 = AXIS2_PLACEMENT_3D ( 'NONE', #3802, #1173, #1642 ) ;
#2323 = PRODUCT_DEFINITION_SHAPE ( 'NONE', 'NONE',  #4198 ) ;
#2324 = CARTESIAN_POINT ( 'NONE',  ( 0.8864218330839792603, -0.4499999999999999001, -0.04499999999999995670 ) ) ;
#2325 = DIRECTION ( 'NONE',  ( 0.0000000000000000000, 0.0000000000000000000, -1.000000000000000000 ) ) ;
#2326 = EDGE_CURVE ( 'NONE', #3232, #1496, #2030, .T. ) ;
#2327 = ORIENTED_EDGE ( 'NONE', *, *, #5120, .F. ) ;
#2328 = MECHANICAL_DESIGN_GEOMETRIC_PRESENTATION_REPRESENTATION (  '', ( #2638 ), #2682 ) ;
#2329 = STYLED_ITEM ( 'NONE', ( #2650 ), #3858 ) ;
#2330 = SURFACE_STYLE_USAGE ( .BOTH. , #5422 ) ;
#2331 = ORIENTED_EDGE ( 'NONE', *, *, #4651, .F. ) ;
#2332 = CARTESIAN_POINT ( 'NONE',  ( 0.9999000000000002331, -0.8799999999999998934, -0.4199999999999999845 ) ) ;
#2333 = EDGE_CURVE ( 'NONE', #4761, #1277, #5764, .T. ) ;
#2334 = EDGE_LOOP ( 'NONE', ( #51, #6662, #2180, #2093 ) ) ;
#2335 = UNCERTAINTY_MEASURE_WITH_UNIT (LENGTH_MEASURE( 1.000000000000000082E-05 ), #2704, 'distance_accuracy_value', 'NONE');
#2337 = AXIS2_PLACEMENT_3D ( 'NONE', #1382, #2462, #1406 ) ;
#2336 = SURFACE_SIDE_STYLE ('',( #6211 ) ) ;
#2338 = FILL_AREA_STYLE_COLOUR ( '', #4549 ) ;
#2339 = EDGE_LOOP ( 'NONE', ( #1164, #1881, #5375 ) ) ;
#2340 = ORIENTED_EDGE ( 'NONE', *, *, #5315, .F. ) ;
#2341 =( LENGTH_UNIT ( ) NAMED_UNIT ( * ) SI_UNIT ( .MILLI., .METRE. ) );
#2342 = DIRECTION ( 'NONE',  ( 1.000000000000000000, -3.785333543925605834E-16, 0.0000000000000000000 ) ) ;
#2343 =( GEOMETRIC_REPRESENTATION_CONTEXT ( 3 ) GLOBAL_UNCERTAINTY_ASSIGNED_CONTEXT ( ( #3134 ) ) GLOBAL_UNIT_ASSIGNED_CONTEXT ( ( #4809, #3731, #156 ) ) REPRESENTATION_CONTEXT ( 'NONE', 'WORKASPACE' ) );
#2344 = CARTESIAN_POINT ( 'NONE',  ( -0.5999999999999915401, 0.2000000000000000944, -0.4500000000000000111 ) ) ;
#2345 = CARTESIAN_POINT ( 'NONE',  ( 0.0000000000000000000, 0.8500000000000000888, -0.4199999999999999845 ) ) ;
#2346 = CARTESIAN_POINT ( 'NONE',  ( -0.5999999999999844347, -0.7999999999999999334, -0.04499999999999995670 ) ) ;
#2347 = COLOUR_RGB ( '',0.6470588235294117974, 0.5176470588235293491, 0.0000000000000000000 ) ;
#2348 = PRESENTATION_STYLE_ASSIGNMENT (( #1570 ) ) ;
#2349 = DIRECTION ( 'NONE',  ( -3.614007241618355673E-16, -1.000000000000000000, 0.0000000000000000000 ) ) ;
#2350 = DIRECTION ( 'NONE',  ( 1.000000000000000000, 0.0000000000000000000, -0.0000000000000000000 ) ) ;
#2351 = AXIS2_PLACEMENT_3D ( 'NONE', #3667, #57, #5699 ) ;
#2352 = CARTESIAN_POINT ( 'NONE',  ( -0.9999000000000002331, 0.2299999999999999545, -0.4500000000000000111 ) ) ;
#2353 = CIRCLE ( 'NONE', #3805, 0.2299999999999999545 ) ;
#2354 = FACE_OUTER_BOUND ( 'NONE', #1922, .T. ) ;
#2355 = VECTOR ( 'NONE', #841, 1000.000000000000000 ) ;
#2356 = DIRECTION ( 'NONE',  ( 0.0000000000000000000, -0.0000000000000000000, 1.000000000000000000 ) ) ;
#2357 = CARTESIAN_POINT ( 'NONE',  ( -0.9999000000000002331, 0.8500000000000000888, -0.04499999999999995670 ) ) ;
#2358 = VECTOR ( 'NONE', #1815, 1000.000000000000000 ) ;
#2359 = CARTESIAN_POINT ( 'NONE',  ( -0.9999000000000002331, 0.0000000000000000000, 0.0000000000000000000 ) ) ;
#2360 = VECTOR ( 'NONE', #2493, 1000.000000000000000 ) ;
#2361 = PRESENTATION_LAYER_ASSIGNMENT (  '', '', ( #4824 ) ) ;
#2362 = CARTESIAN_POINT ( 'NONE',  ( 0.9999999999999844569, -0.6500000000000000222, -0.04499999999999995670 ) ) ;
#2363 = ORIENTED_EDGE ( 'NONE', *, *, #5007, .T. ) ;
#2364 = CARTESIAN_POINT ( 'NONE',  ( 0.9999999999999997780, -1.000000000000000000, 0.4199999999999999845 ) ) ;
#2365 = CARTESIAN_POINT ( 'NONE',  ( -0.9999000000000002331, 0.0000000000000000000, 0.0000000000000000000 ) ) ;
#2366 = CARTESIAN_POINT ( 'NONE',  ( -0.9999999999999844569, -0.6500000000000000222, -0.04499999999999995670 ) ) ;
#2367 = EDGE_CURVE ( 'NONE', #4008, #2389, #2124, .T. ) ;
#2368 = DIRECTION ( 'NONE',  ( 0.0000000000000000000, 0.0000000000000000000, -1.000000000000000000 ) ) ;
#2369 = SURFACE_STYLE_USAGE ( .BOTH. , #5417 ) ;
#2370 = AXIS2_PLACEMENT_3D ( 'NONE', #2645, #6233, #60 ) ;
#2371 = STYLED_ITEM ( 'NONE', ( #4894 ), #847 ) ;
#2372 = FACE_OUTER_BOUND ( 'NONE', #4426, .T. ) ;
#2373 = CARTESIAN_POINT ( 'NONE',  ( 0.9999000000000002331, -0.8499999999999999778, -0.04499999999999995670 ) ) ;
#2374 = CYLINDRICAL_SURFACE ( 'NONE', #1859, 0.2299999999999999545 ) ;
#2375 =( NAMED_UNIT ( * ) SI_UNIT ( $, .STERADIAN. ) SOLID_ANGLE_UNIT ( ) );
#2376 = FILL_AREA_STYLE ('',( #2919 ) ) ;
#2377 = SURFACE_STYLE_USAGE ( .BOTH. , #4942 ) ;
#2378 = EDGE_CURVE ( 'NONE', #6666, #5018, #5105, .T. ) ;
#2379 = CARTESIAN_POINT ( 'NONE',  ( -0.9999000000000002331, 0.2299999999999999545, -0.4200000000000000400 ) ) ;
#2380 = LINE ( 'NONE', #891, #3777 ) ;
#2381 = DIRECTION ( 'NONE',  ( -1.000000000000000000, 0.0000000000000000000, -0.0000000000000000000 ) ) ;
#2382 = DIRECTION ( 'NONE',  ( 0.0000000000000000000, 0.0000000000000000000, 1.000000000000000000 ) ) ;
#2383 = STYLED_ITEM ( 'NONE', ( #5678 ), #1597 ) ;
#2384 = DIRECTION ( 'NONE',  ( 1.000000000000000000, -0.0000000000000000000, -0.0000000000000000000 ) ) ;
#2386 = CARTESIAN_POINT ( 'NONE',  ( -0.9999000000000002331, -0.8799999999999998934, -0.04499999999999995670 ) ) ;
#2385 = COLOUR_RGB ( '',0.6470588235294117974, 0.5176470588235293491, 0.0000000000000000000 ) ;
#2387 = AXIS2_PLACEMENT_3D ( 'NONE', #98, #4226, #1144 ) ;
#2388 = VECTOR ( 'NONE', #6622, 1000.000000000000000 ) ;
#2389 = VERTEX_POINT ( 'NONE', #1241 ) ;
#2390 = SURFACE_STYLE_USAGE ( .BOTH. , #6511 ) ;
#2391 = MECHANICAL_DESIGN_GEOMETRIC_PRESENTATION_REPRESENTATION (  '', ( #3915 ), #5420 ) ;
#2392 = VECTOR ( 'NONE', #2958, 1000.000000000000000 ) ;
#2393 = VERTEX_POINT ( 'NONE', #4823 ) ;
#2394 = SURFACE_SIDE_STYLE ('',( #5022 ) ) ;
#2395 = LINE ( 'NONE', #2720, #2652 ) ;
#2396 = CARTESIAN_POINT ( 'NONE',  ( -0.7500000000000002220, -0.4500000000000000111, -0.08000000000000020983 ) ) ;
#2397 = VECTOR ( 'NONE', #6561, 1000.000000000000000 ) ;
#2398 = VERTEX_POINT ( 'NONE', #2293 ) ;
#2399 = DIRECTION ( 'NONE',  ( -0.0000000000000000000, -0.0000000000000000000, 1.000000000000000000 ) ) ;
#2400 = EDGE_LOOP ( 'NONE', ( #2724, #6427, #1105, #284 ) ) ;
#2401 = AXIS2_PLACEMENT_3D ( 'NONE', #3462, #3390, #1293 ) ;
#2402 = LINE ( 'NONE', #2179, #4896 ) ;
#2403 = ORIENTED_EDGE ( 'NONE', *, *, #4498, .F. ) ;
#2404 = CARTESIAN_POINT ( 'NONE',  ( 0.7500000000000002220, -0.8499999999999999778, -0.04499999999999995670 ) ) ;
#2405 = EDGE_CURVE ( 'NONE', #4831, #4131, #2210, .T. ) ;
#2406 =( NAMED_UNIT ( * ) SI_UNIT ( $, .STERADIAN. ) SOLID_ANGLE_UNIT ( ) );
#2407 = SURFACE_STYLE_USAGE ( .BOTH. , #5500 ) ;
#2408 = CARTESIAN_POINT ( 'NONE',  ( 0.9999000000000002331, -0.2299999999999999545, -0.4500000000000000111 ) ) ;
#2409 = VERTEX_POINT ( 'NONE', #5290 ) ;
#2410 =( NAMED_UNIT ( * ) PLANE_ANGLE_UNIT ( ) SI_UNIT ( $, .RADIAN. ) );
#2411 = ORIENTED_EDGE ( 'NONE', *, *, #448, .F. ) ;
#2412 = LINE ( 'NONE', #1687, #4910 ) ;
#2413 = ORIENTED_EDGE ( 'NONE', *, *, #2452, .T. ) ;
#2414 = EDGE_CURVE ( 'NONE', #3159, #1503, #335, .T. ) ;
#2415 = ADVANCED_FACE ( 'NONE', ( #3598 ), #3027, .T. ) ;
#2416 = PRESENTATION_LAYER_ASSIGNMENT (  '', '', ( #3472 ) ) ;
#2417 = AXIS2_PLACEMENT_3D ( 'NONE', #2901, #3947, #1327 ) ;
#2418 = SURFACE_STYLE_USAGE ( .BOTH. , #2394 ) ;
#2419 = ORIENTED_EDGE ( 'NONE', *, *, #6391, .F. ) ;
#2420 = FILL_AREA_STYLE_COLOUR ( '', #5796 ) ;
#2421 = CARTESIAN_POINT ( 'NONE',  ( -0.5499999999999912736, 0.1499999999999997169, -0.4500000000000000111 ) ) ;
#2422 = UNCERTAINTY_MEASURE_WITH_UNIT (LENGTH_MEASURE( 1.000000000000000082E-05 ), #1288, 'distance_accuracy_value', 'NONE');
#2423 = COLOUR_RGB ( '',0.7921568627450980005, 0.8196078431372548767, 0.9333333333333333481 ) ;
#2424 = EDGE_CURVE ( 'NONE', #5958, #1657, #1456, .T. ) ;
#2425 = FILL_AREA_STYLE ('',( #334 ) ) ;
#2426 = VERTEX_POINT ( 'NONE', #4016 ) ;
#2427 = DIRECTION ( 'NONE',  ( -0.0000000000000000000, -1.000000000000000000, -0.0000000000000000000 ) ) ;
#2428 = CARTESIAN_POINT ( 'NONE',  ( 0.9999999999999997780, 1.000000000000000000, 0.4199999999999999845 ) ) ;
#2429 = CARTESIAN_POINT ( 'NONE',  ( -0.9998000000000003551, 0.9998000000000001330, 2.137469317664817847 ) ) ;
#2430 = STYLED_ITEM ( 'NONE', ( #3666 ), #2675 ) ;
#2431 =( NAMED_UNIT ( * ) PLANE_ANGLE_UNIT ( ) SI_UNIT ( $, .RADIAN. ) );
#2432 =( LENGTH_UNIT ( ) NAMED_UNIT ( * ) SI_UNIT ( .MILLI., .METRE. ) );
#2433 = STYLED_ITEM ( 'NONE', ( #2640 ), #4068 ) ;
#2434 = ADVANCED_FACE ( 'NONE', ( #4615 ), #2529, .F. ) ;
#2435 = DIRECTION ( 'NONE',  ( 0.0000000000000000000, 0.0000000000000000000, 1.000000000000000000 ) ) ;
#2436 = LINE ( 'NONE', #2636, #1929 ) ;
#2437 = CARTESIAN_POINT ( 'NONE',  ( -0.8864218330839859217, -0.2000000000000000944, -0.4199999999999999845 ) ) ;
#2438 = DIRECTION ( 'NONE',  ( 0.0000000000000000000, 0.0000000000000000000, -1.000000000000000000 ) ) ;
#2439 = DIRECTION ( 'NONE',  ( 0.0000000000000000000, 0.0000000000000000000, -1.000000000000000000 ) ) ;
#2440 = DIRECTION ( 'NONE',  ( -3.620040642689491324E-15, 1.000000000000000000, 0.0000000000000000000 ) ) ;
#2441 = LINE ( 'NONE', #4366, #4454 ) ;
#2442 = CARTESIAN_POINT ( 'NONE',  ( 0.5999999999999915401, 0.2000000000000000944, -0.4500000000000000111 ) ) ;
#2443 = MECHANICAL_DESIGN_GEOMETRIC_PRESENTATION_REPRESENTATION (  '', ( #3018 ), #1817 ) ;
#2444 = DIRECTION ( 'NONE',  ( 1.000000000000000000, -0.0000000000000000000, -0.0000000000000000000 ) ) ;
#2445 = LINE ( 'NONE', #4901, #3671 ) ;
#2446 = DIRECTION ( 'NONE',  ( 0.0000000000000000000, 0.0000000000000000000, -1.000000000000000000 ) ) ;
#2447 = PRESENTATION_STYLE_ASSIGNMENT (( #5168 ) ) ;
#2448 = DIRECTION ( 'NONE',  ( 0.0000000000000000000, 0.0000000000000000000, 1.000000000000000000 ) ) ;
#2449 =( NAMED_UNIT ( * ) SI_UNIT ( $, .STERADIAN. ) SOLID_ANGLE_UNIT ( ) );
#2450 = FILL_AREA_STYLE_COLOUR ( '', #1226 ) ;
#2451 = CARTESIAN_POINT ( 'NONE',  ( 0.9997999999999999110, 0.9998000000000001330, -0.4199999999999999845 ) ) ;
#2452 = EDGE_CURVE ( 'NONE', #4260, #1332, #1704, .T. ) ;
#2453 = LINE ( 'NONE', #1749, #260 ) ;
#2454 = SURFACE_SIDE_STYLE ('',( #1121 ) ) ;
#2455 = PRESENTATION_STYLE_ASSIGNMENT (( #731 ) ) ;
#2456 = DIRECTION ( 'NONE',  ( 0.0000000000000000000, 0.0000000000000000000, 1.000000000000000000 ) ) ;
#2457 = SURFACE_STYLE_FILL_AREA ( #5020 ) ;
#2458 = UNCERTAINTY_MEASURE_WITH_UNIT (LENGTH_MEASURE( 1.000000000000000082E-05 ), #5083, 'distance_accuracy_value', 'NONE');
#2459 = COLOUR_RGB ( '',1.000000000000000000, 1.000000000000000000, 1.000000000000000000 ) ;
#2460 = EDGE_CURVE ( 'NONE', #4971, #5256, #4463, .T. ) ;
#2461 = LINE ( 'NONE', #2004, #6190 ) ;
#2462 = DIRECTION ( 'NONE',  ( -0.0000000000000000000, -0.0000000000000000000, -1.000000000000000000 ) ) ;
#2463 = CARTESIAN_POINT ( 'NONE',  ( 0.9999999999999981126, 0.6500000000000000222, 0.5356854249492378761 ) ) ;
#2464 = ADVANCED_FACE ( 'NONE', ( #1301 ), #976, .F. ) ;
#2465 = PRESENTATION_LAYER_ASSIGNMENT (  '', '', ( #5656 ) ) ;
#2466 = VECTOR ( 'NONE', #1916, 1000.000000000000000 ) ;
#2467 = CARTESIAN_POINT ( 'NONE',  ( -1.703400094766523414E-16, 0.4500000000000001776, -0.4199999999999999845 ) ) ;
#2468 = ORIENTED_EDGE ( 'NONE', *, *, #243, .F. ) ;
#2469 = EDGE_CURVE ( 'NONE', #3446, #2831, #1378, .T. ) ;
#2470 = SURFACE_STYLE_USAGE ( .BOTH. , #5559 ) ;
#2471 = SURFACE_STYLE_FILL_AREA ( #2549 ) ;
#2472 = ORIENTED_EDGE ( 'NONE', *, *, #3935, .F. ) ;
#2473 = VERTEX_POINT ( 'NONE', #2028 ) ;
#2474 =( NAMED_UNIT ( * ) SI_UNIT ( $, .STERADIAN. ) SOLID_ANGLE_UNIT ( ) );
#2475 = VERTEX_POINT ( 'NONE', #5147 ) ;
#2476 = AXIS2_PLACEMENT_3D ( 'NONE', #297, #1334, #5413 ) ;
#2477 = VECTOR ( 'NONE', #5624, 1000.000000000000000 ) ;
#2478 = CARTESIAN_POINT ( 'NONE',  ( -0.5999999999999912070, 0.1500000000000000777, -0.4199999999999999845 ) ) ;
#2479 = CARTESIAN_POINT ( 'NONE',  ( -0.7500000000000002220, 0.4499999999999999556, -0.08000000000000001554 ) ) ;
#2480 = SURFACE_STYLE_FILL_AREA ( #235 ) ;
#2481 = CIRCLE ( 'NONE', #1851, 0.2299999999999999545 ) ;
#2482 = ORIENTED_EDGE ( 'NONE', *, *, #6277, .F. ) ;
#2483 =( GEOMETRIC_REPRESENTATION_CONTEXT ( 3 ) GLOBAL_UNCERTAINTY_ASSIGNED_CONTEXT ( ( #48 ) ) GLOBAL_UNIT_ASSIGNED_CONTEXT ( ( #774, #816, #3385 ) ) REPRESENTATION_CONTEXT ( 'NONE', 'WORKASPACE' ) );
#2484 = EDGE_LOOP ( 'NONE', ( #5623, #6324, #5987, #4416, #2655, #5245, #6119, #1493, #3369, #2331, #4217, #3130, #3625, #3980, #536, #1670, #6371, #2505, #6655, #828, #2110, #1981, #5866, #1697, #3544, #5130, #3553, #586, #5965, #1125, #1887, #3412, #3133, #5820, #3946, #459, #3235, #2302, #6659, #432, #4095, #602, #201, #307, #5426, #6209, #1427, #3961, #3847, #2232, #6514, #4714, #1025, #5641, #1760, #5693, #3619, #5394, #3962, #3367 ) ) ;
#2485 = DIRECTION ( 'NONE',  ( 0.0000000000000000000, 0.0000000000000000000, -1.000000000000000000 ) ) ;
#2486 = DIRECTION ( 'NONE',  ( -0.0000000000000000000, -0.0000000000000000000, 1.000000000000000000 ) ) ;
#2487 = CARTESIAN_POINT ( 'NONE',  ( 0.0000000000000000000, 0.2000000000000000944, -0.4500000000000000111 ) ) ;
#2488 = ORIENTED_EDGE ( 'NONE', *, *, #2983, .F. ) ;
#2489 = ORIENTED_EDGE ( 'NONE', *, *, #2326, .F. ) ;
#2490 = MECHANICAL_DESIGN_GEOMETRIC_PRESENTATION_REPRESENTATION (  '', ( #1305 ), #2620 ) ;
#2491 = FILL_AREA_STYLE ('',( #1931 ) ) ;
#2492 = CARTESIAN_POINT ( 'NONE',  ( -0.9999999999999981126, 0.6500000000000000222, -0.04499999999999995670 ) ) ;
#2493 = DIRECTION ( 'NONE',  ( 0.0000000000000000000, -0.0000000000000000000, -1.000000000000000000 ) ) ;
#2494 = EDGE_CURVE ( 'NONE', #6041, #3454, #5187, .T. ) ;
#2495 = DIRECTION ( 'NONE',  ( -1.000000000000000000, 0.0000000000000000000, 0.0000000000000000000 ) ) ;
#2496 = EDGE_LOOP ( 'NONE', ( #2472, #2096, #4310, #4825 ) ) ;
#2497 = ORIENTED_EDGE ( 'NONE', *, *, #5498, .T. ) ;
#2498 =( LENGTH_UNIT ( ) NAMED_UNIT ( * ) SI_UNIT ( .MILLI., .METRE. ) );
#2499 = PRESENTATION_STYLE_ASSIGNMENT (( #1437 ) ) ;
#2500 =( NAMED_UNIT ( * ) SI_UNIT ( $, .STERADIAN. ) SOLID_ANGLE_UNIT ( ) );
#2501 = ADVANCED_FACE ( 'NONE', ( #3990 ), #5097, .T. ) ;
#2502 = DIRECTION ( 'NONE',  ( 0.0000000000000000000, 0.0000000000000000000, 1.000000000000000000 ) ) ;
#2503 = DIRECTION ( 'NONE',  ( 0.0000000000000000000, 0.0000000000000000000, -1.000000000000000000 ) ) ;
#2504 = VERTEX_POINT ( 'NONE', #3139 ) ;
#2505 = ORIENTED_EDGE ( 'NONE', *, *, #1571, .T. ) ;
#2506 = UNCERTAINTY_MEASURE_WITH_UNIT (LENGTH_MEASURE( 1.000000000000000082E-05 ), #5438, 'distance_accuracy_value', 'NONE');
#2507 = DIRECTION ( 'NONE',  ( 0.0000000000000000000, 0.0000000000000000000, 1.000000000000000000 ) ) ;
#2508 = PRESENTATION_LAYER_ASSIGNMENT (  '', '', ( #5969 ) ) ;
#2509 = STYLED_ITEM ( 'NONE', ( #2447 ), #2501 ) ;
#2510 = DIRECTION ( 'NONE',  ( 1.000000000000000000, -0.0000000000000000000, -0.0000000000000000000 ) ) ;
#2511 = CARTESIAN_POINT ( 'NONE',  ( 0.9999000000000002331, 0.8500000000000000888, -0.4500000000000000111 ) ) ;
#2512 = DIRECTION ( 'NONE',  ( 0.0000000000000000000, -1.000000000000000000, -0.0000000000000000000 ) ) ;
#2513 = EDGE_CURVE ( 'NONE', #3623, #5445, #1940, .T. ) ;
#2515 = AXIS2_PLACEMENT_3D ( 'NONE', #5619, #6152, #3067 ) ;
#2514 =( LENGTH_UNIT ( ) NAMED_UNIT ( * ) SI_UNIT ( .MILLI., .METRE. ) );
#2516 =( NAMED_UNIT ( * ) PLANE_ANGLE_UNIT ( ) SI_UNIT ( $, .RADIAN. ) );
#2517 = VECTOR ( 'NONE', #4024, 1000.000000000000000 ) ;
#2518 = ORIENTED_EDGE ( 'NONE', *, *, #123, .T. ) ;
#2519 = MECHANICAL_DESIGN_GEOMETRIC_PRESENTATION_REPRESENTATION (  '', ( #2265 ), #4137 ) ;
#2520 = FILL_AREA_STYLE ('',( #3051 ) ) ;
#2521 =( LENGTH_UNIT ( ) NAMED_UNIT ( * ) SI_UNIT ( .MILLI., .METRE. ) );
#2522 = FACE_OUTER_BOUND ( 'NONE', #223, .T. ) ;
#2523 = SURFACE_STYLE_FILL_AREA ( #4739 ) ;
#2524 = ORIENTED_EDGE ( 'NONE', *, *, #6003, .T. ) ;
#2525 = VECTOR ( 'NONE', #6270, 1000.000000000000000 ) ;
#2526 = CARTESIAN_POINT ( 'NONE',  ( -0.9999000000000002331, -0.8799999999999998934, -0.4500000000000000111 ) ) ;
#2527 = CIRCLE ( 'NONE', #6342, 0.2299999999999999545 ) ;
#2528 = CARTESIAN_POINT ( 'NONE',  ( -0.8864218330839790383, -0.8499999999999999778, -0.08000000000000020983 ) ) ;
#2529 = CYLINDRICAL_SURFACE ( 'NONE', #2591, 0.1999999999999999833 ) ;
#2530 = MECHANICAL_DESIGN_GEOMETRIC_PRESENTATION_REPRESENTATION (  '', ( #5725 ), #5427 ) ;
#2531 = ADVANCED_FACE ( 'NONE', ( #4386 ), #4180, .F. ) ;
#2532 = FACE_OUTER_BOUND ( 'NONE', #2560, .T. ) ;
#2533 = DIRECTION ( 'NONE',  ( 1.000000000000000000, 9.427844978134823652E-16, 0.0000000000000000000 ) ) ;
#2534 = ORIENTED_EDGE ( 'NONE', *, *, #4604, .F. ) ;
#2535 = CARTESIAN_POINT ( 'NONE',  ( 0.7500000000000002220, 0.8500000000000000888, -0.04499999999999995670 ) ) ;
#2536 = DIRECTION ( 'NONE',  ( -0.0000000000000000000, -0.0000000000000000000, -1.000000000000000000 ) ) ;
#2537 = UNCERTAINTY_MEASURE_WITH_UNIT (LENGTH_MEASURE( 1.000000000000000082E-05 ), #5773, 'distance_accuracy_value', 'NONE');
#2538 = VERTEX_POINT ( 'NONE', #4689 ) ;
#2539 = EDGE_CURVE ( 'NONE', #4486, #6202, #3338, .T. ) ;
#2540 =( LENGTH_UNIT ( ) NAMED_UNIT ( * ) SI_UNIT ( .MILLI., .METRE. ) );
#2541 =( GEOMETRIC_REPRESENTATION_CONTEXT ( 3 ) GLOBAL_UNCERTAINTY_ASSIGNED_CONTEXT ( ( #3286 ) ) GLOBAL_UNIT_ASSIGNED_CONTEXT ( ( #2341, #4862, #4377 ) ) REPRESENTATION_CONTEXT ( 'NONE', 'WORKASPACE' ) );
#2542 =( GEOMETRIC_REPRESENTATION_CONTEXT ( 3 ) GLOBAL_UNCERTAINTY_ASSIGNED_CONTEXT ( ( #2220 ) ) GLOBAL_UNIT_ASSIGNED_CONTEXT ( ( #6418, #3335, #3404 ) ) REPRESENTATION_CONTEXT ( 'NONE', 'WORKASPACE' ) );
#2543 = PLANE ( 'NONE',  #140 ) ;
#2544 = VECTOR ( 'NONE', #4657, 1000.000000000000000 ) ;
#2545 = VERTEX_POINT ( 'NONE', #1637 ) ;
#2546 = SURFACE_SIDE_STYLE ('',( #2890 ) ) ;
#2547 = CARTESIAN_POINT ( 'NONE',  ( 0.7999999999999979350, 0.6500000000000000222, -0.07999999999999998779 ) ) ;
#2548 = EDGE_CURVE ( 'NONE', #3543, #3313, #95, .T. ) ;
#2549 = FILL_AREA_STYLE ('',( #5634 ) ) ;
#2550 = LINE ( 'NONE', #6670, #5951 ) ;
#2551 = VERTEX_POINT ( 'NONE', #6204 ) ;
#2552 = ORIENTED_EDGE ( 'NONE', *, *, #6441, .F. ) ;
#2553 = VECTOR ( 'NONE', #561, 1000.000000000000000 ) ;
#2554 = FILL_AREA_STYLE ('',( #2022 ) ) ;
#2555 = COLOUR_RGB ( '',0.6470588235294117974, 0.5176470588235293491, 0.0000000000000000000 ) ;
#2556 = PRESENTATION_LAYER_ASSIGNMENT (  '', '', ( #2430 ) ) ;
#2557 = PLANE ( 'NONE',  #3420 ) ;
#2558 = FACE_OUTER_BOUND ( 'NONE', #4722, .T. ) ;
#2559 = ORIENTED_EDGE ( 'NONE', *, *, #2367, .F. ) ;
#2560 = EDGE_LOOP ( 'NONE', ( #5495, #5953, #6518, #1273 ) ) ;
#2561 =( NAMED_UNIT ( * ) PLANE_ANGLE_UNIT ( ) SI_UNIT ( $, .RADIAN. ) );
#2562 =( GEOMETRIC_REPRESENTATION_CONTEXT ( 3 ) GLOBAL_UNCERTAINTY_ASSIGNED_CONTEXT ( ( #6232 ) ) GLOBAL_UNIT_ASSIGNED_CONTEXT ( ( #740, #3327, #1256 ) ) REPRESENTATION_CONTEXT ( 'NONE', 'WORKASPACE' ) );
#2563 = CARTESIAN_POINT ( 'NONE',  ( 0.9999999999999981126, 0.6500000000000000222, -0.4500000000000000111 ) ) ;
#2564 = PRESENTATION_STYLE_ASSIGNMENT (( #2973 ) ) ;
#2565 = VECTOR ( 'NONE', #6578, 1000.000000000000000 ) ;
#2566 = ORIENTED_EDGE ( 'NONE', *, *, #2807, .F. ) ;
#2567 = ADVANCED_FACE ( 'NONE', ( #3021 ), #5743, .F. ) ;
#2568 =( NAMED_UNIT ( * ) SI_UNIT ( $, .STERADIAN. ) SOLID_ANGLE_UNIT ( ) );
#2569 = LINE ( 'NONE', #2760, #2986 ) ;
#2570 = ORIENTED_EDGE ( 'NONE', *, *, #4298, .T. ) ;
#2571 = STYLED_ITEM ( 'NONE', ( #5776 ), #5163 ) ;
#2572 = DIRECTION ( 'NONE',  ( 0.0000000000000000000, 0.0000000000000000000, -1.000000000000000000 ) ) ;
#2573 = ORIENTED_EDGE ( 'NONE', *, *, #3527, .F. ) ;
#2574 = CARTESIAN_POINT ( 'NONE',  ( -1.000000000000000222, -1.000000000000000000, 0.4199999999999999845 ) ) ;
#2575 = ORIENTED_EDGE ( 'NONE', *, *, #4664, .T. ) ;
#2576 = VERTEX_POINT ( 'NONE', #4222 ) ;
#2577 = ORIENTED_EDGE ( 'NONE', *, *, #4789, .F. ) ;
#2578 = STYLED_ITEM ( 'NONE', ( #5331 ), #6552 ) ;
#2579 = UNCERTAINTY_MEASURE_WITH_UNIT (LENGTH_MEASURE( 1.000000000000000082E-05 ), #1540, 'distance_accuracy_value', 'NONE');
#2580 = ORIENTED_EDGE ( 'NONE', *, *, #5850, .F. ) ;
#2581 = COLOUR_RGB ( '',0.6470588235294117974, 0.5176470588235293491, 0.0000000000000000000 ) ;
#2582 = CARTESIAN_POINT ( 'NONE',  ( 0.9999000000000002331, -0.4200000000000000400, -0.4500000000000000111 ) ) ;
#2583 = EDGE_CURVE ( 'NONE', #3459, #597, #1042, .T. ) ;
#2584 = DIRECTION ( 'NONE',  ( -0.0000000000000000000, -0.0000000000000000000, -1.000000000000000000 ) ) ;
#2585 = EDGE_LOOP ( 'NONE', ( #4495, #4287, #4727, #2081, #3368, #6488, #5880, #2873, #3854, #1266 ) ) ;
#2586 = ORIENTED_EDGE ( 'NONE', *, *, #4612, .F. ) ;
#2587 = DIRECTION ( 'NONE',  ( 0.0000000000000000000, -1.000000000000000000, 0.0000000000000000000 ) ) ;
#2588 = CARTESIAN_POINT ( 'NONE',  ( -0.9999000000000002331, 0.0000000000000000000, 0.0000000000000000000 ) ) ;
#2589 = DIRECTION ( 'NONE',  ( -0.0000000000000000000, -0.0000000000000000000, 1.000000000000000000 ) ) ;
#2590 = DIRECTION ( 'NONE',  ( 0.0000000000000000000, 0.0000000000000000000, 1.000000000000000000 ) ) ;
#2591 = AXIS2_PLACEMENT_3D ( 'NONE', #1472, #1454, #2495 ) ;
#2592 = VECTOR ( 'NONE', #866, 1000.000000000000000 ) ;
#2593 = CARTESIAN_POINT ( 'NONE',  ( 0.9999000000000002331, -0.4200000000000000400, -0.4500000000000000111 ) ) ;
#2594 = SURFACE_STYLE_USAGE ( .BOTH. , #1628 ) ;
#2595 = ADVANCED_FACE ( 'NONE', ( #2 ), #3070, .F. ) ;
#2596 = EDGE_CURVE ( 'NONE', #5535, #4510, #5838, .T. ) ;
#2597 = LINE ( 'NONE', #5330, #4233 ) ;
#2598 = VECTOR ( 'NONE', #320, 1000.000000000000000 ) ;
#2599 = VECTOR ( 'NONE', #5643, 1000.000000000000000 ) ;
#2600 = VERTEX_POINT ( 'NONE', #467 ) ;
#2601 = EDGE_LOOP ( 'NONE', ( #4837, #1002, #4640, #5491, #4336, #3452, #2256 ) ) ;
#2602 = DIRECTION ( 'NONE',  ( -0.0000000000000000000, -0.0000000000000000000, -1.000000000000000000 ) ) ;
#2603 = VECTOR ( 'NONE', #2250, 1000.000000000000000 ) ;
#2604 =( LENGTH_UNIT ( ) NAMED_UNIT ( * ) SI_UNIT ( .MILLI., .METRE. ) );
#2605 = CARTESIAN_POINT ( 'NONE',  ( -0.9999999999999981126, 0.6500000000000000222, -0.4199999999999999845 ) ) ;
#2606 = CARTESIAN_POINT ( 'NONE',  ( -0.9998000000000003551, 0.8799999999999998934, 2.137469317664817847 ) ) ;
#2607 = VECTOR ( 'NONE', #1280, 1000.000000000000000 ) ;
#2608 = AXIS2_PLACEMENT_3D ( 'NONE', #605, #1645, #3284 ) ;
#2609 = STYLED_ITEM ( 'NONE', ( #5954 ), #4763 ) ;
#2610 = CARTESIAN_POINT ( 'NONE',  ( -0.9999000000000002331, 0.2299999999999999545, -0.04499999999999995670 ) ) ;
#2611 = SURFACE_STYLE_FILL_AREA ( #5215 ) ;
#2612 = DIRECTION ( 'NONE',  ( 0.0000000000000000000, 0.0000000000000000000, -1.000000000000000000 ) ) ;
#2613 = VERTEX_POINT ( 'NONE', #975 ) ;
#2614 = LINE ( 'NONE', #3669, #2038 ) ;
#2615 = FILL_AREA_STYLE_COLOUR ( '', #4715 ) ;
#2616 = CARTESIAN_POINT ( 'NONE',  ( 0.5999999999999843237, -0.4999999999999998890, -0.4199999999999999845 ) ) ;
#2617 = FACE_OUTER_BOUND ( 'NONE', #2770, .T. ) ;
#2618 =( NAMED_UNIT ( * ) SI_UNIT ( $, .STERADIAN. ) SOLID_ANGLE_UNIT ( ) );
#2619 = FILL_AREA_STYLE_COLOUR ( '', #6272 ) ;
#2620 =( GEOMETRIC_REPRESENTATION_CONTEXT ( 3 ) GLOBAL_UNCERTAINTY_ASSIGNED_CONTEXT ( ( #3677 ) ) GLOBAL_UNIT_ASSIGNED_CONTEXT ( ( #1893, #2410, #4442 ) ) REPRESENTATION_CONTEXT ( 'NONE', 'WORKASPACE' ) );
#2621 = DIRECTION ( 'NONE',  ( 0.0000000000000000000, 0.0000000000000000000, 1.000000000000000000 ) ) ;
#2622 = LINE ( 'NONE', #3763, #347 ) ;
#2623 = VECTOR ( 'NONE', #5677, 1000.000000000000000 ) ;
#2624 = UNCERTAINTY_MEASURE_WITH_UNIT (LENGTH_MEASURE( 1.000000000000000082E-05 ), #6505, 'distance_accuracy_value', 'NONE');
#2625 = CARTESIAN_POINT ( 'NONE',  ( 0.5999999999999984235, 0.4500000000000000111, -0.04499999999999995670 ) ) ;
#2626 = CARTESIAN_POINT ( 'NONE',  ( 0.8000000000000001554, 0.0000000000000000000, -0.07999999999999998779 ) ) ;
#2627 = SURFACE_SIDE_STYLE ('',( #4075 ) ) ;
#2628 = LINE ( 'NONE', #3123, #3358 ) ;
#2629 = COLOUR_RGB ( '',0.6470588235294117974, 0.5176470588235293491, 0.0000000000000000000 ) ;
#2630 = DIRECTION ( 'NONE',  ( -1.000000000000000000, 0.0000000000000000000, 0.0000000000000000000 ) ) ;
#2631 = EDGE_CURVE ( 'NONE', #1332, #3473, #5008, .T. ) ;
#2632 = VECTOR ( 'NONE', #6210, 1000.000000000000000 ) ;
#2633 = ADVANCED_FACE ( 'NONE', ( #5345 ), #1004, .F. ) ;
#2634 = EDGE_CURVE ( 'NONE', #4433, #2246, #1208, .T. ) ;
#2635 = EDGE_LOOP ( 'NONE', ( #3440, #5123, #4665, #482 ) ) ;
#2636 = CARTESIAN_POINT ( 'NONE',  ( 0.0000000000000000000, 0.8500000000000000888, -0.4199999999999999845 ) ) ;
#2638 = STYLED_ITEM ( 'NONE', ( #290 ), #612 ) ;
#2637 = CARTESIAN_POINT ( 'NONE',  ( 0.8864218330839926940, 0.4499999999999999001, -0.04499999999999995670 ) ) ;
#2639 =( GEOMETRIC_REPRESENTATION_CONTEXT ( 3 ) GLOBAL_UNCERTAINTY_ASSIGNED_CONTEXT ( ( #1701 ) ) GLOBAL_UNIT_ASSIGNED_CONTEXT ( ( #3270, #2272, #2817 ) ) REPRESENTATION_CONTEXT ( 'NONE', 'WORKASPACE' ) );
#2640 = PRESENTATION_STYLE_ASSIGNMENT (( #640 ) ) ;
#2641 = CARTESIAN_POINT ( 'NONE',  ( 0.9997999999999999110, -0.9998000000000001330, 2.137469317664817847 ) ) ;
#2642 = FILL_AREA_STYLE_COLOUR ( '', #1287 ) ;
#2643 = LINE ( 'NONE', #2324, #1966 ) ;
#2644 = EDGE_LOOP ( 'NONE', ( #630, #6550, #2886, #5056 ) ) ;
#2645 = CARTESIAN_POINT ( 'NONE',  ( -0.9998000000000003551, 0.9998000000000001330, 2.137469317664817847 ) ) ;
#2646 = SURFACE_STYLE_USAGE ( .BOTH. , #1035 ) ;
#2647 = EDGE_LOOP ( 'NONE', ( #3575, #4637, #4182, #1737 ) ) ;
#2648 = EDGE_CURVE ( 'NONE', #1814, #6449, #6549, .T. ) ;
#2649 = DIRECTION ( 'NONE',  ( 0.0000000000000000000, -1.000000000000000000, 0.0000000000000000000 ) ) ;
#2650 = PRESENTATION_STYLE_ASSIGNMENT (( #3708 ) ) ;
#2651 = ORIENTED_EDGE ( 'NONE', *, *, #2199, .F. ) ;
#2653 = CARTESIAN_POINT ( 'NONE',  ( 0.9999000000000002331, 0.4200000000000000400, -0.4500000000000000111 ) ) ;
#2652 = VECTOR ( 'NONE', #4254, 1000.000000000000000 ) ;
#2654 = SURFACE_STYLE_FILL_AREA ( #3309 ) ;
#2655 = ORIENTED_EDGE ( 'NONE', *, *, #3944, .F. ) ;
#2656 = MECHANICAL_DESIGN_GEOMETRIC_PRESENTATION_REPRESENTATION (  '', ( #86 ), #1720 ) ;
#2657 = ORIENTED_EDGE ( 'NONE', *, *, #1930, .T. ) ;
#2658 = MECHANICAL_DESIGN_GEOMETRIC_PRESENTATION_REPRESENTATION (  '', ( #2430 ), #3831 ) ;
#2659 = DIRECTION ( 'NONE',  ( -3.614007241618355673E-16, 1.000000000000000000, 0.0000000000000000000 ) ) ;
#2660 = AXIS2_PLACEMENT_3D ( 'NONE', #2744, #4303, #5851 ) ;
#2661 = DIRECTION ( 'NONE',  ( -0.0000000000000000000, 1.000000000000000000, 0.0000000000000000000 ) ) ;
#2662 = ORIENTED_EDGE ( 'NONE', *, *, #4128, .T. ) ;
#2663 = COLOUR_RGB ( '',0.6470588235294117974, 0.5176470588235293491, 0.0000000000000000000 ) ;
#2664 = ORIENTED_EDGE ( 'NONE', *, *, #1276, .T. ) ;
#2665 = CARTESIAN_POINT ( 'NONE',  ( -0.5999999999999913181, -0.1500000000000000222, -0.4500000000000000111 ) ) ;
#2666 =( NAMED_UNIT ( * ) SI_UNIT ( $, .STERADIAN. ) SOLID_ANGLE_UNIT ( ) );
#2667 = SURFACE_STYLE_USAGE ( .BOTH. , #5231 ) ;
#2668 = EDGE_LOOP ( 'NONE', ( #6521, #5234, #2497, #518, #5932, #1835, #678 ) ) ;
#2669 = SURFACE_SIDE_STYLE ('',( #1155 ) ) ;
#2670 = CARTESIAN_POINT ( 'NONE',  ( -0.5999999999999913181, -0.1500000000000000222, -0.4500000000000000111 ) ) ;
#2671 = ORIENTED_EDGE ( 'NONE', *, *, #1563, .T. ) ;
#2672 = UNCERTAINTY_MEASURE_WITH_UNIT (LENGTH_MEASURE( 1.000000000000000082E-05 ), #2012, 'distance_accuracy_value', 'NONE');
#2673 = ORIENTED_EDGE ( 'NONE', *, *, #3277, .F. ) ;
#2674 = FILL_AREA_STYLE ('',( #6668 ) ) ;
#2675 = ADVANCED_FACE ( 'NONE', ( #2773 ), #3892, .F. ) ;
#2676 = VECTOR ( 'NONE', #5379, 1000.000000000000000 ) ;
#2677 =( GEOMETRIC_REPRESENTATION_CONTEXT ( 3 ) GLOBAL_UNCERTAINTY_ASSIGNED_CONTEXT ( ( #4770 ) ) GLOBAL_UNIT_ASSIGNED_CONTEXT ( ( #4858, #5428, #6417 ) ) REPRESENTATION_CONTEXT ( 'NONE', 'WORKASPACE' ) );
#2678 = CARTESIAN_POINT ( 'NONE',  ( -0.9999999999999981126, 0.6500000000000000222, -0.08000000000000001554 ) ) ;
#2679 = EDGE_CURVE ( 'NONE', #6517, #4816, #407, .T. ) ;
#2680 = VECTOR ( 'NONE', #2033, 1000.000000000000000 ) ;
#2681 = CARTESIAN_POINT ( 'NONE',  ( -0.9999000000000002331, 0.4499999999999999556, -0.4500000000000000111 ) ) ;
#2682 =( GEOMETRIC_REPRESENTATION_CONTEXT ( 3 ) GLOBAL_UNCERTAINTY_ASSIGNED_CONTEXT ( ( #1474 ) ) GLOBAL_UNIT_ASSIGNED_CONTEXT ( ( #5079, #425, #3028 ) ) REPRESENTATION_CONTEXT ( 'NONE', 'WORKASPACE' ) );
#2683 = AXIS2_PLACEMENT_3D ( 'NONE', #2686, #3200, #6340 ) ;
#2684 = CARTESIAN_POINT ( 'NONE',  ( -0.9999000000000002331, -0.2299999999999999545, -0.4500000000000000111 ) ) ;
#2685 = FACE_OUTER_BOUND ( 'NONE', #4740, .T. ) ;
#2686 = CARTESIAN_POINT ( 'NONE',  ( 0.1100000000000010553, 0.1100000000000010553, -0.04499999999999995670 ) ) ;
#2687 = COLOUR_RGB ( '',0.6470588235294117974, 0.5176470588235293491, 0.0000000000000000000 ) ;
#2688 = CIRCLE ( 'NONE', #2905, 0.05000000000000002359 ) ;
#2689 = EDGE_CURVE ( 'NONE', #2613, #4648, #3016, .T. ) ;
#2690 = CARTESIAN_POINT ( 'NONE',  ( 0.8864218330839926940, 0.4499999999999999001, -0.4199999999999999845 ) ) ;
#2691 = DIRECTION ( 'NONE',  ( 0.0000000000000000000, 0.0000000000000000000, -1.000000000000000000 ) ) ;
#2692 = CARTESIAN_POINT ( 'NONE',  ( 0.9999999999999913403, 0.0000000000000000000, -0.07999999999999998779 ) ) ;
#2693 = FILL_AREA_STYLE ('',( #3301 ) ) ;
#2694 =( GEOMETRIC_REPRESENTATION_CONTEXT ( 3 ) GLOBAL_UNCERTAINTY_ASSIGNED_CONTEXT ( ( #5178 ) ) GLOBAL_UNIT_ASSIGNED_CONTEXT ( ( #2190, #2139, #1603 ) ) REPRESENTATION_CONTEXT ( 'NONE', 'WORKASPACE' ) );
#2695 = ORIENTED_EDGE ( 'NONE', *, *, #3734, .F. ) ;
#2696 = VECTOR ( 'NONE', #5371, 1000.000000000000114 ) ;
#2697 = DIRECTION ( 'NONE',  ( 0.0000000000000000000, 0.0000000000000000000, -1.000000000000000000 ) ) ;
#2698 = FILL_AREA_STYLE_COLOUR ( '', #117 ) ;
#2699 = AXIS2_PLACEMENT_3D ( 'NONE', #1728, #2350, #6430 ) ;
#2700 = LINE ( 'NONE', #3580, #3108 ) ;
#2701 =( NAMED_UNIT ( * ) SI_UNIT ( $, .STERADIAN. ) SOLID_ANGLE_UNIT ( ) );
#2702 = CARTESIAN_POINT ( 'NONE',  ( 0.9999000000000002331, 0.4200000217391314794, -0.4500000000000000111 ) ) ;
#2703 = PRESENTATION_STYLE_ASSIGNMENT (( #3022 ) ) ;
#2704 =( LENGTH_UNIT ( ) NAMED_UNIT ( * ) SI_UNIT ( .MILLI., .METRE. ) );
#2705 = SURFACE_SIDE_STYLE ('',( #6110 ) ) ;
#2706 = AXIS2_PLACEMENT_3D ( 'NONE', #5897, #1147, #6405 ) ;
#2707 = ADVANCED_FACE ( 'NONE', ( #4780 ), #3493, .T. ) ;
#2708 = FILL_AREA_STYLE_COLOUR ( '', #3818 ) ;
#2709 = FILL_AREA_STYLE ('',( #6075 ) ) ;
#2710 = UNCERTAINTY_MEASURE_WITH_UNIT (LENGTH_MEASURE( 1.000000000000000082E-05 ), #1436, 'distance_accuracy_value', 'NONE');
#2711 = DIRECTION ( 'NONE',  ( -1.000000000000000000, 0.0000000000000000000, 0.0000000000000000000 ) ) ;
#2712 = FACE_OUTER_BOUND ( 'NONE', #6674, .T. ) ;
#2713 = ORIENTED_EDGE ( 'NONE', *, *, #5654, .F. ) ;
#2714 =( NAMED_UNIT ( * ) SI_UNIT ( $, .STERADIAN. ) SOLID_ANGLE_UNIT ( ) );
#2715 = SURFACE_STYLE_USAGE ( .BOTH. , #5807 ) ;
#2716 = CARTESIAN_POINT ( 'NONE',  ( -0.9999000000000002331, 0.0000000000000000000, 0.0000000000000000000 ) ) ;
#2717 = FACE_OUTER_BOUND ( 'NONE', #3556, .T. ) ;
#2718 = MECHANICAL_DESIGN_GEOMETRIC_PRESENTATION_REPRESENTATION (  '', ( #695 ), #2677 ) ;
#2719 = FACE_OUTER_BOUND ( 'NONE', #6269, .T. ) ;
#2720 = CARTESIAN_POINT ( 'NONE',  ( -0.5499999999999979350, 0.7700000000000000178, -0.04499999999999995670 ) ) ;
#2721 = UNCERTAINTY_MEASURE_WITH_UNIT (LENGTH_MEASURE( 1.000000000000000082E-05 ), #6106, 'distance_accuracy_value', 'NONE');
#2722 = EDGE_CURVE ( 'NONE', #3932, #4355, #2917, .T. ) ;
#2723 = PRESENTATION_STYLE_ASSIGNMENT (( #2041 ) ) ;
#2724 = ORIENTED_EDGE ( 'NONE', *, *, #6631, .T. ) ;
#2725 = ORIENTED_EDGE ( 'NONE', *, *, #1754, .F. ) ;
#2726 = SURFACE_SIDE_STYLE ('',( #2611 ) ) ;
#2727 = CARTESIAN_POINT ( 'NONE',  ( 0.9999000000000002331, 0.4499999999999999556, -0.4500000000000000111 ) ) ;
#2728 = MECHANICAL_DESIGN_GEOMETRIC_PRESENTATION_REPRESENTATION (  '', ( #1664 ), #3080 ) ;
#2729 = COLOUR_RGB ( '',0.6470588235294117974, 0.5176470588235293491, 0.0000000000000000000 ) ;
#2730 = VERTEX_POINT ( 'NONE', #1399 ) ;
#2731 = CARTESIAN_POINT ( 'NONE',  ( 0.5999999999999912070, 0.1500000000000001055, -0.4199999999999999845 ) ) ;
#2732 = ORIENTED_EDGE ( 'NONE', *, *, #6225, .T. ) ;
#2733 =( NAMED_UNIT ( * ) PLANE_ANGLE_UNIT ( ) SI_UNIT ( $, .RADIAN. ) );
#2735 =( GEOMETRIC_REPRESENTATION_CONTEXT ( 3 ) GLOBAL_UNCERTAINTY_ASSIGNED_CONTEXT ( ( #6013 ) ) GLOBAL_UNIT_ASSIGNED_CONTEXT ( ( #3392, #6509, #1785 ) ) REPRESENTATION_CONTEXT ( 'NONE', 'WORKASPACE' ) );
#2734 =( LENGTH_UNIT ( ) NAMED_UNIT ( * ) SI_UNIT ( .MILLI., .METRE. ) );
#2736 = AXIS2_PLACEMENT_3D ( 'NONE', #3864, #2313, #5930 ) ;
#2737 = FILL_AREA_STYLE ('',( #3804 ) ) ;
#2738 = PRESENTATION_STYLE_ASSIGNMENT (( #6609 ) ) ;
#2739 = DIRECTION ( 'NONE',  ( 1.000000000000000000, 0.0000000000000000000, -0.0000000000000000000 ) ) ;
#2740 = ORIENTED_EDGE ( 'NONE', *, *, #871, .T. ) ;
#2741 = DIRECTION ( 'NONE',  ( 1.000000000000000000, 0.0000000000000000000, 0.0000000000000000000 ) ) ;
#2742 = EDGE_CURVE ( 'NONE', #306, #528, #2688, .T. ) ;
#2743 = ORIENTED_EDGE ( 'NONE', *, *, #5874, .T. ) ;
#2744 = CARTESIAN_POINT ( 'NONE',  ( 0.9999999999999913403, 0.0000000000000000000, -0.4500000000000000111 ) ) ;
#2745 = ORIENTED_EDGE ( 'NONE', *, *, #2291, .T. ) ;
#2746 = ADVANCED_FACE ( 'NONE', ( #2017 ), #5177, .F. ) ;
#2747 = AXIS2_PLACEMENT_3D ( 'NONE', #4339, #212, #185 ) ;
#2748 = CARTESIAN_POINT ( 'NONE',  ( -0.5499999999999840572, 1.987703982890038132E-16, -0.04499999999999995670 ) ) ;
#2749 = ORIENTED_EDGE ( 'NONE', *, *, #6089, .F. ) ;
#2750 = ORIENTED_EDGE ( 'NONE', *, *, #5937, .F. ) ;
#2751 = AXIS2_PLACEMENT_3D ( 'NONE', #2365, #231, #2382 ) ;
#2752 = DIRECTION ( 'NONE',  ( 0.0000000000000000000, 0.0000000000000000000, -1.000000000000000000 ) ) ;
#2753 = SURFACE_STYLE_USAGE ( .BOTH. , #4786 ) ;
#2754 =( GEOMETRIC_REPRESENTATION_CONTEXT ( 3 ) GLOBAL_UNCERTAINTY_ASSIGNED_CONTEXT ( ( #3169 ) ) GLOBAL_UNIT_ASSIGNED_CONTEXT ( ( #1696, #2781, #4281 ) ) REPRESENTATION_CONTEXT ( 'NONE', 'WORKASPACE' ) );
#2755 =( LENGTH_UNIT ( ) NAMED_UNIT ( * ) SI_UNIT ( .MILLI., .METRE. ) );
#2756 = VERTEX_POINT ( 'NONE', #4297 ) ;
#2757 = ORIENTED_EDGE ( 'NONE', *, *, #6464, .F. ) ;
#2758 = VECTOR ( 'NONE', #1939, 1000.000000000000000 ) ;
#2759 = DIRECTION ( 'NONE',  ( -0.0000000000000000000, 1.000000000000000000, 0.0000000000000000000 ) ) ;
#2760 = CARTESIAN_POINT ( 'NONE',  ( 0.5499999999999980460, 0.5000000000000003331, -0.04499999999999995670 ) ) ;
#2761 =( NAMED_UNIT ( * ) SI_UNIT ( $, .STERADIAN. ) SOLID_ANGLE_UNIT ( ) );
#2762 =( GEOMETRIC_REPRESENTATION_CONTEXT ( 3 ) GLOBAL_UNCERTAINTY_ASSIGNED_CONTEXT ( ( #6274 ) ) GLOBAL_UNIT_ASSIGNED_CONTEXT ( ( #2521, #6069, #3078 ) ) REPRESENTATION_CONTEXT ( 'NONE', 'WORKASPACE' ) );
#2763 = UNCERTAINTY_MEASURE_WITH_UNIT (LENGTH_MEASURE( 1.000000000000000082E-05 ), #809, 'distance_accuracy_value', 'NONE');
#2764 = ORIENTED_EDGE ( 'NONE', *, *, #2277, .F. ) ;
#2765 = EDGE_CURVE ( 'NONE', #5732, #3759, #792, .T. ) ;
#2766 = DIRECTION ( 'NONE',  ( 1.000000000000000000, 0.0000000000000000000, 0.0000000000000000000 ) ) ;
#2767 = FILL_AREA_STYLE_COLOUR ( '', #5221 ) ;
#2768 = EDGE_CURVE ( 'NONE', #2236, #3548, #5991, .T. ) ;
#2769 = AXIS2_PLACEMENT_3D ( 'NONE', #2882, #5959, #3387 ) ;
#2770 = EDGE_LOOP ( 'NONE', ( #4271, #2184, #1328, #152 ) ) ;
#2771 = PRESENTATION_LAYER_ASSIGNMENT (  '', '', ( #3474 ) ) ;
#2772 = SURFACE_STYLE_FILL_AREA ( #1192 ) ;
#2773 = FACE_OUTER_BOUND ( 'NONE', #4424, .T. ) ;
#2774 = PLANE ( 'NONE',  #4644 ) ;
#2775 = EDGE_CURVE ( 'NONE', #4816, #991, #6393, .T. ) ;
#2776 = SURFACE_SIDE_STYLE ('',( #5863 ) ) ;
#2777 = DIRECTION ( 'NONE',  ( -0.0000000000000000000, -0.0000000000000000000, 1.000000000000000000 ) ) ;
#2778 = SURFACE_STYLE_FILL_AREA ( #3113 ) ;
#2779 = CARTESIAN_POINT ( 'NONE',  ( -0.9999999999999981126, 0.6500000000000000222, -0.04499999999999995670 ) ) ;
#2780 =( GEOMETRIC_REPRESENTATION_CONTEXT ( 3 ) GLOBAL_UNCERTAINTY_ASSIGNED_CONTEXT ( ( #6217 ) ) GLOBAL_UNIT_ASSIGNED_CONTEXT ( ( #2284, #240, #5909 ) ) REPRESENTATION_CONTEXT ( 'NONE', 'WORKASPACE' ) );
#2781 =( NAMED_UNIT ( * ) PLANE_ANGLE_UNIT ( ) SI_UNIT ( $, .RADIAN. ) );
#2782 = VECTOR ( 'NONE', #5663, 1000.000000000000000 ) ;
#2783 =( NAMED_UNIT ( * ) SI_UNIT ( $, .STERADIAN. ) SOLID_ANGLE_UNIT ( ) );
#2784 = STYLED_ITEM ( 'NONE', ( #5915 ), #2707 ) ;
#2785 = FILL_AREA_STYLE_COLOUR ( '', #2788 ) ;
#2786 = AXIS2_PLACEMENT_3D ( 'NONE', #2463, #2995, #5551 ) ;
#2787 = DIRECTION ( 'NONE',  ( -0.0000000000000000000, -0.0000000000000000000, 1.000000000000000000 ) ) ;
#2788 = COLOUR_RGB ( '',0.6470588235294117974, 0.5176470588235293491, 0.0000000000000000000 ) ;
#2789 = CARTESIAN_POINT ( 'NONE',  ( 0.0000000000000000000, 0.0000000000000000000, -0.04499999999999995670 ) ) ;
#2790 = LINE ( 'NONE', #4725, #3274 ) ;
#2791 = LINE ( 'NONE', #3182, #1391 ) ;
#2792 = DIRECTION ( 'NONE',  ( 0.0000000000000000000, 0.0000000000000000000, -1.000000000000000000 ) ) ;
#2793 = PRESENTATION_LAYER_ASSIGNMENT (  '', '', ( #3498 ) ) ;
#2794 = CIRCLE ( 'NONE', #52, 0.05000000000000002359 ) ;
#2795 = DIRECTION ( 'NONE',  ( 0.0000000000000000000, 1.000000000000000000, 0.0000000000000000000 ) ) ;
#2796 = SURFACE_STYLE_FILL_AREA ( #5985 ) ;
#2797 = EDGE_LOOP ( 'NONE', ( #2227, #40, #6500 ) ) ;
#2798 =( LENGTH_UNIT ( ) NAMED_UNIT ( * ) SI_UNIT ( .MILLI., .METRE. ) );
#2799 = PRESENTATION_STYLE_ASSIGNMENT (( #1484 ) ) ;
#2800 = VERTEX_POINT ( 'NONE', #2229 ) ;
#2801 = SURFACE_SIDE_STYLE ('',( #6004 ) ) ;
#2802 = FILL_AREA_STYLE_COLOUR ( '', #5877 ) ;
#2803 = LINE ( 'NONE', #2574, #3542 ) ;
#2804 = ORIENTED_EDGE ( 'NONE', *, *, #2826, .F. ) ;
#2805 = ORIENTED_EDGE ( 'NONE', *, *, #2988, .T. ) ;
#2806 = ADVANCED_FACE ( 'NONE', ( #3753 ), #4335, .T. ) ;
#2807 = EDGE_CURVE ( 'NONE', #1477, #216, #6705, .T. ) ;
#2808 = VERTEX_POINT ( 'NONE', #2942 ) ;
#2809 = SURFACE_STYLE_FILL_AREA ( #2051 ) ;
#2810 = VERTEX_POINT ( 'NONE', #5055 ) ;
#2811 = LINE ( 'NONE', #192, #4500 ) ;
#2812 = ORIENTED_EDGE ( 'NONE', *, *, #2047, .T. ) ;
#2813 = ORIENTED_EDGE ( 'NONE', *, *, #576, .T. ) ;
#2814 = EDGE_CURVE ( 'NONE', #991, #2850, #6234, .T. ) ;
#2815 = CARTESIAN_POINT ( 'NONE',  ( -1.000000000000000222, -0.2299999999999999545, -0.08000000000000004330 ) ) ;
#2816 = CARTESIAN_POINT ( 'NONE',  ( -0.8864218330839929161, 0.8500000000000000888, -0.4500000000000000111 ) ) ;
#2818 = STYLED_ITEM ( 'NONE', ( #1868 ), #1430 ) ;
#2817 =( NAMED_UNIT ( * ) SI_UNIT ( $, .STERADIAN. ) SOLID_ANGLE_UNIT ( ) );
#2819 = EDGE_LOOP ( 'NONE', ( #3620, #840, #3372, #1753, #5655, #5473, #2580, #5135 ) ) ;
#2820 = DIRECTION ( 'NONE',  ( -1.000000000000000000, 0.0000000000000000000, 0.0000000000000000000 ) ) ;
#2821 = ORIENTED_EDGE ( 'NONE', *, *, #4026, .F. ) ;
#2822 = FACE_OUTER_BOUND ( 'NONE', #2585, .T. ) ;
#2823 = FILL_AREA_STYLE ('',( #230 ) ) ;
#2824 = UNCERTAINTY_MEASURE_WITH_UNIT (LENGTH_MEASURE( 1.000000000000000082E-05 ), #4265, 'distance_accuracy_value', 'NONE');
#2825 =( NAMED_UNIT ( * ) SI_UNIT ( $, .STERADIAN. ) SOLID_ANGLE_UNIT ( ) );
#2826 = EDGE_CURVE ( 'NONE', #3543, #5535, #4774, .T. ) ;
#2827 = ORIENTED_EDGE ( 'NONE', *, *, #6321, .F. ) ;
#2828 = VECTOR ( 'NONE', #3910, 1000.000000000000000 ) ;
#2829 = ORIENTED_EDGE ( 'NONE', *, *, #1677, .T. ) ;
#2830 = MECHANICAL_DESIGN_GEOMETRIC_PRESENTATION_REPRESENTATION (  '', ( #5857 ), #3582 ) ;
#2831 = VERTEX_POINT ( 'NONE', #1388 ) ;
#2832 = FILL_AREA_STYLE_COLOUR ( '', #1899 ) ;
#2833 = AXIS2_PLACEMENT_3D ( 'NONE', #6341, #3784, #1691 ) ;
#2834 = FILL_AREA_STYLE ('',( #4324 ) ) ;
#2835 = PRESENTATION_STYLE_ASSIGNMENT (( #686 ) ) ;
#2836 = FACE_OUTER_BOUND ( 'NONE', #2496, .T. ) ;
#2837 = DIRECTION ( 'NONE',  ( 1.000000000000000000, -0.0000000000000000000, 0.0000000000000000000 ) ) ;
#2838 = ORIENTED_EDGE ( 'NONE', *, *, #3891, .F. ) ;
#2839 = UNCERTAINTY_MEASURE_WITH_UNIT (LENGTH_MEASURE( 1.000000000000000082E-05 ), #5945, 'distance_accuracy_value', 'NONE');
#2840 = SURFACE_SIDE_STYLE ('',( #3752 ) ) ;
#2841 = CIRCLE ( 'NONE', #1043, 0.2299999999999999545 ) ;
#2842 = PRESENTATION_LAYER_ASSIGNMENT (  '', '', ( #4683 ) ) ;
#2843 = DIRECTION ( 'NONE',  ( 3.785333543925605834E-16, 1.000000000000000000, 0.0000000000000000000 ) ) ;
#2844 =( NAMED_UNIT ( * ) SI_UNIT ( $, .STERADIAN. ) SOLID_ANGLE_UNIT ( ) );
#2845 = VECTOR ( 'NONE', #6562, 1000.000000000000000 ) ;
#2846 = EDGE_CURVE ( 'NONE', #5043, #4844, #1204, .T. ) ;
#2847 = LINE ( 'NONE', #6617, #5425 ) ;
#2848 = CARTESIAN_POINT ( 'NONE',  ( -0.9999999999999981126, 0.6500000000000000222, -0.04499999999999995670 ) ) ;
#2849 =( NAMED_UNIT ( * ) SI_UNIT ( $, .STERADIAN. ) SOLID_ANGLE_UNIT ( ) );
#2850 = VERTEX_POINT ( 'NONE', #1935 ) ;
#2851 = STYLED_ITEM ( 'NONE', ( #986 ), #351 ) ;
#2852 = VERTEX_POINT ( 'NONE', #2428 ) ;
#2853 = FILL_AREA_STYLE ('',( #2832 ) ) ;
#2854 = CARTESIAN_POINT ( 'NONE',  ( 0.5499999999999913847, -0.1499999999999996614, -0.4500000000000000111 ) ) ;
#2855 =( GEOMETRIC_REPRESENTATION_CONTEXT ( 3 ) GLOBAL_UNCERTAINTY_ASSIGNED_CONTEXT ( ( #3411 ) ) GLOBAL_UNIT_ASSIGNED_CONTEXT ( ( #4461, #1871, #4482 ) ) REPRESENTATION_CONTEXT ( 'NONE', 'WORKASPACE' ) );
#2856 = PRESENTATION_LAYER_ASSIGNMENT (  '', '', ( #2509 ) ) ;
#2857 = VECTOR ( 'NONE', #1501, 1000.000000000000000 ) ;
#2858 = FILL_AREA_STYLE ('',( #1300 ) ) ;
#2859 = FILL_AREA_STYLE ('',( #4371 ) ) ;
#2860 = EDGE_CURVE ( 'NONE', #4064, #5278, #4854, .T. ) ;
#2861 = DIRECTION ( 'NONE',  ( 1.000000000000000000, 0.0000000000000000000, 0.0000000000000000000 ) ) ;
#2862 = LINE ( 'NONE', #5996, #1061 ) ;
#2863 = VECTOR ( 'NONE', #4063, 1000.000000000000000 ) ;
#2864 = PLANE ( 'NONE',  #663 ) ;
#2865 = MECHANICAL_DESIGN_GEOMETRIC_PRESENTATION_REPRESENTATION (  '', ( #2176 ), #4922 ) ;
#2866 = VECTOR ( 'NONE', #6580, 1000.000000000000000 ) ;
#2867 = SURFACE_STYLE_USAGE ( .BOTH. , #1354 ) ;
#2868 = DIRECTION ( 'NONE',  ( -0.0000000000000000000, -0.0000000000000000000, 1.000000000000000000 ) ) ;
#2869 = AXIS2_PLACEMENT_3D ( 'NONE', #5031, #3631, #5606 ) ;
#2870 = CARTESIAN_POINT ( 'NONE',  ( 0.9999000000000002331, 0.8500000000000000888, -0.04499999999999995670 ) ) ;
#2871 = CIRCLE ( 'NONE', #5504, 0.2299999999999999545 ) ;
#2872 = COLOUR_RGB ( '',0.6470588235294117974, 0.5176470588235293491, 0.0000000000000000000 ) ;
#2873 = ORIENTED_EDGE ( 'NONE', *, *, #20, .T. ) ;
#2874 =( GEOMETRIC_REPRESENTATION_CONTEXT ( 3 ) GLOBAL_UNCERTAINTY_ASSIGNED_CONTEXT ( ( #4251 ) ) GLOBAL_UNIT_ASSIGNED_CONTEXT ( ( #1706, #157, #4388 ) ) REPRESENTATION_CONTEXT ( 'NONE', 'WORKASPACE' ) );
#2875 = CARTESIAN_POINT ( 'NONE',  ( 0.0000000000000000000, 0.0000000000000000000, -0.4199999999999999845 ) ) ;
#2876 = VECTOR ( 'NONE', #6346, 1000.000000000000000 ) ;
#2877 = SURFACE_SIDE_STYLE ('',( #5057 ) ) ;
#2878 = DIRECTION ( 'NONE',  ( -0.0000000000000000000, -0.0000000000000000000, 1.000000000000000000 ) ) ;
#2879 = CYLINDRICAL_SURFACE ( 'NONE', #3490, 0.05000000000000002359 ) ;
#2880 = VECTOR ( 'NONE', #6638, 1000.000000000000000 ) ;
#2881 = VERTEX_POINT ( 'NONE', #2920 ) ;
#2882 = CARTESIAN_POINT ( 'NONE',  ( -0.9999999999999913403, 0.0000000000000000000, -0.4500000000000000111 ) ) ;
#2883 = CARTESIAN_POINT ( 'NONE',  ( 0.7499999999999997780, 0.9499999999999999556, -0.08000000000000001554 ) ) ;
#2884 = ORIENTED_EDGE ( 'NONE', *, *, #1633, .T. ) ;
#2885 = CARTESIAN_POINT ( 'NONE',  ( -0.7499999999999997780, -0.9499999999999999556, -0.03000000000000002318 ) ) ;
#2886 = ORIENTED_EDGE ( 'NONE', *, *, #3116, .T. ) ;
#2887 = CARTESIAN_POINT ( 'NONE',  ( 0.9999000000000002331, 0.8799999999999998934, -0.04499999999999995670 ) ) ;
#2888 = SURFACE_SIDE_STYLE ('',( #6032 ) ) ;
#2889 = CARTESIAN_POINT ( 'NONE',  ( 0.7499999999999997780, -0.9499999999999999556, -0.03000000000000002318 ) ) ;
#2890 = SURFACE_STYLE_FILL_AREA ( #916 ) ;
#2891 = EDGE_LOOP ( 'NONE', ( #4653, #4107, #3060, #3655, #5722, #1811, #544 ) ) ;
#2892 = EDGE_CURVE ( 'NONE', #1726, #4444, #4452, .T. ) ;
#2893 = STYLED_ITEM ( 'NONE', ( #1224 ), #546 ) ;
#2894 = CARTESIAN_POINT ( 'NONE',  ( 0.9999999999999997780, -1.000000000000000000, 0.4199999999999999845 ) ) ;
#2895 = SURFACE_STYLE_USAGE ( .BOTH. , #4914 ) ;
#2896 = SURFACE_SIDE_STYLE ('',( #6408 ) ) ;
#2897 = EDGE_CURVE ( 'NONE', #6034, #5220, #476, .T. ) ;
#2898 = PRESENTATION_STYLE_ASSIGNMENT (( #4697 ) ) ;
#2899 = PRODUCT_CONTEXT ( 'NONE', #6522, 'mechanical' ) ;
#2900 = ORIENTED_EDGE ( 'NONE', *, *, #6557, .T. ) ;
#2901 = CARTESIAN_POINT ( 'NONE',  ( 1.000000000000000222, 0.0000000000000000000, -0.4500000000000000111 ) ) ;
#2902 =( NAMED_UNIT ( * ) SI_UNIT ( $, .STERADIAN. ) SOLID_ANGLE_UNIT ( ) );
#2903 = FILL_AREA_STYLE_COLOUR ( '', #3103 ) ;
#2904 = ORIENTED_EDGE ( 'NONE', *, *, #17, .F. ) ;
#2905 = AXIS2_PLACEMENT_3D ( 'NONE', #2478, #2503, #3534 ) ;
#2906 = FILL_AREA_STYLE_COLOUR ( '', #4871 ) ;
#2907 = SURFACE_SIDE_STYLE ('',( #3496 ) ) ;
#2908 = DIRECTION ( 'NONE',  ( -1.000000000000000000, -0.0000000000000000000, -0.0000000000000000000 ) ) ;
#2909 = AXIS2_PLACEMENT_3D ( 'NONE', #6471, #5907, #283 ) ;
#2910 = SURFACE_STYLE_USAGE ( .BOTH. , #1853 ) ;
#2911 = SURFACE_STYLE_USAGE ( .BOTH. , #1831 ) ;
#2912 =( NAMED_UNIT ( * ) SI_UNIT ( $, .STERADIAN. ) SOLID_ANGLE_UNIT ( ) );
#2913 = LINE ( 'NONE', #3383, #1514 ) ;
#2914 = CARTESIAN_POINT ( 'NONE',  ( -0.9999999999999981126, 0.6500000000000000222, -0.04499999999999995670 ) ) ;
#2915 = AXIS2_PLACEMENT_3D ( 'NONE', #6480, #6526, #2861 ) ;
#2916 = UNCERTAINTY_MEASURE_WITH_UNIT (LENGTH_MEASURE( 1.000000000000000082E-05 ), #2290, 'distance_accuracy_value', 'NONE');
#2917 = CIRCLE ( 'NONE', #5763, 0.2299999999999999545 ) ;
#2918 = CARTESIAN_POINT ( 'NONE',  ( -0.9999000000000002331, -0.4200000217391315349, -0.04499999999999995670 ) ) ;
#2919 = FILL_AREA_STYLE_COLOUR ( '', #3872 ) ;
#2920 = CARTESIAN_POINT ( 'NONE',  ( 0.8864218330839790383, -0.8499999999999999778, -0.04499999999999995670 ) ) ;
#2921 = FILL_AREA_STYLE ('',( #2338 ) ) ;
#2922 = LINE ( 'NONE', #4947, #4153 ) ;
#2923 = AXIS2_PLACEMENT_3D ( 'NONE', #6687, #5198, #6251 ) ;
#2924 = ORIENTED_EDGE ( 'NONE', *, *, #5834, .F. ) ;
#2925 = CARTESIAN_POINT ( 'NONE',  ( 0.8864218330839790383, -0.8500000000000000888, -0.04499999999999995670 ) ) ;
#2926 = EDGE_CURVE ( 'NONE', #2475, #6395, #3975, .T. ) ;
#2927 = PLANE ( 'NONE',  #5510 ) ;
#2928 = FACE_OUTER_BOUND ( 'NONE', #3646, .T. ) ;
#2929 = CARTESIAN_POINT ( 'NONE',  ( 0.8864218330839861437, 0.2000000000000000944, -0.04499999999999995670 ) ) ;
#2930 = CYLINDRICAL_SURFACE ( 'NONE', #6639, 0.2299999999999999545 ) ;
#2931 = FILL_AREA_STYLE_COLOUR ( '', #4563 ) ;
#2932 = PRESENTATION_LAYER_ASSIGNMENT (  '', '', ( #962 ) ) ;
#2933 = VECTOR ( 'NONE', #4156, 1000.000000000000000 ) ;
#2934 =( LENGTH_UNIT ( ) NAMED_UNIT ( * ) SI_UNIT ( .MILLI., .METRE. ) );
#2935 =( NAMED_UNIT ( * ) PLANE_ANGLE_UNIT ( ) SI_UNIT ( $, .RADIAN. ) );
#2936 = ADVANCED_FACE ( 'NONE', ( #4602 ), #6157, .F. ) ;
#2937 = AXIS2_PLACEMENT_3D ( 'NONE', #4658, #4144, #869 ) ;
#2938 =( GEOMETRIC_REPRESENTATION_CONTEXT ( 3 ) GLOBAL_UNCERTAINTY_ASSIGNED_CONTEXT ( ( #401 ) ) GLOBAL_UNIT_ASSIGNED_CONTEXT ( ( #6434, #222, #3878 ) ) REPRESENTATION_CONTEXT ( 'NONE', 'WORKASPACE' ) );
#2939 = SURFACE_STYLE_USAGE ( .BOTH. , #378 ) ;
#2940 = VECTOR ( 'NONE', #3800, 1000.000000000000000 ) ;
#2941 = DIRECTION ( 'NONE',  ( 1.000000000000000000, 0.0000000000000000000, 0.0000000000000000000 ) ) ;
#2942 = CARTESIAN_POINT ( 'NONE',  ( 0.9998000000000003551, -0.8799999999999998934, -0.4199999999999999845 ) ) ;
#2943 = EDGE_CURVE ( 'NONE', #5682, #2262, #949, .T. ) ;
#2944 = DIRECTION ( 'NONE',  ( 0.0000000000000000000, 1.000000000000000000, 0.0000000000000000000 ) ) ;
#2945 = COLOUR_RGB ( '',0.6470588235294117974, 0.5176470588235293491, 0.0000000000000000000 ) ;
#2946 =( NAMED_UNIT ( * ) PLANE_ANGLE_UNIT ( ) SI_UNIT ( $, .RADIAN. ) );
#2947 = CARTESIAN_POINT ( 'NONE',  ( 0.5499999999999843903, -0.7999999999999996003, -0.4199999999999999845 ) ) ;
#2948 = DIRECTION ( 'NONE',  ( -1.000000000000000000, 0.0000000000000000000, 0.0000000000000000000 ) ) ;
#2949 = VECTOR ( 'NONE', #4210, 1000.000000000000000 ) ;
#2950 = CARTESIAN_POINT ( 'NONE',  ( -0.8864218330839790383, -0.8500000000000000888, -0.04499999999999995670 ) ) ;
#2951 =( LENGTH_UNIT ( ) NAMED_UNIT ( * ) SI_UNIT ( .MILLI., .METRE. ) );
#2952 = ORIENTED_EDGE ( 'NONE', *, *, #3649, .F. ) ;
#2954 = CYLINDRICAL_SURFACE ( 'NONE', #4333, 0.05000000000000002359 ) ;
#2953 = DIRECTION ( 'NONE',  ( 0.0000000000000000000, 0.0000000000000000000, -1.000000000000000000 ) ) ;
#2955 = AXIS2_PLACEMENT_3D ( 'NONE', #4218, #4296, #6314 ) ;
#2956 = ORIENTED_EDGE ( 'NONE', *, *, #1930, .F. ) ;
#2957 = UNCERTAINTY_MEASURE_WITH_UNIT (LENGTH_MEASURE( 1.000000000000000082E-05 ), #1528, 'distance_accuracy_value', 'NONE');
#2958 = DIRECTION ( 'NONE',  ( -1.000000000000000000, 0.0000000000000000000, 0.0000000000000000000 ) ) ;
#2959 = PRESENTATION_LAYER_ASSIGNMENT (  '', '', ( #5813 ) ) ;
#2960 = ORIENTED_EDGE ( 'NONE', *, *, #5347, .F. ) ;
#2961 = ADVANCED_FACE ( 'NONE', ( #632 ), #1847, .F. ) ;
#2962 = ORIENTED_EDGE ( 'NONE', *, *, #3679, .T. ) ;
#2963 = FACE_OUTER_BOUND ( 'NONE', #1424, .T. ) ;
#2964 = VERTEX_POINT ( 'NONE', #2107 ) ;
#2965 = EDGE_LOOP ( 'NONE', ( #829, #1902, #470, #45 ) ) ;
#2966 = SURFACE_SIDE_STYLE ('',( #5833 ) ) ;
#2967 = ORIENTED_EDGE ( 'NONE', *, *, #1091, .F. ) ;
#2968 = ORIENTED_EDGE ( 'NONE', *, *, #3038, .T. ) ;
#2969 = VECTOR ( 'NONE', #1951, 1000.000000000000000 ) ;
#2970 = STYLED_ITEM ( 'NONE', ( #1133 ), #6224 ) ;
#2971 = ORIENTED_EDGE ( 'NONE', *, *, #3189, .T. ) ;
#2972 = ORIENTED_EDGE ( 'NONE', *, *, #3601, .F. ) ;
#2973 = SURFACE_STYLE_USAGE ( .BOTH. , #5072 ) ;
#2974 =( LENGTH_UNIT ( ) NAMED_UNIT ( * ) SI_UNIT ( .MILLI., .METRE. ) );
#2975 = EDGE_CURVE ( 'NONE', #2393, #521, #5421, .T. ) ;
#2976 = VECTOR ( 'NONE', #5453, 1000.000000000000000 ) ;
#2977 = ORIENTED_EDGE ( 'NONE', *, *, #1923, .T. ) ;
#2978 = CARTESIAN_POINT ( 'NONE',  ( -0.5499999999999912736, 0.1499999999999997169, -0.4199999999999999845 ) ) ;
#2979 = PLANE ( 'NONE',  #4928 ) ;
#2980 = ORIENTED_EDGE ( 'NONE', *, *, #3428, .T. ) ;
#2981 = SURFACE_STYLE_USAGE ( .BOTH. , #4564 ) ;
#2982 = FILL_AREA_STYLE_COLOUR ( '', #3251 ) ;
#2983 = EDGE_CURVE ( 'NONE', #5018, #2600, #5082, .T. ) ;
#2984 = DIRECTION ( 'NONE',  ( -1.000000000000000000, 0.0000000000000000000, 0.0000000000000000000 ) ) ;
#2985 = DIRECTION ( 'NONE',  ( 0.0000000000000000000, 0.0000000000000000000, -1.000000000000000000 ) ) ;
#2986 = VECTOR ( 'NONE', #5382, 1000.000000000000000 ) ;
#2987 = EDGE_LOOP ( 'NONE', ( #5387, #2468, #4585, #5622, #5812 ) ) ;
#2988 = EDGE_CURVE ( 'NONE', #1814, #1529, #3748, .T. ) ;
#2989 =( NAMED_UNIT ( * ) SI_UNIT ( $, .STERADIAN. ) SOLID_ANGLE_UNIT ( ) );
#2990 = AXIS2_PLACEMENT_3D ( 'NONE', #4481, #5025, #2381 ) ;
#2991 =( GEOMETRIC_REPRESENTATION_CONTEXT ( 3 ) GLOBAL_UNCERTAINTY_ASSIGNED_CONTEXT ( ( #6021 ) ) GLOBAL_UNIT_ASSIGNED_CONTEXT ( ( #2025, #5167, #1568 ) ) REPRESENTATION_CONTEXT ( 'NONE', 'WORKASPACE' ) );
#2992 = ORIENTED_EDGE ( 'NONE', *, *, #842, .T. ) ;
#2993 =( NAMED_UNIT ( * ) SI_UNIT ( $, .STERADIAN. ) SOLID_ANGLE_UNIT ( ) );
#2994 = ORIENTED_EDGE ( 'NONE', *, *, #458, .T. ) ;
#2995 = DIRECTION ( 'NONE',  ( -0.0000000000000000000, -0.0000000000000000000, -1.000000000000000000 ) ) ;
#2996 = CARTESIAN_POINT ( 'NONE',  ( -0.9999999999999981126, 0.6500000000000000222, -0.04499999999999995670 ) ) ;
#2997 = VECTOR ( 'NONE', #5035, 1000.000000000000000 ) ;
#2998 = ORIENTED_EDGE ( 'NONE', *, *, #4664, .F. ) ;
#2999 = EDGE_CURVE ( 'NONE', #6517, #3716, #6151, .T. ) ;
#3000 = ORIENTED_EDGE ( 'NONE', *, *, #5272, .T. ) ;
#3001 = ORIENTED_EDGE ( 'NONE', *, *, #3610, .F. ) ;
#3002 = APPLICATION_PROTOCOL_DEFINITION ( 'draft international standard', 'automotive_design', 1998, #6522 ) ;
#3003 = AXIS2_PLACEMENT_3D ( 'NONE', #168, #5901, #1721 ) ;
#3004 = LINE ( 'NONE', #318, #1030 ) ;
#3005 = CARTESIAN_POINT ( 'NONE',  ( 0.9999000000000002331, -0.4500000000000000111, -0.04499999999999995670 ) ) ;
#3006 = UNCERTAINTY_MEASURE_WITH_UNIT (LENGTH_MEASURE( 1.000000000000000082E-05 ), #932, 'distance_accuracy_value', 'NONE');
#3007 = STYLED_ITEM ( 'NONE', ( #880 ), #2567 ) ;
#3008 = FILL_AREA_STYLE ('',( #2906 ) ) ;
#3009 = STYLED_ITEM ( 'NONE', ( #3925 ), #4617 ) ;
#3010 = DIRECTION ( 'NONE',  ( -1.000000000000000000, 0.0000000000000000000, 0.0000000000000000000 ) ) ;
#3011 = FILL_AREA_STYLE_COLOUR ( '', #406 ) ;
#3012 = CARTESIAN_POINT ( 'NONE',  ( 0.9997999999999999110, -0.9998000000000001330, -0.08000000000000020983 ) ) ;
#3013 = PLANE ( 'NONE',  #4915 ) ;
#3014 = FILL_AREA_STYLE_COLOUR ( '', #6039 ) ;
#3015 = LINE ( 'NONE', #3401, #475 ) ;
#3016 = CIRCLE ( 'NONE', #6700, 0.05000000000000002359 ) ;
#3017 =( LENGTH_UNIT ( ) NAMED_UNIT ( * ) SI_UNIT ( .MILLI., .METRE. ) );
#3018 = STYLED_ITEM ( 'NONE', ( #99 ), #5509 ) ;
#3019 = ADVANCED_FACE ( 'NONE', ( #6311 ), #3953, .T. ) ;
#3020 = CYLINDRICAL_SURFACE ( 'NONE', #1652, 0.2299999999999999545 ) ;
#3021 = FACE_OUTER_BOUND ( 'NONE', #1156, .T. ) ;
#3022 = SURFACE_STYLE_USAGE ( .BOTH. , #6104 ) ;
#3023 = DIRECTION ( 'NONE',  ( -1.000000000000000000, 1.084202172485504434E-15, 0.0000000000000000000 ) ) ;
#3024 = CARTESIAN_POINT ( 'NONE',  ( -0.9999000000000002331, -0.4200000000000000400, -0.4500000000000000111 ) ) ;
#3025 =( LENGTH_UNIT ( ) NAMED_UNIT ( * ) SI_UNIT ( .MILLI., .METRE. ) );
#3026 = MECHANICAL_DESIGN_GEOMETRIC_PRESENTATION_REPRESENTATION (  '', ( #6172 ), #1609 ) ;
#3027 = CYLINDRICAL_SURFACE ( 'NONE', #4450, 0.2299999999999999545 ) ;
#3028 =( NAMED_UNIT ( * ) SI_UNIT ( $, .STERADIAN. ) SOLID_ANGLE_UNIT ( ) );
#3029 =( LENGTH_UNIT ( ) NAMED_UNIT ( * ) SI_UNIT ( .MILLI., .METRE. ) );
#3030 = EDGE_CURVE ( 'NONE', #521, #3546, #5332, .T. ) ;
#3031 = FACE_OUTER_BOUND ( 'NONE', #6356, .T. ) ;
#3032 = DIRECTION ( 'NONE',  ( -1.000000000000000000, -0.0000000000000000000, -0.0000000000000000000 ) ) ;
#3033 = STYLED_ITEM ( 'NONE', ( #5803 ), #644 ) ;
#3034 = DIRECTION ( 'NONE',  ( 1.000000000000000000, 3.771137991253929461E-15, 0.0000000000000000000 ) ) ;
#3035 = CARTESIAN_POINT ( 'NONE',  ( 0.7499999999999997780, 0.9499999999999999556, -0.03000000000000002318 ) ) ;
#3036 = CARTESIAN_POINT ( 'NONE',  ( -0.9999999999999913403, 0.0000000000000000000, -0.4199999999999999845 ) ) ;
#3037 = COLOUR_RGB ( '',0.6470588235294117974, 0.5176470588235293491, 0.0000000000000000000 ) ;
#3038 = EDGE_CURVE ( 'NONE', #3232, #2224, #3585, .T. ) ;
#3039 = CARTESIAN_POINT ( 'NONE',  ( 0.8864218330839790383, -0.8500000000000000888, -0.4199999999999999845 ) ) ;
#3040 = DIRECTION ( 'NONE',  ( 0.0000000000000000000, 0.0000000000000000000, -1.000000000000000000 ) ) ;
#3041 = CARTESIAN_POINT ( 'NONE',  ( 0.9999000000000002331, -0.2000000000000000111, -0.04499999999999995670 ) ) ;
#3042 = PRESENTATION_LAYER_ASSIGNMENT (  '', '', ( #5095 ) ) ;
#3043 = DIRECTION ( 'NONE',  ( 0.0000000000000000000, -0.0000000000000000000, -1.000000000000000000 ) ) ;
#3044 = SURFACE_STYLE_FILL_AREA ( #5062 ) ;
#3045 =( NAMED_UNIT ( * ) SI_UNIT ( $, .STERADIAN. ) SOLID_ANGLE_UNIT ( ) );
#3046 = ORIENTED_EDGE ( 'NONE', *, *, #5976, .F. ) ;
#3047 =( GEOMETRIC_REPRESENTATION_CONTEXT ( 3 ) GLOBAL_UNCERTAINTY_ASSIGNED_CONTEXT ( ( #2839 ) ) GLOBAL_UNIT_ASSIGNED_CONTEXT ( ( #5945, #4406, #6582 ) ) REPRESENTATION_CONTEXT ( 'NONE', 'WORKASPACE' ) );
#3048 = CARTESIAN_POINT ( 'NONE',  ( 0.9999999999999981126, 0.6500000000000000222, -0.08000000000000001554 ) ) ;
#3049 = FILL_AREA_STYLE_COLOUR ( '', #173 ) ;
#3050 = ORIENTED_EDGE ( 'NONE', *, *, #5717, .F. ) ;
#3051 = FILL_AREA_STYLE_COLOUR ( '', #1819 ) ;
#3052 = UNCERTAINTY_MEASURE_WITH_UNIT (LENGTH_MEASURE( 1.000000000000000082E-05 ), #5929, 'distance_accuracy_value', 'NONE');
#3053 = ORIENTED_EDGE ( 'NONE', *, *, #4846, .F. ) ;
#3054 = DIRECTION ( 'NONE',  ( 0.0000000000000000000, 0.0000000000000000000, 1.000000000000000000 ) ) ;
#3055 = ADVANCED_FACE ( 'NONE', ( #2010 ), #1200, .T. ) ;
#3056 = ORIENTED_EDGE ( 'NONE', *, *, #2983, .T. ) ;
#3057 = CARTESIAN_POINT ( 'NONE',  ( -0.9999000000000002331, -0.4500000000000000111, -0.4500000000000000111 ) ) ;
#3058 = FACE_OUTER_BOUND ( 'NONE', #4279, .T. ) ;
#3059 = VERTEX_POINT ( 'NONE', #2319 ) ;
#3060 = ORIENTED_EDGE ( 'NONE', *, *, #4158, .F. ) ;
#3061 = EDGE_LOOP ( 'NONE', ( #6462, #138, #5064, #4072 ) ) ;
#3062 = DIRECTION ( 'NONE',  ( -0.0000000000000000000, -1.000000000000000000, -0.0000000000000000000 ) ) ;
#3063 = CARTESIAN_POINT ( 'NONE',  ( 0.0000000000000000000, 0.2000000000000000944, -0.4199999999999999845 ) ) ;
#3064 = FILL_AREA_STYLE ('',( #3569 ) ) ;
#3065 = CARTESIAN_POINT ( 'NONE',  ( 0.9999000000000002331, 0.0000000000000000000, 0.0000000000000000000 ) ) ;
#3066 = MECHANICAL_DESIGN_GEOMETRIC_PRESENTATION_REPRESENTATION (  '', ( #4520 ), #1390 ) ;
#3067 = DIRECTION ( 'NONE',  ( 0.0000000000000000000, -0.0000000000000000000, -1.000000000000000000 ) ) ;
#3068 = FACE_OUTER_BOUND ( 'NONE', #6681, .T. ) ;
#3069 = DIRECTION ( 'NONE',  ( 1.000000000000000000, -0.0000000000000000000, -0.0000000000000000000 ) ) ;
#3070 = PLANE ( 'NONE',  #4709 ) ;
#3071 = CARTESIAN_POINT ( 'NONE',  ( -0.9999000000000002331, -0.2000000000000000111, -0.4500000000000000111 ) ) ;
#3072 = EDGE_CURVE ( 'NONE', #597, #6166, #395, .T. ) ;
#3073 = EDGE_LOOP ( 'NONE', ( #1674, #2169, #1730, #1764 ) ) ;
#3074 = CARTESIAN_POINT ( 'NONE',  ( -0.8864218330839792603, -0.4499999999999999001, -0.04499999999999995670 ) ) ;
#3075 = COLOUR_RGB ( '',0.6470588235294117974, 0.5176470588235293491, 0.0000000000000000000 ) ;
#3076 = ORIENTED_EDGE ( 'NONE', *, *, #5758, .F. ) ;
#3077 = ORIENTED_EDGE ( 'NONE', *, *, #6049, .F. ) ;
#3078 =( NAMED_UNIT ( * ) SI_UNIT ( $, .STERADIAN. ) SOLID_ANGLE_UNIT ( ) );
#3079 = ORIENTED_EDGE ( 'NONE', *, *, #3125, .F. ) ;
#3080 =( GEOMETRIC_REPRESENTATION_CONTEXT ( 3 ) GLOBAL_UNCERTAINTY_ASSIGNED_CONTEXT ( ( #2579 ) ) GLOBAL_UNIT_ASSIGNED_CONTEXT ( ( #1540, #5685, #6221 ) ) REPRESENTATION_CONTEXT ( 'NONE', 'WORKASPACE' ) );
#3081 = VERTEX_POINT ( 'NONE', #5934 ) ;
#3082 = PRESENTATION_STYLE_ASSIGNMENT (( #4939 ) ) ;
#3083 = FACE_OUTER_BOUND ( 'NONE', #1432, .T. ) ;
#3084 = MECHANICAL_DESIGN_GEOMETRIC_PRESENTATION_REPRESENTATION (  '', ( #3033 ), #3896 ) ;
#3085 = AXIS2_PLACEMENT_3D ( 'NONE', #6054, #393, #1834 ) ;
#3086 = SURFACE_STYLE_USAGE ( .BOTH. , #944 ) ;
#3087 = ORIENTED_EDGE ( 'NONE', *, *, #5801, .T. ) ;
#3088 = ADVANCED_FACE ( 'NONE', ( #4052 ), #6485, .T. ) ;
#3089 = EDGE_CURVE ( 'NONE', #3795, #3311, #3004, .T. ) ;
#3090 = UNCERTAINTY_MEASURE_WITH_UNIT (LENGTH_MEASURE( 1.000000000000000082E-05 ), #5804, 'distance_accuracy_value', 'NONE');
#3091 = CARTESIAN_POINT ( 'NONE',  ( 0.9999000000000002331, -0.4200000000000000400, -0.4500000000000000111 ) ) ;
#3093 =( GEOMETRIC_REPRESENTATION_CONTEXT ( 3 ) GLOBAL_UNCERTAINTY_ASSIGNED_CONTEXT ( ( #2824 ) ) GLOBAL_UNIT_ASSIGNED_CONTEXT ( ( #4265, #4769, #5281 ) ) REPRESENTATION_CONTEXT ( 'NONE', 'WORKASPACE' ) );
#3092 =( NAMED_UNIT ( * ) SI_UNIT ( $, .STERADIAN. ) SOLID_ANGLE_UNIT ( ) );
#3094 = CARTESIAN_POINT ( 'NONE',  ( -0.9998000000000003551, 0.8799999999999998934, -0.4199999999999999845 ) ) ;
#3095 = PRESENTATION_STYLE_ASSIGNMENT (( #453 ) ) ;
#3096 = AXIS2_PLACEMENT_3D ( 'NONE', #2131, #5960, #5389 ) ;
#3097 = FILL_AREA_STYLE_COLOUR ( '', #3899 ) ;
#3098 = PRESENTATION_LAYER_ASSIGNMENT (  '', '', ( #507 ) ) ;
#3099 = COLOUR_RGB ( '',0.6470588235294117974, 0.5176470588235293491, 0.0000000000000000000 ) ;
#3100 = VERTEX_POINT ( 'NONE', #3890 ) ;
#3101 =( NAMED_UNIT ( * ) PLANE_ANGLE_UNIT ( ) SI_UNIT ( $, .RADIAN. ) );
#3102 = LINE ( 'NONE', #4411, #6327 ) ;
#3103 = COLOUR_RGB ( '',0.6470588235294117974, 0.5176470588235293491, 0.0000000000000000000 ) ;
#3104 = AXIS2_PLACEMENT_3D ( 'NONE', #1462, #5568, #6143 ) ;
#3105 =( NAMED_UNIT ( * ) SI_UNIT ( $, .STERADIAN. ) SOLID_ANGLE_UNIT ( ) );
#3106 = PRESENTATION_STYLE_ASSIGNMENT (( #5388 ) ) ;
#3107 = EDGE_CURVE ( 'NONE', #1096, #5339, #780, .T. ) ;
#3108 = VECTOR ( 'NONE', #3111, 1000.000000000000000 ) ;
#3109 = PRESENTATION_STYLE_ASSIGNMENT (( #4568 ) ) ;
#3110 = SURFACE_STYLE_USAGE ( .BOTH. , #4134 ) ;
#3111 = DIRECTION ( 'NONE',  ( -0.0000000000000000000, -0.0000000000000000000, -1.000000000000000000 ) ) ;
#3112 = FACE_OUTER_BOUND ( 'NONE', #1041, .T. ) ;
#3113 = FILL_AREA_STYLE ('',( #2055 ) ) ;
#3114 = FACE_OUTER_BOUND ( 'NONE', #680, .T. ) ;
#3115 = ADVANCED_FACE ( 'NONE', ( #2836 ), #624, .T. ) ;
#3116 = EDGE_CURVE ( 'NONE', #5943, #1477, #4850, .T. ) ;
#3117 =( GEOMETRIC_REPRESENTATION_CONTEXT ( 3 ) GLOBAL_UNCERTAINTY_ASSIGNED_CONTEXT ( ( #1857 ) ) GLOBAL_UNIT_ASSIGNED_CONTEXT ( ( #671, #606, #1746 ) ) REPRESENTATION_CONTEXT ( 'NONE', 'WORKASPACE' ) );
#3118 = AXIS2_PLACEMENT_3D ( 'NONE', #5496, #6497, #2941 ) ;
#3119 =( NAMED_UNIT ( * ) PLANE_ANGLE_UNIT ( ) SI_UNIT ( $, .RADIAN. ) );
#3120 = DIRECTION ( 'NONE',  ( 0.0000000000000000000, 0.0000000000000000000, 1.000000000000000000 ) ) ;
#3121 = DIRECTION ( 'NONE',  ( -1.000000000000000000, 0.0000000000000000000, 0.0000000000000000000 ) ) ;
#3122 = VECTOR ( 'NONE', #1619, 1000.000000000000000 ) ;
#3123 = CARTESIAN_POINT ( 'NONE',  ( -0.9999999999999997780, -0.9499999999999999556, -0.03000000000000002318 ) ) ;
#3124 = ORIENTED_EDGE ( 'NONE', *, *, #3817, .F. ) ;
#3125 = EDGE_CURVE ( 'NONE', #2074, #1892, #3240, .T. ) ;
#3126 = VECTOR ( 'NONE', #9, 1000.000000000000000 ) ;
#3127 = ORIENTED_EDGE ( 'NONE', *, *, #5896, .F. ) ;
#3128 = STYLED_ITEM ( 'NONE', ( #4798 ), #2046 ) ;
#3129 = EDGE_LOOP ( 'NONE', ( #4984, #2750, #3152, #5323 ) ) ;
#3130 = ORIENTED_EDGE ( 'NONE', *, *, #1091, .T. ) ;
#3131 = VECTOR ( 'NONE', #2868, 1000.000000000000000 ) ;
#3132 = AXIS2_PLACEMENT_3D ( 'NONE', #5819, #6335, #5835 ) ;
#3133 = ORIENTED_EDGE ( 'NONE', *, *, #1538, .F. ) ;
#3134 = UNCERTAINTY_MEASURE_WITH_UNIT (LENGTH_MEASURE( 1.000000000000000082E-05 ), #4809, 'distance_accuracy_value', 'NONE');
#3135 = VERTEX_POINT ( 'NONE', #693 ) ;
#3136 = DIRECTION ( 'NONE',  ( -1.000000000000000000, -0.0000000000000000000, -0.0000000000000000000 ) ) ;
#3137 =( GEOMETRIC_REPRESENTATION_CONTEXT ( 3 ) GLOBAL_UNCERTAINTY_ASSIGNED_CONTEXT ( ( #298 ) ) GLOBAL_UNIT_ASSIGNED_CONTEXT ( ( #525, #4623, #3092 ) ) REPRESENTATION_CONTEXT ( 'NONE', 'WORKASPACE' ) );
#3138 =( NAMED_UNIT ( * ) PLANE_ANGLE_UNIT ( ) SI_UNIT ( $, .RADIAN. ) );
#3139 = CARTESIAN_POINT ( 'NONE',  ( 0.9999000000000002331, 0.2299999999999999545, -0.4500000000000000111 ) ) ;
#3140 = LINE ( 'NONE', #6629, #2969 ) ;
#3141 = LINE ( 'NONE', #2303, #5051 ) ;
#3142 = ORIENTED_EDGE ( 'NONE', *, *, #6064, .F. ) ;
#3143 = FILL_AREA_STYLE_COLOUR ( '', #5744 ) ;
#3144 = ORIENTED_EDGE ( 'NONE', *, *, #4441, .T. ) ;
#3145 = FACE_OUTER_BOUND ( 'NONE', #3391, .T. ) ;
#3146 = FILL_AREA_STYLE ('',( #4145 ) ) ;
#3147 = CARTESIAN_POINT ( 'NONE',  ( -1.000000000000000222, -1.000000000000000000, 0.4199999999999999845 ) ) ;
#3148 = ORIENTED_EDGE ( 'NONE', *, *, #702, .T. ) ;
#3149 = ORIENTED_EDGE ( 'NONE', *, *, #3823, .F. ) ;
#3150 =( NAMED_UNIT ( * ) PLANE_ANGLE_UNIT ( ) SI_UNIT ( $, .RADIAN. ) );
#3151 = COLOUR_RGB ( '',0.6470588235294117974, 0.5176470588235293491, 0.0000000000000000000 ) ;
#3152 = ORIENTED_EDGE ( 'NONE', *, *, #5874, .F. ) ;
#3153 = ADVANCED_FACE ( 'NONE', ( #4674 ), #2260, .T. ) ;
#3154 = ORIENTED_EDGE ( 'NONE', *, *, #154, .T. ) ;
#3155 = STYLED_ITEM ( 'NONE', ( #1520 ), #6536 ) ;
#3156 = CARTESIAN_POINT ( 'NONE',  ( -0.9999000000000002331, -0.4200000000000000400, -0.4500000000000000111 ) ) ;
#3157 = EDGE_CURVE ( 'NONE', #1841, #4358, #4213, .T. ) ;
#3158 = SURFACE_STYLE_USAGE ( .BOTH. , #2705 ) ;
#3159 = VERTEX_POINT ( 'NONE', #3955 ) ;
#3160 = CARTESIAN_POINT ( 'NONE',  ( 0.9998000000000003551, -0.8799999999999998934, -0.08000000000000020983 ) ) ;
#3161 = CARTESIAN_POINT ( 'NONE',  ( -0.9998000000000003551, -0.9998000000000001330, -0.08000000000000020983 ) ) ;
#3162 = EDGE_CURVE ( 'NONE', #1170, #1841, #6611, .T. ) ;
#3163 = CARTESIAN_POINT ( 'NONE',  ( 0.9999999999999913403, 0.0000000000000000000, -0.07999999999999998779 ) ) ;
#3164 = DIRECTION ( 'NONE',  ( -0.0000000000000000000, -0.0000000000000000000, 1.000000000000000000 ) ) ;
#3165 = CARTESIAN_POINT ( 'NONE',  ( 0.7500000000000002220, 0.2000000000000000944, -0.08000000000000001554 ) ) ;
#3166 = STYLED_ITEM ( 'NONE', ( #3183 ), #1523 ) ;
#3167 = CARTESIAN_POINT ( 'NONE',  ( 0.9999999999999997780, 0.9499999999999999556, -0.03000000000000002318 ) ) ;
#3168 =( LENGTH_UNIT ( ) NAMED_UNIT ( * ) SI_UNIT ( .MILLI., .METRE. ) );
#3169 = UNCERTAINTY_MEASURE_WITH_UNIT (LENGTH_MEASURE( 1.000000000000000082E-05 ), #1696, 'distance_accuracy_value', 'NONE');
#3170 = EDGE_CURVE ( 'NONE', #1332, #6387, #5074, .T. ) ;
#3171 = PRESENTATION_STYLE_ASSIGNMENT (( #952 ) ) ;
#3172 = FILL_AREA_STYLE_COLOUR ( '', #3214 ) ;
#3173 = CARTESIAN_POINT ( 'NONE',  ( 0.8000000000000068168, -0.6500000000000000222, -0.4500000000000000111 ) ) ;
#3174 = DIRECTION ( 'NONE',  ( -1.000000000000000000, 1.605090607527453558E-12, 0.0000000000000000000 ) ) ;
#3175 = SURFACE_STYLE_USAGE ( .BOTH. , #1098 ) ;
#3176 = STYLED_ITEM ( 'NONE', ( #5739 ), #3115 ) ;
#3177 = AXIS2_PLACEMENT_3D ( 'NONE', #4610, #4142, #431 ) ;
#3178 = ADVANCED_FACE ( 'NONE', ( #4044 ), #1460, .T. ) ;
#3179 = CARTESIAN_POINT ( 'NONE',  ( -0.8864218330839929161, 0.8500000000000000888, -0.04499999999999995670 ) ) ;
#3180 =( LENGTH_UNIT ( ) NAMED_UNIT ( * ) SI_UNIT ( .MILLI., .METRE. ) );
#3181 = DIRECTION ( 'NONE',  ( 1.000000000000000000, -0.0000000000000000000, -0.0000000000000000000 ) ) ;
#3182 = CARTESIAN_POINT ( 'NONE',  ( 0.7499999999999997780, -0.9499999999999999556, -0.03000000000000002318 ) ) ;
#3183 = PRESENTATION_STYLE_ASSIGNMENT (( #5772 ) ) ;
#3184 = COLOUR_RGB ( '',0.6470588235294117974, 0.5176470588235293491, 0.0000000000000000000 ) ;
#3185 =( LENGTH_UNIT ( ) NAMED_UNIT ( * ) SI_UNIT ( .MILLI., .METRE. ) );
#3186 = CARTESIAN_POINT ( 'NONE',  ( -0.9999000000000002331, -0.2000000000000000111, -0.4500000000000000111 ) ) ;
#3187 =( GEOMETRIC_REPRESENTATION_CONTEXT ( 3 ) GLOBAL_UNCERTAINTY_ASSIGNED_CONTEXT ( ( #4929 ) ) GLOBAL_UNIT_ASSIGNED_CONTEXT ( ( #2951, #1311, #4460 ) ) REPRESENTATION_CONTEXT ( 'NONE', 'WORKASPACE' ) );
#3188 = PLANE ( 'NONE',  #4246 ) ;
#3189 = EDGE_CURVE ( 'NONE', #5540, #2600, #1429, .T. ) ;
#3190 = DIRECTION ( 'NONE',  ( 0.0000000000000000000, 0.0000000000000000000, -1.000000000000000000 ) ) ;
#3191 = ORIENTED_EDGE ( 'NONE', *, *, #324, .F. ) ;
#3192 = CARTESIAN_POINT ( 'NONE',  ( -0.9999999999999981126, 0.6500000000000000222, -0.4199999999999999845 ) ) ;
#3193 = CARTESIAN_POINT ( 'NONE',  ( -0.5499999999999840572, 1.987703982890038132E-16, -0.4500000000000000111 ) ) ;
#3194 = PRESENTATION_STYLE_ASSIGNMENT (( #6303 ) ) ;
#3195 = ORIENTED_EDGE ( 'NONE', *, *, #3519, .T. ) ;
#3196 = EDGE_CURVE ( 'NONE', #4096, #3543, #6607, .T. ) ;
#3197 = CIRCLE ( 'NONE', #3538, 0.2299999999999999545 ) ;
#3198 = ORIENTED_EDGE ( 'NONE', *, *, #5962, .T. ) ;
#3199 = FILL_AREA_STYLE ('',( #3143 ) ) ;
#3201 = AXIS2_PLACEMENT_3D ( 'NONE', #4994, #1894, #6693 ) ;
#3200 = DIRECTION ( 'NONE',  ( -0.7071067811865475727, -0.7071067811865475727, 0.0000000000000000000 ) ) ;
#3202 =( GEOMETRIC_REPRESENTATION_CONTEXT ( 3 ) GLOBAL_UNCERTAINTY_ASSIGNED_CONTEXT ( ( #6048 ) ) GLOBAL_UNIT_ASSIGNED_CONTEXT ( ( #595, #569, #2089 ) ) REPRESENTATION_CONTEXT ( 'NONE', 'WORKASPACE' ) );
#3203 = UNCERTAINTY_MEASURE_WITH_UNIT (LENGTH_MEASURE( 1.000000000000000082E-05 ), #6258, 'distance_accuracy_value', 'NONE');
#3204 = SURFACE_SIDE_STYLE ('',( #672 ) ) ;
#3205 = SURFACE_STYLE_USAGE ( .BOTH. , #2095 ) ;
#3206 = VERTEX_POINT ( 'NONE', #1993 ) ;
#3207 = ORIENTED_EDGE ( 'NONE', *, *, #2207, .T. ) ;
#3208 = FILL_AREA_STYLE ('',( #5134 ) ) ;
#3209 = ORIENTED_EDGE ( 'NONE', *, *, #1491, .T. ) ;
#3210 = EDGE_CURVE ( 'NONE', #1096, #6191, #4514, .T. ) ;
#3211 = FILL_AREA_STYLE_COLOUR ( '', #1372 ) ;
#3212 = PLANE ( 'NONE',  #3948 ) ;
#3213 = DIRECTION ( 'NONE',  ( 1.000000000000000000, 0.0000000000000000000, 0.0000000000000000000 ) ) ;
#3214 = COLOUR_RGB ( '',0.6470588235294117974, 0.5176470588235293491, 0.0000000000000000000 ) ;
#3215 = ORIENTED_EDGE ( 'NONE', *, *, #2722, .F. ) ;
#3216 =( LENGTH_UNIT ( ) NAMED_UNIT ( * ) SI_UNIT ( .MILLI., .METRE. ) );
#3217 = ORIENTED_EDGE ( 'NONE', *, *, #2722, .T. ) ;
#3218 = UNCERTAINTY_MEASURE_WITH_UNIT (LENGTH_MEASURE( 1.000000000000000082E-05 ), #5579, 'distance_accuracy_value', 'NONE');
#3219 = ADVANCED_FACE ( 'NONE', ( #309 ), #1353, .T. ) ;
#3220 = ORIENTED_EDGE ( 'NONE', *, *, #4694, .T. ) ;
#3221 = AXIS2_PLACEMENT_3D ( 'NONE', #4130, #6677, #1497 ) ;
#3222 =( GEOMETRIC_REPRESENTATION_CONTEXT ( 3 ) GLOBAL_UNCERTAINTY_ASSIGNED_CONTEXT ( ( #2624 ) ) GLOBAL_UNIT_ASSIGNED_CONTEXT ( ( #6505, #757, #5481 ) ) REPRESENTATION_CONTEXT ( 'NONE', 'WORKASPACE' ) );
#3223 = FACE_OUTER_BOUND ( 'NONE', #1178, .T. ) ;
#3224 = LINE ( 'NONE', #931, #4113 ) ;
#3225 = FILL_AREA_STYLE ('',( #6310 ) ) ;
#3226 = FILL_AREA_STYLE_COLOUR ( '', #1135 ) ;
#3227 = ORIENTED_EDGE ( 'NONE', *, *, #1798, .T. ) ;
#3228 = DIRECTION ( 'NONE',  ( -1.000000000000000000, 0.0000000000000000000, 0.0000000000000000000 ) ) ;
#3229 = LINE ( 'NONE', #3415, #523 ) ;
#3230 =( LENGTH_UNIT ( ) NAMED_UNIT ( * ) SI_UNIT ( .MILLI., .METRE. ) );
#3231 = DIRECTION ( 'NONE',  ( -0.0000000000000000000, -1.000000000000000000, -0.0000000000000000000 ) ) ;
#3232 = VERTEX_POINT ( 'NONE', #4382 ) ;
#3233 = AXIS2_PLACEMENT_3D ( 'NONE', #3775, #1683, #2182 ) ;
#3234 = PLANE ( 'NONE',  #1059 ) ;
#3235 = ORIENTED_EDGE ( 'NONE', *, *, #4409, .T. ) ;
#3236 = CARTESIAN_POINT ( 'NONE',  ( -0.9999500000000003386, -0.8799999891304343125, -0.08000000000000001554 ) ) ;
#3237 = FILL_AREA_STYLE_COLOUR ( '', #4639 ) ;
#3238 = VERTEX_POINT ( 'NONE', #259 ) ;
#3239 = PLANE ( 'NONE',  #6315 ) ;
#3240 = LINE ( 'NONE', #1272, #6226 ) ;
#3241 = CARTESIAN_POINT ( 'NONE',  ( 1.000000000000006883, -0.6500000000000000222, 0.5356854249492378761 ) ) ;
#3242 = CARTESIAN_POINT ( 'NONE',  ( -0.7500000000000002220, -0.1999999999999999833, -0.04499999999999995670 ) ) ;
#3243 = EDGE_CURVE ( 'NONE', #607, #3552, #4668, .T. ) ;
#3244 = VECTOR ( 'NONE', #5080, 1000.000000000000000 ) ;
#3245 = PRESENTATION_LAYER_ASSIGNMENT (  '', '', ( #2893 ) ) ;
#3246 = AXIS2_PLACEMENT_3D ( 'NONE', #5955, #1863, #3451 ) ;
#3247 = ADVANCED_FACE ( 'NONE', ( #3083 ), #2979, .T. ) ;
#3248 = FILL_AREA_STYLE ('',( #2708 ) ) ;
#3249 = VECTOR ( 'NONE', #893, 1000.000000000000000 ) ;
#3250 = PRESENTATION_STYLE_ASSIGNMENT (( #2981 ) ) ;
#3251 = COLOUR_RGB ( '',0.6470588235294117974, 0.5176470588235293491, 0.0000000000000000000 ) ;
#3252 = EDGE_CURVE ( 'NONE', #5180, #4345, #3656, .T. ) ;
#3253 =( NAMED_UNIT ( * ) SI_UNIT ( $, .STERADIAN. ) SOLID_ANGLE_UNIT ( ) );
#3254 = ORIENTED_EDGE ( 'NONE', *, *, #1405, .F. ) ;
#3255 = DIRECTION ( 'NONE',  ( -1.000000000000000000, 0.0000000000000000000, -0.0000000000000000000 ) ) ;
#3256 = UNCERTAINTY_MEASURE_WITH_UNIT (LENGTH_MEASURE( 1.000000000000000082E-05 ), #221, 'distance_accuracy_value', 'NONE');
#3257 =( GEOMETRIC_REPRESENTATION_CONTEXT ( 3 ) GLOBAL_UNCERTAINTY_ASSIGNED_CONTEXT ( ( #6390 ) ) GLOBAL_UNIT_ASSIGNED_CONTEXT ( ( #5545, #6070, #6574 ) ) REPRESENTATION_CONTEXT ( 'NONE', 'WORKASPACE' ) );
#3258 = DIRECTION ( 'NONE',  ( 0.0000000000000000000, -0.0000000000000000000, -1.000000000000000000 ) ) ;
#3259 = DIRECTION ( 'NONE',  ( 0.0000000000000000000, 1.000000000000000000, 0.0000000000000000000 ) ) ;
#3260 = AXIS2_PLACEMENT_3D ( 'NONE', #4203, #5768, #70 ) ;
#3261 = SURFACE_STYLE_FILL_AREA ( #2425 ) ;
#3262 = PRESENTATION_LAYER_ASSIGNMENT (  '', '', ( #4624 ) ) ;
#3263 = PRESENTATION_STYLE_ASSIGNMENT (( #4969 ) ) ;
#3264 = SURFACE_SIDE_STYLE ('',( #4185 ) ) ;
#3265 = PLANE ( 'NONE',  #1602 ) ;
#3266 = FACE_OUTER_BOUND ( 'NONE', #4343, .T. ) ;
#3267 = VECTOR ( 'NONE', #1912, 1000.000000000000000 ) ;
#3268 = AXIS2_PLACEMENT_3D ( 'NONE', #5727, #6301, #577 ) ;
#3269 = CARTESIAN_POINT ( 'NONE',  ( 0.8864218330839861437, 0.2000000000000000944, -0.4500000000000000111 ) ) ;
#3270 =( LENGTH_UNIT ( ) NAMED_UNIT ( * ) SI_UNIT ( .MILLI., .METRE. ) );
#3271 = DIRECTION ( 'NONE',  ( -1.000000000000000000, -0.0000000000000000000, -0.0000000000000000000 ) ) ;
#3272 = VERTEX_POINT ( 'NONE', #1531 ) ;
#3273 = SURFACE_STYLE_USAGE ( .BOTH. , #5360 ) ;
#3274 = VECTOR ( 'NONE', #146, 1000.000000000000000 ) ;
#3275 =( GEOMETRIC_REPRESENTATION_CONTEXT ( 3 ) GLOBAL_UNCERTAINTY_ASSIGNED_CONTEXT ( ( #5556 ) ) GLOBAL_UNIT_ASSIGNED_CONTEXT ( ( #3230, #3761, #4272 ) ) REPRESENTATION_CONTEXT ( 'NONE', 'WORKASPACE' ) );
#3276 = CARTESIAN_POINT ( 'NONE',  ( -0.9999000000000002331, -0.8799999999999998934, -0.04499999999999995670 ) ) ;
#3277 = EDGE_CURVE ( 'NONE', #4807, #5124, #2099, .T. ) ;
#3278 = ORIENTED_EDGE ( 'NONE', *, *, #4907, .F. ) ;
#3279 = ORIENTED_EDGE ( 'NONE', *, *, #5347, .T. ) ;
#3280 = FACE_OUTER_BOUND ( 'NONE', #5702, .T. ) ;
#3282 = COLOUR_RGB ( '',0.6470588235294117974, 0.5176470588235293491, 0.0000000000000000000 ) ;
#3281 = DIRECTION ( 'NONE',  ( 1.000000000000000000, -3.785333543925605834E-16, 0.0000000000000000000 ) ) ;
#3283 = ORIENTED_EDGE ( 'NONE', *, *, #3689, .T. ) ;
#3284 = DIRECTION ( 'NONE',  ( -1.000000000000000000, 0.0000000000000000000, 0.0000000000000000000 ) ) ;
#3285 = EDGE_CURVE ( 'NONE', #903, #2074, #3489, .T. ) ;
#3286 = UNCERTAINTY_MEASURE_WITH_UNIT (LENGTH_MEASURE( 1.000000000000000082E-05 ), #2341, 'distance_accuracy_value', 'NONE');
#3287 = LINE ( 'NONE', #237, #1732 ) ;
#3288 = ORIENTED_EDGE ( 'NONE', *, *, #3699, .T. ) ;
#3289 = CARTESIAN_POINT ( 'NONE',  ( 1.000000000000000222, 0.2299999999999999545, -0.08000000000000004330 ) ) ;
#3290 = ORIENTED_EDGE ( 'NONE', *, *, #2826, .T. ) ;
#3291 = FILL_AREA_STYLE_COLOUR ( '', #2581 ) ;
#3292 = DIRECTION ( 'NONE',  ( -0.0000000000000000000, -0.0000000000000000000, 1.000000000000000000 ) ) ;
#3294 = STYLED_ITEM ( 'NONE', ( #31 ), #1118 ) ;
#3293 = CARTESIAN_POINT ( 'NONE',  ( 0.5499999999999982681, 1.987703982890089408E-16, -0.4500000000000000111 ) ) ;
#3295 = AXIS2_PLACEMENT_3D ( 'NONE', #2346, #1274, #5942 ) ;
#3296 =( NAMED_UNIT ( * ) SI_UNIT ( $, .STERADIAN. ) SOLID_ANGLE_UNIT ( ) );
#3297 = DIRECTION ( 'NONE',  ( -0.0000000000000000000, -0.0000000000000000000, 1.000000000000000000 ) ) ;
#3298 = LINE ( 'NONE', #444, #5883 ) ;
#3299 = CYLINDRICAL_SURFACE ( 'NONE', #6376, 0.1999999999999999833 ) ;
#3300 = ORIENTED_EDGE ( 'NONE', *, *, #333, .T. ) ;
#3301 = FILL_AREA_STYLE_COLOUR ( '', #4401 ) ;
#3302 = CARTESIAN_POINT ( 'NONE',  ( -0.7499999999999997780, -0.9499999999999999556, -0.03000000000000002318 ) ) ;
#3303 = EDGE_CURVE ( 'NONE', #3135, #4593, #697, .T. ) ;
#3304 = PLANE ( 'NONE',  #1682 ) ;
#3305 = LINE ( 'NONE', #313, #59 ) ;
#3306 = ORIENTED_EDGE ( 'NONE', *, *, #20, .F. ) ;
#3307 = ORIENTED_EDGE ( 'NONE', *, *, #4080, .T. ) ;
#3308 = PRESENTATION_LAYER_ASSIGNMENT (  '', '', ( #718 ) ) ;
#3309 = FILL_AREA_STYLE ('',( #4365 ) ) ;
#3310 = VECTOR ( 'NONE', #55, 1000.000000000000000 ) ;
#3311 = VERTEX_POINT ( 'NONE', #4611 ) ;
#3312 = FILL_AREA_STYLE_COLOUR ( '', #1694 ) ;
#3313 = VERTEX_POINT ( 'NONE', #3361 ) ;
#3314 = ORIENTED_EDGE ( 'NONE', *, *, #3983, .T. ) ;
#3315 = ADVANCED_FACE ( 'NONE', ( #6520 ), #3690, .T. ) ;
#3316 = CARTESIAN_POINT ( 'NONE',  ( -0.9999000000000002331, 0.8799999999999998934, -0.04499999999999995670 ) ) ;
#3317 = DIRECTION ( 'NONE',  ( -0.0000000000000000000, -0.0000000000000000000, 1.000000000000000000 ) ) ;
#3318 = PRESENTATION_LAYER_ASSIGNMENT (  '', '', ( #2970 ) ) ;
#3319 = ORIENTED_EDGE ( 'NONE', *, *, #1018, .T. ) ;
#3320 =( NAMED_UNIT ( * ) SI_UNIT ( $, .STERADIAN. ) SOLID_ANGLE_UNIT ( ) );
#3321 = SURFACE_STYLE_USAGE ( .BOTH. , #2801 ) ;
#3322 = LINE ( 'NONE', #5264, #471 ) ;
#3323 = SURFACE_STYLE_FILL_AREA ( #4341 ) ;
#3324 =( NAMED_UNIT ( * ) SI_UNIT ( $, .STERADIAN. ) SOLID_ANGLE_UNIT ( ) );
#3325 = EDGE_CURVE ( 'NONE', #4833, #2262, #3395, .T. ) ;
#3326 = COLOUR_RGB ( '',0.6470588235294117974, 0.5176470588235293491, 0.0000000000000000000 ) ;
#3327 =( NAMED_UNIT ( * ) PLANE_ANGLE_UNIT ( ) SI_UNIT ( $, .RADIAN. ) );
#3328 = EDGE_CURVE ( 'NONE', #4891, #6028, #6683, .T. ) ;
#3329 = LINE ( 'NONE', #5044, #1852 ) ;
#3330 =( GEOMETRIC_REPRESENTATION_CONTEXT ( 3 ) GLOBAL_UNCERTAINTY_ASSIGNED_CONTEXT ( ( #6093 ) ) GLOBAL_UNIT_ASSIGNED_CONTEXT ( ( #2798, #3843, #5480 ) ) REPRESENTATION_CONTEXT ( 'NONE', 'WORKASPACE' ) );
#3331 = STYLED_ITEM ( 'NONE', ( #4205 ), #3643 ) ;
#3332 = CARTESIAN_POINT ( 'NONE',  ( -0.5499999999999842792, -0.5000000000000002220, -0.04499999999999995670 ) ) ;
#3333 = UNCERTAINTY_MEASURE_WITH_UNIT (LENGTH_MEASURE( 1.000000000000000082E-05 ), #2267, 'distance_accuracy_value', 'NONE');
#3334 = DIRECTION ( 'NONE',  ( 1.000000000000000000, 3.614007241618355673E-16, 0.0000000000000000000 ) ) ;
#3335 =( NAMED_UNIT ( * ) PLANE_ANGLE_UNIT ( ) SI_UNIT ( $, .RADIAN. ) );
#3336 = EDGE_CURVE ( 'NONE', #1029, #4289, #5899, .T. ) ;
#3337 = DIRECTION ( 'NONE',  ( -1.000000000000000000, -0.0000000000000000000, -0.0000000000000000000 ) ) ;
#3338 = LINE ( 'NONE', #1116, #6555 ) ;
#3339 = ORIENTED_EDGE ( 'NONE', *, *, #1884, .F. ) ;
#3340 = CARTESIAN_POINT ( 'NONE',  ( -0.9999000000000002331, -0.1999999999999999833, -0.08000000000000001554 ) ) ;
#3341 = DIRECTION ( 'NONE',  ( 3.614007241618355673E-16, 1.000000000000000000, 0.0000000000000000000 ) ) ;
#3342 = DIRECTION ( 'NONE',  ( -1.000000000000000000, -0.0000000000000000000, -0.0000000000000000000 ) ) ;
#3343 = MECHANICAL_DESIGN_GEOMETRIC_PRESENTATION_REPRESENTATION (  '', ( #421 ), #2082 ) ;
#3344 =( LENGTH_UNIT ( ) NAMED_UNIT ( * ) SI_UNIT ( .MILLI., .METRE. ) );
#3345 = SURFACE_STYLE_USAGE ( .BOTH. , #5299 ) ;
#3346 = PRESENTATION_STYLE_ASSIGNMENT (( #5560 ) ) ;
#3347 = PRESENTATION_STYLE_ASSIGNMENT (( #2407 ) ) ;
#3348 = LINE ( 'NONE', #3024, #5931 ) ;
#3349 =( NAMED_UNIT ( * ) PLANE_ANGLE_UNIT ( ) SI_UNIT ( $, .RADIAN. ) );
#3350 = DIRECTION ( 'NONE',  ( 0.0000000000000000000, 0.0000000000000000000, -1.000000000000000000 ) ) ;
#3351 = SURFACE_STYLE_USAGE ( .BOTH. , #195 ) ;
#3352 = VECTOR ( 'NONE', #5254, 1000.000000000000000 ) ;
#3353 = MECHANICAL_DESIGN_GEOMETRIC_PRESENTATION_REPRESENTATION (  '', ( #349 ), #3722 ) ;
#3354 = LINE ( 'NONE', #21, #1065 ) ;
#3355 =( LENGTH_UNIT ( ) NAMED_UNIT ( * ) SI_UNIT ( .MILLI., .METRE. ) );
#3356 = PRODUCT ( 'VEML6030', 'VEML6030', '', ( #2899 ) ) ;
#3357 = DIRECTION ( 'NONE',  ( 0.0000000000000000000, -1.000000000000000000, 0.0000000000000000000 ) ) ;
#3358 = VECTOR ( 'NONE', #5182, 1000.000000000000000 ) ;
#3359 = SURFACE_STYLE_FILL_AREA ( #6261 ) ;
#3360 = SURFACE_STYLE_FILL_AREA ( #3146 ) ;
#3361 = CARTESIAN_POINT ( 'NONE',  ( -1.000000000000000222, 0.2299999999999999545, -0.4200000000000000400 ) ) ;
#3362 = SURFACE_SIDE_STYLE ('',( #399 ) ) ;
#3363 = CIRCLE ( 'NONE', #4224, 0.2299999999999999545 ) ;
#3364 = ORIENTED_EDGE ( 'NONE', *, *, #4656, .T. ) ;
#3366 = CARTESIAN_POINT ( 'NONE',  ( -0.9999000000000002331, -0.2299999999999999545, -0.4500000000000000111 ) ) ;
#3365 = PRESENTATION_STYLE_ASSIGNMENT (( #257 ) ) ;
#3367 = ORIENTED_EDGE ( 'NONE', *, *, #2460, .F. ) ;
#3368 = ORIENTED_EDGE ( 'NONE', *, *, #4839, .F. ) ;
#3369 = ORIENTED_EDGE ( 'NONE', *, *, #3325, .F. ) ;
#3370 = SURFACE_SIDE_STYLE ('',( #4171 ) ) ;
#3371 = EDGE_CURVE ( 'NONE', #1529, #1487, #618, .T. ) ;
#3372 = ORIENTED_EDGE ( 'NONE', *, *, #6604, .F. ) ;
#3373 = PRESENTATION_LAYER_ASSIGNMENT (  '', '', ( #3033 ) ) ;
#3374 = PRESENTATION_LAYER_ASSIGNMENT (  '', '', ( #1927 ) ) ;
#3375 = COLOUR_RGB ( '',0.6470588235294117974, 0.5176470588235293491, 0.0000000000000000000 ) ;
#3376 = DIRECTION ( 'NONE',  ( -1.000000000000000000, 3.614007241618355673E-16, 0.0000000000000000000 ) ) ;
#3377 = LINE ( 'NONE', #4594, #1485 ) ;
#3378 = DIRECTION ( 'NONE',  ( 0.0000000000000000000, -0.0000000000000000000, -1.000000000000000000 ) ) ;
#3379 = PRESENTATION_STYLE_ASSIGNMENT (( #6009 ) ) ;
#3380 = ORIENTED_EDGE ( 'NONE', *, *, #4288, .T. ) ;
#3381 = ORIENTED_EDGE ( 'NONE', *, *, #971, .T. ) ;
#3382 = EDGE_CURVE ( 'NONE', #6219, #6028, #5973, .T. ) ;
#3383 = CARTESIAN_POINT ( 'NONE',  ( -0.7499999999999997780, 0.9499999999999999556, -0.08000000000000001554 ) ) ;
#3384 = ORIENTED_EDGE ( 'NONE', *, *, #2846, .F. ) ;
#3385 =( NAMED_UNIT ( * ) SI_UNIT ( $, .STERADIAN. ) SOLID_ANGLE_UNIT ( ) );
#3386 = LINE ( 'NONE', #1739, #1997 ) ;
#3387 = DIRECTION ( 'NONE',  ( -1.000000000000000000, -3.552713678800500929E-15, 0.0000000000000000000 ) ) ;
#3388 = DIRECTION ( 'NONE',  ( 0.0000000000000000000, 0.0000000000000000000, -1.000000000000000000 ) ) ;
#3389 = ORIENTED_EDGE ( 'NONE', *, *, #6225, .F. ) ;
#3390 = DIRECTION ( 'NONE',  ( -0.0000000000000000000, -0.0000000000000000000, 1.000000000000000000 ) ) ;
#3391 = EDGE_LOOP ( 'NONE', ( #4338, #6242, #6056, #3220, #1167, #3077, #2821, #405 ) ) ;
#3392 =( LENGTH_UNIT ( ) NAMED_UNIT ( * ) SI_UNIT ( .MILLI., .METRE. ) );
#3393 = CARTESIAN_POINT ( 'NONE',  ( 0.0000000000000000000, 0.0000000000000000000, -0.04499999999999995670 ) ) ;
#3394 = SHAPE_DEFINITION_REPRESENTATION ( #2323, #1653 ) ;
#3395 = CIRCLE ( 'NONE', #2955, 0.2299999999999999545 ) ;
#3396 = VERTEX_POINT ( 'NONE', #5226 ) ;
#3397 = ORIENTED_EDGE ( 'NONE', *, *, #3328, .T. ) ;
#3398 = EDGE_LOOP ( 'NONE', ( #6121, #2838, #1513, #36 ) ) ;
#3399 = CARTESIAN_POINT ( 'NONE',  ( -0.9999000000000002331, 0.2299999999999999545, -0.08000000000000004330 ) ) ;
#3400 = AXIS2_PLACEMENT_3D ( 'NONE', #5131, #3120, #3 ) ;
#3401 = CARTESIAN_POINT ( 'NONE',  ( 0.9997999999999999110, -0.9998000000000001330, -0.4199999999999999845 ) ) ;
#3402 = COLOUR_RGB ( '',0.6470588235294117974, 0.5176470588235293491, 0.0000000000000000000 ) ;
#3403 = CARTESIAN_POINT ( 'NONE',  ( 0.0000000000000000000, 0.0000000000000000000, 0.0000000000000000000 ) ) ;
#3404 =( NAMED_UNIT ( * ) SI_UNIT ( $, .STERADIAN. ) SOLID_ANGLE_UNIT ( ) );
#3405 = VECTOR ( 'NONE', #1505, 1000.000000000000000 ) ;
#3406 = FILL_AREA_STYLE ('',( #3863 ) ) ;
#3407 = AXIS2_PLACEMENT_3D ( 'NONE', #2875, #5407, #5925 ) ;
#3408 = VECTOR ( 'NONE', #3040, 1000.000000000000000 ) ;
#3409 = EDGE_CURVE ( 'NONE', #2964, #3547, #854, .T. ) ;
#3410 = DIRECTION ( 'NONE',  ( 1.000000000000000000, -0.0000000000000000000, -0.0000000000000000000 ) ) ;
#3411 = UNCERTAINTY_MEASURE_WITH_UNIT (LENGTH_MEASURE( 1.000000000000000082E-05 ), #4461, 'distance_accuracy_value', 'NONE');
#3412 = ORIENTED_EDGE ( 'NONE', *, *, #1359, .T. ) ;
#3413 = PLANE ( 'NONE',  #4121 ) ;
#3414 = FILL_AREA_STYLE ('',( #6025 ) ) ;
#3415 = CARTESIAN_POINT ( 'NONE',  ( 0.9999999999999997780, -1.000000000000000000, -0.4199999999999999845 ) ) ;
#3416 = LINE ( 'NONE', #6451, #4606 ) ;
#3417 = EDGE_LOOP ( 'NONE', ( #5519, #5463, #4204, #1650 ) ) ;
#3418 = VECTOR ( 'NONE', #3410, 1000.000000000000000 ) ;
#3419 = COLOUR_RGB ( '',0.6470588235294117974, 0.5176470588235293491, 0.0000000000000000000 ) ;
#3420 = AXIS2_PLACEMENT_3D ( 'NONE', #2223, #2752, #6466 ) ;
#3421 = DIRECTION ( 'NONE',  ( 0.0000000000000000000, 0.0000000000000000000, 1.000000000000000000 ) ) ;
#3422 = UNCERTAINTY_MEASURE_WITH_UNIT (LENGTH_MEASURE( 1.000000000000000082E-05 ), #2734, 'distance_accuracy_value', 'NONE');
#3423 = AXIS2_PLACEMENT_3D ( 'NONE', #4571, #5113, #5586 ) ;
#3424 = AXIS2_PLACEMENT_3D ( 'NONE', #2069, #2589, #3121 ) ;
#3425 = FACE_OUTER_BOUND ( 'NONE', #5472, .T. ) ;
#3426 = LINE ( 'NONE', #6098, #3521 ) ;
#3427 = PRESENTATION_STYLE_ASSIGNMENT (( #3321 ) ) ;
#3428 = EDGE_CURVE ( 'NONE', #3461, #4355, #6215, .T. ) ;
#3429 = DIRECTION ( 'NONE',  ( 0.0000000000000000000, -1.000000000000000000, -0.0000000000000000000 ) ) ;
#3430 = FILL_AREA_STYLE ('',( #2903 ) ) ;
#3431 = LINE ( 'NONE', #3504, #653 ) ;
#3432 = ORIENTED_EDGE ( 'NONE', *, *, #6290, .F. ) ;
#3433 =( NAMED_UNIT ( * ) PLANE_ANGLE_UNIT ( ) SI_UNIT ( $, .RADIAN. ) );
#3434 = CIRCLE ( 'NONE', #6357, 0.2299999999999999545 ) ;
#3435 =( GEOMETRIC_REPRESENTATION_CONTEXT ( 3 ) GLOBAL_UNCERTAINTY_ASSIGNED_CONTEXT ( ( #2422 ) ) GLOBAL_UNIT_ASSIGNED_CONTEXT ( ( #1288, #3433, #1783 ) ) REPRESENTATION_CONTEXT ( 'NONE', 'WORKASPACE' ) );
#3436 = CARTESIAN_POINT ( 'NONE',  ( 0.9999000000000002331, 0.0000000000000000000, 0.0000000000000000000 ) ) ;
#3437 = CARTESIAN_POINT ( 'NONE',  ( -0.7499999999999997780, -0.9499999999999999556, -0.03000000000000002318 ) ) ;
#3438 = ORIENTED_EDGE ( 'NONE', *, *, #3808, .T. ) ;
#3439 = MECHANICAL_DESIGN_GEOMETRIC_PRESENTATION_REPRESENTATION (  '', ( #4712 ), #5059 ) ;
#3440 = ORIENTED_EDGE ( 'NONE', *, *, #4907, .T. ) ;
#3441 = PRESENTATION_STYLE_ASSIGNMENT (( #5721 ) ) ;
#3442 = CIRCLE ( 'NONE', #1225, 0.2299999999999999545 ) ;
#3443 =( LENGTH_UNIT ( ) NAMED_UNIT ( * ) SI_UNIT ( .MILLI., .METRE. ) );
#3445 = LINE ( 'NONE', #2273, #1551 ) ;
#3444 = DIRECTION ( 'NONE',  ( 1.000000000000000000, -0.0000000000000000000, -0.0000000000000000000 ) ) ;
#3446 = VERTEX_POINT ( 'NONE', #2206 ) ;
#3447 = LINE ( 'NONE', #4006, #1250 ) ;
#3448 = EDGE_LOOP ( 'NONE', ( #2962, #4827, #3000, #2956, #1240 ) ) ;
#3449 = PRESENTATION_LAYER_ASSIGNMENT (  '', '', ( #1431 ) ) ;
#3450 = CIRCLE ( 'NONE', #6312, 0.2299999999999999545 ) ;
#3451 = DIRECTION ( 'NONE',  ( -1.000000000000000000, 0.0000000000000000000, 0.0000000000000000000 ) ) ;
#3452 = ORIENTED_EDGE ( 'NONE', *, *, #868, .F. ) ;
#3453 = FILL_AREA_STYLE_COLOUR ( '', #4542 ) ;
#3454 = VERTEX_POINT ( 'NONE', #1599 ) ;
#3455 = PRESENTATION_STYLE_ASSIGNMENT (( #6537 ) ) ;
#3456 = ORIENTED_EDGE ( 'NONE', *, *, #3870, .F. ) ;
#3457 = ORIENTED_EDGE ( 'NONE', *, *, #4886, .F. ) ;
#3458 = FILL_AREA_STYLE ('',( #3998 ) ) ;
#3459 = VERTEX_POINT ( 'NONE', #5265 ) ;
#3460 = ADVANCED_FACE ( 'NONE', ( #1673 ), #3718, .F. ) ;
#3461 = VERTEX_POINT ( 'NONE', #1120 ) ;
#3462 = CARTESIAN_POINT ( 'NONE',  ( 0.9999999999999913403, 0.0000000000000000000, -0.07999999999999998779 ) ) ;
#3463 = DIRECTION ( 'NONE',  ( -1.000000000000000000, 0.0000000000000000000, 0.0000000000000000000 ) ) ;
#3464 = SURFACE_STYLE_USAGE ( .BOTH. , #4484 ) ;
#3465 = ORIENTED_EDGE ( 'NONE', *, *, #4800, .F. ) ;
#3466 = PLANE ( 'NONE',  #6208 ) ;
#3467 = LINE ( 'NONE', #5277, #5549 ) ;
#3468 = ORIENTED_EDGE ( 'NONE', *, *, #123, .F. ) ;
#3469 = EDGE_CURVE ( 'NONE', #4285, #2576, #2412, .T. ) ;
#3470 = CARTESIAN_POINT ( 'NONE',  ( 0.9999000000000002331, -0.8799999782608685095, -0.4500000000000000111 ) ) ;
#3471 = ORIENTED_EDGE ( 'NONE', *, *, #3252, .F. ) ;
#3472 = STYLED_ITEM ( 'NONE', ( #5599 ), #447 ) ;
#3473 = VERTEX_POINT ( 'NONE', #554 ) ;
#3474 = STYLED_ITEM ( 'NONE', ( #2738 ), #3771 ) ;
#3475 = SURFACE_SIDE_STYLE ('',( #832 ) ) ;
#3476 = CIRCLE ( 'NONE', #3118, 0.1999999999999999833 ) ;
#3477 = ORIENTED_EDGE ( 'NONE', *, *, #5567, .F. ) ;
#3478 = EDGE_CURVE ( 'NONE', #6605, #5616, #4836, .T. ) ;
#3479 =( NAMED_UNIT ( * ) SI_UNIT ( $, .STERADIAN. ) SOLID_ANGLE_UNIT ( ) );
#3480 =( NAMED_UNIT ( * ) PLANE_ANGLE_UNIT ( ) SI_UNIT ( $, .RADIAN. ) );
#3481 = ORIENTED_EDGE ( 'NONE', *, *, #2513, .F. ) ;
#3483 = STYLED_ITEM ( 'NONE', ( #5761 ), #1736 ) ;
#3482 = DIRECTION ( 'NONE',  ( 1.000000000000000000, -0.0000000000000000000, -0.0000000000000000000 ) ) ;
#3484 = CARTESIAN_POINT ( 'NONE',  ( -0.7500000000000002220, 0.2000000000000000944, -0.04499999999999995670 ) ) ;
#3485 = ORIENTED_EDGE ( 'NONE', *, *, #4656, .F. ) ;
#3486 = ORIENTED_EDGE ( 'NONE', *, *, #3382, .T. ) ;
#3487 = MECHANICAL_DESIGN_GEOMETRIC_PRESENTATION_REPRESENTATION (  '', ( #2784 ), #4175 ) ;
#3488 = DIRECTION ( 'NONE',  ( -0.0000000000000000000, -0.0000000000000000000, 1.000000000000000000 ) ) ;
#3489 = LINE ( 'NONE', #4840, #2997 ) ;
#3490 = AXIS2_PLACEMENT_3D ( 'NONE', #5642, #5145, #503 ) ;
#3491 = DIRECTION ( 'NONE',  ( 3.614007241618355673E-16, -1.000000000000000000, 0.0000000000000000000 ) ) ;
#3492 = DIRECTION ( 'NONE',  ( -1.000000000000000000, 0.0000000000000000000, -0.0000000000000000000 ) ) ;
#3493 = PLANE ( 'NONE',  #3950 ) ;
#3494 =( NAMED_UNIT ( * ) PLANE_ANGLE_UNIT ( ) SI_UNIT ( $, .RADIAN. ) );
#3495 = ORIENTED_EDGE ( 'NONE', *, *, #568, .F. ) ;
#3496 = SURFACE_STYLE_FILL_AREA ( #4439 ) ;
#3497 = CARTESIAN_POINT ( 'NONE',  ( 0.9999000000000002331, -0.2000000000000000111, -0.04499999999999995670 ) ) ;
#3498 = STYLED_ITEM ( 'NONE', ( #1711 ), #5404 ) ;
#3499 = ADVANCED_FACE ( 'NONE', ( #4431 ), #4792, .T. ) ;
#3500 = DIRECTION ( 'NONE',  ( -1.000000000000000000, -0.0000000000000000000, -0.0000000000000000000 ) ) ;
#3501 = DIRECTION ( 'NONE',  ( 1.000000000000000000, 0.0000000000000000000, 0.0000000000000000000 ) ) ;
#3502 = DIRECTION ( 'NONE',  ( 0.0000000000000000000, 0.0000000000000000000, -1.000000000000000000 ) ) ;
#3503 = FACE_OUTER_BOUND ( 'NONE', #3960, .T. ) ;
#3504 = CARTESIAN_POINT ( 'NONE',  ( 0.9999000000000002331, 0.4499999999999999556, -0.04499999999999995670 ) ) ;
#3505 = AXIS2_PLACEMENT_3D ( 'NONE', #552, #1119, #5287 ) ;
#3506 = UNCERTAINTY_MEASURE_WITH_UNIT (LENGTH_MEASURE( 1.000000000000000082E-05 ), #2044, 'distance_accuracy_value', 'NONE');
#3507 = VERTEX_POINT ( 'NONE', #4245 ) ;
#3508 = CYLINDRICAL_SURFACE ( 'NONE', #6648, 0.2000000000000000944 ) ;
#3509 = FILL_AREA_STYLE ('',( #446 ) ) ;
#3510 = EDGE_CURVE ( 'NONE', #386, #1170, #1909, .T. ) ;
#3511 = CARTESIAN_POINT ( 'NONE',  ( 0.9999999999999981126, 0.6500000000000000222, -0.04499999999999995670 ) ) ;
#3512 = PRESENTATION_STYLE_ASSIGNMENT (( #3682 ) ) ;
#3513 =( LENGTH_UNIT ( ) NAMED_UNIT ( * ) SI_UNIT ( .MILLI., .METRE. ) );
#3514 = DIRECTION ( 'NONE',  ( -1.000000000000000000, -0.0000000000000000000, -0.0000000000000000000 ) ) ;
#3515 = FILL_AREA_STYLE ('',( #1578 ) ) ;
#3516 = LINE ( 'NONE', #2885, #722 ) ;
#3517 = FILL_AREA_STYLE ('',( #4489 ) ) ;
#3518 = SURFACE_STYLE_USAGE ( .BOTH. , #2546 ) ;
#3519 = EDGE_CURVE ( 'NONE', #6055, #2850, #139, .T. ) ;
#3520 = VECTOR ( 'NONE', #2102, 1000.000000000000000 ) ;
#3521 = VECTOR ( 'NONE', #4150, 1000.000000000000000 ) ;
#3522 = DIRECTION ( 'NONE',  ( 0.0000000000000000000, -1.000000000000000000, 0.0000000000000000000 ) ) ;
#3523 = PRESENTATION_LAYER_ASSIGNMENT (  '', '', ( #3166 ) ) ;
#3524 = CARTESIAN_POINT ( 'NONE',  ( 5.678000315888403574E-17, -0.1999999999999998446, -0.4500000000000000111 ) ) ;
#3525 = LINE ( 'NONE', #1165, #1386 ) ;
#3526 = DIRECTION ( 'NONE',  ( -4.015563601798168259E-16, -1.000000000000000000, 0.0000000000000000000 ) ) ;
#3527 = EDGE_CURVE ( 'NONE', #4029, #2236, #296, .T. ) ;
#3528 = SURFACE_SIDE_STYLE ('',( #4084 ) ) ;
#3529 = FACE_OUTER_BOUND ( 'NONE', #2668, .T. ) ;
#3530 = SURFACE_SIDE_STYLE ('',( #3881 ) ) ;
#3531 = ORIENTED_EDGE ( 'NONE', *, *, #1836, .T. ) ;
#3532 = LINE ( 'NONE', #3745, #1068 ) ;
#3533 = ORIENTED_EDGE ( 'NONE', *, *, #3983, .F. ) ;
#3534 = DIRECTION ( 'NONE',  ( -1.000000000000000000, 0.0000000000000000000, 0.0000000000000000000 ) ) ;
#3535 = CARTESIAN_POINT ( 'NONE',  ( 0.9999000000000002331, 0.0000000000000000000, 0.0000000000000000000 ) ) ;
#3536 = LINE ( 'NONE', #5645, #5783 ) ;
#3537 = FILL_AREA_STYLE_COLOUR ( '', #1541 ) ;
#3538 = AXIS2_PLACEMENT_3D ( 'NONE', #6636, #6165, #3034 ) ;
#3539 = PRESENTATION_STYLE_ASSIGNMENT (( #939 ) ) ;
#3540 = DIRECTION ( 'NONE',  ( -1.000000000000000000, 0.0000000000000000000, 0.0000000000000000000 ) ) ;
#3541 =( NAMED_UNIT ( * ) SI_UNIT ( $, .STERADIAN. ) SOLID_ANGLE_UNIT ( ) );
#3542 = VECTOR ( 'NONE', #5065, 1000.000000000000000 ) ;
#3543 = VERTEX_POINT ( 'NONE', #3861 ) ;
#3544 = ORIENTED_EDGE ( 'NONE', *, *, #3243, .F. ) ;
#3545 = ORIENTED_EDGE ( 'NONE', *, *, #3791, .T. ) ;
#3546 = VERTEX_POINT ( 'NONE', #750 ) ;
#3547 = VERTEX_POINT ( 'NONE', #1285 ) ;
#3548 = VERTEX_POINT ( 'NONE', #5842 ) ;
#3549 = LINE ( 'NONE', #2625, #5297 ) ;
#3550 = MECHANICAL_DESIGN_GEOMETRIC_PRESENTATION_REPRESENTATION (  '', ( #2143 ), #950 ) ;
#3551 = PRESENTATION_STYLE_ASSIGNMENT (( #2173 ) ) ;
#3552 = VERTEX_POINT ( 'NONE', #1193 ) ;
#3553 = ORIENTED_EDGE ( 'NONE', *, *, #5748, .T. ) ;
#3554 = FILL_AREA_STYLE_COLOUR ( '', #4505 ) ;
#3555 = EDGE_CURVE ( 'NONE', #4648, #6191, #2569, .T. ) ;
#3556 = EDGE_LOOP ( 'NONE', ( #6595, #5713, #4430, #1314 ) ) ;
#3557 = ORIENTED_EDGE ( 'NONE', *, *, #82, .T. ) ;
#3558 = DIRECTION ( 'NONE',  ( -0.0000000000000000000, -0.0000000000000000000, 1.000000000000000000 ) ) ;
#3559 = DIRECTION ( 'NONE',  ( -1.000000000000000000, 0.0000000000000000000, 0.0000000000000000000 ) ) ;
#3560 = ORIENTED_EDGE ( 'NONE', *, *, #6557, .F. ) ;
#3561 = EDGE_CURVE ( 'NONE', #1805, #6028, #1269, .T. ) ;
#3562 = CARTESIAN_POINT ( 'NONE',  ( 0.9999000000000002331, 0.8500000000000000888, -0.07999999999999998779 ) ) ;
#3563 = SURFACE_SIDE_STYLE ('',( #5854 ) ) ;
#3564 = ORIENTED_EDGE ( 'NONE', *, *, #65, .F. ) ;
#3565 = DIRECTION ( 'NONE',  ( -0.0000000000000000000, -0.0000000000000000000, 1.000000000000000000 ) ) ;
#3566 = AXIS2_PLACEMENT_3D ( 'NONE', #1377, #1918, #1057 ) ;
#3567 = PRESENTATION_LAYER_ASSIGNMENT (  '', '', ( #5037 ) ) ;
#3568 = ORIENTED_EDGE ( 'NONE', *, *, #3325, .T. ) ;
#3569 = FILL_AREA_STYLE_COLOUR ( '', #3624 ) ;
#3570 = CARTESIAN_POINT ( 'NONE',  ( -3.217533512336763874E-16, -0.8499999999999997558, -0.4500000000000000111 ) ) ;
#3571 = PRESENTATION_STYLE_ASSIGNMENT (( #6379 ) ) ;
#3572 = EDGE_LOOP ( 'NONE', ( #5720, #6413, #4300, #3687 ) ) ;
#3573 = ADVANCED_FACE ( 'NONE', ( #3068 ), #2174, .F. ) ;
#3574 = EDGE_CURVE ( 'NONE', #6191, #5900, #5811, .T. ) ;
#3575 = ORIENTED_EDGE ( 'NONE', *, *, #6604, .T. ) ;
#3576 = DIRECTION ( 'NONE',  ( -1.000000000000000000, -3.785333543925605834E-16, 0.0000000000000000000 ) ) ;
#3577 = ORIENTED_EDGE ( 'NONE', *, *, #1955, .T. ) ;
#3579 = AXIS2_PLACEMENT_3D ( 'NONE', #244, #224, #745 ) ;
#3578 =( NAMED_UNIT ( * ) PLANE_ANGLE_UNIT ( ) SI_UNIT ( $, .RADIAN. ) );
#3580 = CARTESIAN_POINT ( 'NONE',  ( 0.9998000000000003551, -0.8799999999999998934, 2.137469317664817847 ) ) ;
#3581 = CARTESIAN_POINT ( 'NONE',  ( -0.9999999999999844569, -0.6500000000000000222, -0.04499999999999995670 ) ) ;
#3582 =( GEOMETRIC_REPRESENTATION_CONTEXT ( 3 ) GLOBAL_UNCERTAINTY_ASSIGNED_CONTEXT ( ( #2125 ) ) GLOBAL_UNIT_ASSIGNED_CONTEXT ( ( #4418, #5997, #2844 ) ) REPRESENTATION_CONTEXT ( 'NONE', 'WORKASPACE' ) );
#3583 = SURFACE_STYLE_USAGE ( .BOTH. , #6632 ) ;
#3584 = STYLED_ITEM ( 'NONE', ( #4882 ), #4497 ) ;
#3585 = LINE ( 'NONE', #5651, #551 ) ;
#3586 = CARTESIAN_POINT ( 'NONE',  ( 0.9999000000000002331, -0.4200000000000000400, -0.4500000000000000111 ) ) ;
#3587 = CARTESIAN_POINT ( 'NONE',  ( -0.9999000000000002331, 0.4200000000000000400, -0.4500000000000000111 ) ) ;
#3588 = LINE ( 'NONE', #867, #2360 ) ;
#3589 = DIRECTION ( 'NONE',  ( -0.0000000000000000000, 1.000000000000000000, 0.0000000000000000000 ) ) ;
#3590 = CARTESIAN_POINT ( 'NONE',  ( 0.9999000000000002331, 0.2000000000000000944, -0.08000000000000001554 ) ) ;
#3591 = AXIS2_PLACEMENT_3D ( 'NONE', #3242, #2661, #6333 ) ;
#3592 = DIRECTION ( 'NONE',  ( -0.0000000000000000000, -0.0000000000000000000, 1.000000000000000000 ) ) ;
#3593 = DIRECTION ( 'NONE',  ( -1.000000000000000000, -2.839000157944204375E-16, 0.0000000000000000000 ) ) ;
#3594 = LINE ( 'NONE', #1180, #328 ) ;
#3595 = CARTESIAN_POINT ( 'NONE',  ( -0.5999999999999915401, 0.2000000000000000944, -0.4500000000000000111 ) ) ;
#3596 = CARTESIAN_POINT ( 'NONE',  ( 0.9999999999999997780, -0.9499999999999999556, -0.08000000000000001554 ) ) ;
#3597 = LINE ( 'NONE', #593, #3674 ) ;
#3598 = FACE_OUTER_BOUND ( 'NONE', #3398, .T. ) ;
#3599 = CARTESIAN_POINT ( 'NONE',  ( 0.9998000000000003551, 0.8799999999999998934, 2.137469317664817847 ) ) ;
#3600 = ADVANCED_FACE ( 'NONE', ( #765 ), #1265, .F. ) ;
#3601 = EDGE_CURVE ( 'NONE', #4038, #5149, #3386, .T. ) ;
#3602 = CIRCLE ( 'NONE', #6567, 0.2000000000000000944 ) ;
#3603 = DIRECTION ( 'NONE',  ( -0.0000000000000000000, -0.0000000000000000000, -1.000000000000000000 ) ) ;
#3604 = CIRCLE ( 'NONE', #1012, 0.1999999999999999833 ) ;
#3605 = MECHANICAL_DESIGN_GEOMETRIC_PRESENTATION_REPRESENTATION (  '', ( #2893 ), #5888 ) ;
#3606 = PRESENTATION_LAYER_ASSIGNMENT (  '', '', ( #6144 ) ) ;
#3607 = CARTESIAN_POINT ( 'NONE',  ( -1.000000000000000222, -1.000000000000000000, 0.4199999999999999845 ) ) ;
#3608 = DIRECTION ( 'NONE',  ( -1.000000000000000000, 0.0000000000000000000, 0.0000000000000000000 ) ) ;
#3609 = SURFACE_STYLE_FILL_AREA ( #4216 ) ;
#3610 = EDGE_CURVE ( 'NONE', #3716, #3396, #1499, .T. ) ;
#3611 = LINE ( 'NONE', #4848, #108 ) ;
#3612 = ORIENTED_EDGE ( 'NONE', *, *, #1762, .T. ) ;
#3613 = SURFACE_STYLE_FILL_AREA ( #102 ) ;
#3614 = VECTOR ( 'NONE', #5465, 1000.000000000000000 ) ;
#3615 = CYLINDRICAL_SURFACE ( 'NONE', #787, 0.05000000000000002359 ) ;
#3616 = CARTESIAN_POINT ( 'NONE',  ( 0.9998000000000003551, 0.8799999999999998934, -0.4199999999999999845 ) ) ;
#3617 = STYLED_ITEM ( 'NONE', ( #1292 ), #2806 ) ;
#3618 = CARTESIAN_POINT ( 'NONE',  ( 0.5499999999999913847, -0.1499999999999996614, -0.4199999999999999845 ) ) ;
#3619 = ORIENTED_EDGE ( 'NONE', *, *, #6407, .T. ) ;
#3620 = ORIENTED_EDGE ( 'NONE', *, *, #1491, .F. ) ;
#3621 = MECHANICAL_DESIGN_GEOMETRIC_PRESENTATION_REPRESENTATION (  '', ( #4624 ), #3954 ) ;
#3622 = DIRECTION ( 'NONE',  ( -1.000000000000000000, 0.0000000000000000000, 0.0000000000000000000 ) ) ;
#3623 = VERTEX_POINT ( 'NONE', #4354 ) ;
#3624 = COLOUR_RGB ( '',1.000000000000000000, 1.000000000000000000, 1.000000000000000000 ) ;
#3625 = ORIENTED_EDGE ( 'NONE', *, *, #2539, .T. ) ;
#3626 = VERTEX_POINT ( 'NONE', #204 ) ;
#3627 = DIRECTION ( 'NONE',  ( -1.000000000000000000, 3.620040642689491324E-15, 0.0000000000000000000 ) ) ;
#3628 = LINE ( 'NONE', #1651, #6354 ) ;
#3629 = EDGE_LOOP ( 'NONE', ( #2968, #6038, #5778, #2002 ) ) ;
#3630 = PRESENTATION_STYLE_ASSIGNMENT (( #110 ) ) ;
#3631 = DIRECTION ( 'NONE',  ( 0.0000000000000000000, 0.0000000000000000000, -1.000000000000000000 ) ) ;
#3632 = CARTESIAN_POINT ( 'NONE',  ( -0.5499999999999912736, 1.987703982890064017E-16, -0.4199999999999999845 ) ) ;
#3633 = ORIENTED_EDGE ( 'NONE', *, *, #5021, .T. ) ;
#3634 = MECHANICAL_DESIGN_GEOMETRIC_PRESENTATION_REPRESENTATION (  '', ( #474 ), #808 ) ;
#3635 = ORIENTED_EDGE ( 'NONE', *, *, #1583, .F. ) ;
#3636 =( NAMED_UNIT ( * ) SI_UNIT ( $, .STERADIAN. ) SOLID_ANGLE_UNIT ( ) );
#3637 = EDGE_LOOP ( 'NONE', ( #5687, #5489, #2575, #2725 ) ) ;
#3638 = PLANE ( 'NONE',  #4465 ) ;
#3639 = VECTOR ( 'NONE', #4039, 1000.000000000000000 ) ;
#3640 = VECTOR ( 'NONE', #6123, 1000.000000000000000 ) ;
#3641 = COLOUR_RGB ( '',0.6470588235294117974, 0.5176470588235293491, 0.0000000000000000000 ) ;
#3642 = EDGE_LOOP ( 'NONE', ( #3381, #4507, #3577, #3319, #305, #6293, #2153, #3811 ) ) ;
#3643 = ADVANCED_FACE ( 'NONE', ( #2822 ), #3841, .T. ) ;
#3644 = CARTESIAN_POINT ( 'NONE',  ( -0.9998000000000003551, 0.9998000000000001330, -0.4199999999999999845 ) ) ;
#3645 = ORIENTED_EDGE ( 'NONE', *, *, #4240, .T. ) ;
#3646 = EDGE_LOOP ( 'NONE', ( #3149, #6529, #1075, #1824 ) ) ;
#3647 = UNCERTAINTY_MEASURE_WITH_UNIT (LENGTH_MEASURE( 1.000000000000000082E-05 ), #5666, 'distance_accuracy_value', 'NONE');
#3648 = DIRECTION ( 'NONE',  ( -0.0000000000000000000, -0.0000000000000000000, 1.000000000000000000 ) ) ;
#3649 = EDGE_CURVE ( 'NONE', #903, #2389, #3476, .T. ) ;
#3650 = ORIENTED_EDGE ( 'NONE', *, *, #2007, .T. ) ;
#3651 = DIRECTION ( 'NONE',  ( 0.0000000000000000000, 0.0000000000000000000, -1.000000000000000000 ) ) ;
#3652 = ORIENTED_EDGE ( 'NONE', *, *, #4069, .F. ) ;
#3653 = EDGE_CURVE ( 'NONE', #2224, #2473, #760, .T. ) ;
#3654 = PLANE ( 'NONE',  #288 ) ;
#3655 = ORIENTED_EDGE ( 'NONE', *, *, #5390, .F. ) ;
#3656 = LINE ( 'NONE', #1080, #4361 ) ;
#3657 = MECHANICAL_DESIGN_GEOMETRIC_PRESENTATION_REPRESENTATION (  '', ( #1878 ), #5611 ) ;
#3658 = AXIS2_PLACEMENT_3D ( 'NONE', #5068, #3592, #4099 ) ;
#3659 = CARTESIAN_POINT ( 'NONE',  ( 0.8864218330839861437, 0.2000000000000000944, -0.4199999999999999845 ) ) ;
#3660 = EDGE_CURVE ( 'NONE', #3238, #2800, #845, .T. ) ;
#3661 = SURFACE_SIDE_STYLE ('',( #2314 ) ) ;
#3662 = SURFACE_STYLE_USAGE ( .BOTH. , #954 ) ;
#3663 = SURFACE_STYLE_FILL_AREA ( #3884 ) ;
#3664 = AXIS2_PLACEMENT_3D ( 'NONE', #4397, #3388, #2948 ) ;
#3665 = ADVANCED_FACE ( 'NONE', ( #3223 ), #4352, .F. ) ;
#3666 = PRESENTATION_STYLE_ASSIGNMENT (( #2215 ) ) ;
#3667 = CARTESIAN_POINT ( 'NONE',  ( 0.9999999999999981126, 0.6500000000000000222, -0.07999999999999998779 ) ) ;
#3668 = EDGE_LOOP ( 'NONE', ( #352, #2241, #2534, #1024 ) ) ;
#3669 = CARTESIAN_POINT ( 'NONE',  ( -1.703400094766523414E-16, 0.4500000000000001776, -0.4500000000000000111 ) ) ;
#3670 = DIRECTION ( 'NONE',  ( 0.0000000000000000000, -0.0000000000000000000, -1.000000000000000000 ) ) ;
#3671 = VECTOR ( 'NONE', #2792, 1000.000000000000000 ) ;
#3672 = PLANE ( 'NONE',  #1527 ) ;
#3673 = DIRECTION ( 'NONE',  ( -1.000000000000000000, 0.0000000000000000000, 0.0000000000000000000 ) ) ;
#3674 = VECTOR ( 'NONE', #1662, 1000.000000000000000 ) ;
#3675 = SURFACE_SIDE_STYLE ('',( #890 ) ) ;
#3676 = MECHANICAL_DESIGN_GEOMETRIC_PRESENTATION_REPRESENTATION (  '', ( #2003 ), #4009 ) ;
#3677 = UNCERTAINTY_MEASURE_WITH_UNIT (LENGTH_MEASURE( 1.000000000000000082E-05 ), #1893, 'distance_accuracy_value', 'NONE');
#3678 = CARTESIAN_POINT ( 'NONE',  ( 0.8864218330839792603, -0.4499999999999999001, -0.4500000000000000111 ) ) ;
#3679 = EDGE_CURVE ( 'NONE', #61, #6176, #4981, .T. ) ;
#3680 = CIRCLE ( 'NONE', #2189, 0.2299999999999999545 ) ;
#3681 = DIRECTION ( 'NONE',  ( -1.000000000000000000, 0.0000000000000000000, 0.0000000000000000000 ) ) ;
#3682 = SURFACE_STYLE_USAGE ( .BOTH. , #5742 ) ;
#3683 = FILL_AREA_STYLE_COLOUR ( '', #1449 ) ;
#3684 = DIRECTION ( 'NONE',  ( -0.0000000000000000000, -0.0000000000000000000, -1.000000000000000000 ) ) ;
#3685 = EDGE_CURVE ( 'NONE', #2545, #4260, #3721, .T. ) ;
#3686 = LINE ( 'NONE', #1453, #6173 ) ;
#3687 = ORIENTED_EDGE ( 'NONE', *, *, #5033, .F. ) ;
#3688 = CIRCLE ( 'NONE', #5494, 0.2299999999999999545 ) ;
#3689 = EDGE_CURVE ( 'NONE', #5149, #4260, #1092, .T. ) ;
#3690 = PLANE ( 'NONE',  #47 ) ;
#3691 = DIRECTION ( 'NONE',  ( -1.000000000000000000, 0.0000000000000000000, 0.0000000000000000000 ) ) ;
#3692 = CIRCLE ( 'NONE', #1286, 0.05000000000000002359 ) ;
#3694 = MECHANICAL_DESIGN_GEOMETRIC_PRESENTATION_REPRESENTATION (  '', ( #196 ), #2541 ) ;
#3693 = DIRECTION ( 'NONE',  ( 0.0000000000000000000, 0.0000000000000000000, -1.000000000000000000 ) ) ;
#3695 = FILL_AREA_STYLE_COLOUR ( '', #6097 ) ;
#3696 = LINE ( 'NONE', #124, #2544 ) ;
#3697 = DIRECTION ( 'NONE',  ( -1.000000000000000000, -0.0000000000000000000, -0.0000000000000000000 ) ) ;
#3698 = ORIENTED_EDGE ( 'NONE', *, *, #6012, .F. ) ;
#3699 = EDGE_CURVE ( 'NONE', #999, #2730, #3305, .T. ) ;
#3700 = FACE_OUTER_BOUND ( 'NONE', #5917, .T. ) ;
#3701 = CARTESIAN_POINT ( 'NONE',  ( 0.0000000000000000000, 0.0000000000000000000, -0.4500000000000000111 ) ) ;
#3702 = VECTOR ( 'NONE', #963, 1000.000000000000000 ) ;
#3703 = ADVANCED_FACE ( 'NONE', ( #2251 ), #4034, .T. ) ;
#3704 =( GEOMETRIC_REPRESENTATION_CONTEXT ( 3 ) GLOBAL_UNCERTAINTY_ASSIGNED_CONTEXT ( ( #487 ) ) GLOBAL_UNIT_ASSIGNED_CONTEXT ( ( #1259, #2307, #1734 ) ) REPRESENTATION_CONTEXT ( 'NONE', 'WORKASPACE' ) );
#3705 = SURFACE_STYLE_FILL_AREA ( #478 ) ;
#3706 = EDGE_LOOP ( 'NONE', ( #3209, #3389, #4912, #590, #4900 ) ) ;
#3707 = EDGE_LOOP ( 'NONE', ( #1160, #3635, #5484, #1969, #6078, #2158, #1982 ) ) ;
#3708 = SURFACE_STYLE_USAGE ( .BOTH. , #3661 ) ;
#3709 = PRESENTATION_LAYER_ASSIGNMENT (  '', '', ( #4588 ) ) ;
#3710 = CARTESIAN_POINT ( 'NONE',  ( 0.9999000000000002331, 0.2299999999999999545, -0.4500000000000000111 ) ) ;
#3711 = ORIENTED_EDGE ( 'NONE', *, *, #4705, .F. ) ;
#3712 = LINE ( 'NONE', #4061, #6671 ) ;
#3713 = VECTOR ( 'NONE', #3062, 1000.000000000000000 ) ;
#3714 = LINE ( 'NONE', #719, #6040 ) ;
#3715 = ORIENTED_EDGE ( 'NONE', *, *, #3510, .T. ) ;
#3716 = VERTEX_POINT ( 'NONE', #2357 ) ;
#3717 = SURFACE_SIDE_STYLE ('',( #4768 ) ) ;
#3718 = PLANE ( 'NONE',  #2683 ) ;
#3719 = UNCERTAINTY_MEASURE_WITH_UNIT (LENGTH_MEASURE( 1.000000000000000082E-05 ), #3185, 'distance_accuracy_value', 'NONE');
#3720 = DIRECTION ( 'NONE',  ( 0.0000000000000000000, 0.0000000000000000000, -1.000000000000000000 ) ) ;
#3721 = CIRCLE ( 'NONE', #2417, 0.1999999999999999833 ) ;
#3722 =( GEOMETRIC_REPRESENTATION_CONTEXT ( 3 ) GLOBAL_UNCERTAINTY_ASSIGNED_CONTEXT ( ( #3256 ) ) GLOBAL_UNIT_ASSIGNED_CONTEXT ( ( #221, #5861, #3816 ) ) REPRESENTATION_CONTEXT ( 'NONE', 'WORKASPACE' ) );
#3723 = SURFACE_SIDE_STYLE ('',( #1800 ) ) ;
#3724 = DIRECTION ( 'NONE',  ( 0.0000000000000000000, -0.0000000000000000000, 1.000000000000000000 ) ) ;
#3725 = CARTESIAN_POINT ( 'NONE',  ( -0.5999999999999843237, -0.4999999999999998890, -0.04499999999999995670 ) ) ;
#3726 = ORIENTED_EDGE ( 'NONE', *, *, #5919, .T. ) ;
#3727 = SURFACE_STYLE_USAGE ( .BOTH. , #1084 ) ;
#3728 = DIRECTION ( 'NONE',  ( -0.0000000000000000000, -0.0000000000000000000, -1.000000000000000000 ) ) ;
#3729 = PRESENTATION_LAYER_ASSIGNMENT (  '', '', ( #5916 ) ) ;
#3730 = ORIENTED_EDGE ( 'NONE', *, *, #5351, .F. ) ;
#3731 =( NAMED_UNIT ( * ) PLANE_ANGLE_UNIT ( ) SI_UNIT ( $, .RADIAN. ) );
#3732 = ORIENTED_EDGE ( 'NONE', *, *, #5007, .F. ) ;
#3733 =( NAMED_UNIT ( * ) PLANE_ANGLE_UNIT ( ) SI_UNIT ( $, .RADIAN. ) );
#3734 = EDGE_CURVE ( 'NONE', #682, #3957, #6125, .T. ) ;
#3735 = CARTESIAN_POINT ( 'NONE',  ( -1.000000000000000222, 0.2299999999999999545, -0.4500000000000000111 ) ) ;
#3736 = AXIS2_PLACEMENT_3D ( 'NONE', #4337, #5829, #128 ) ;
#3737 = PRESENTATION_LAYER_ASSIGNMENT (  '', '', ( #4491 ) ) ;
#3738 = ORIENTED_EDGE ( 'NONE', *, *, #1611, .T. ) ;
#3739 = VERTEX_POINT ( 'NONE', #4434 ) ;
#3740 = ADVANCED_FACE ( 'NONE', ( #5230 ), #1451, .F. ) ;
#3741 = VECTOR ( 'NONE', #6477, 1000.000000000000000 ) ;
#3742 = DIRECTION ( 'NONE',  ( -0.0000000000000000000, -0.0000000000000000000, 1.000000000000000000 ) ) ;
#3743 =( NAMED_UNIT ( * ) SI_UNIT ( $, .STERADIAN. ) SOLID_ANGLE_UNIT ( ) );
#3744 = EDGE_CURVE ( 'NONE', #4831, #19, #5891, .T. ) ;
#3745 = CARTESIAN_POINT ( 'NONE',  ( -1.000000000000000222, -1.000000000000000000, -0.08000000000000004330 ) ) ;
#3746 = MECHANICAL_DESIGN_GEOMETRIC_PRESENTATION_REPRESENTATION (  '', ( #4301 ), #1975 ) ;
#3747 = FACE_OUTER_BOUND ( 'NONE', #3129, .T. ) ;
#3748 = CIRCLE ( 'NONE', #2299, 0.2299999999999999545 ) ;
#3749 = DIRECTION ( 'NONE',  ( 0.0000000000000000000, 0.0000000000000000000, -1.000000000000000000 ) ) ;
#3750 = DIRECTION ( 'NONE',  ( 0.0000000000000000000, 0.0000000000000000000, 1.000000000000000000 ) ) ;
#3751 = PRESENTATION_LAYER_ASSIGNMENT (  '', '', ( #4765 ) ) ;
#3752 = SURFACE_STYLE_FILL_AREA ( #2709 ) ;
#3753 = FACE_OUTER_BOUND ( 'NONE', #1188, .T. ) ;
#3754 = DIRECTION ( 'NONE',  ( -0.0000000000000000000, -0.0000000000000000000, -1.000000000000000000 ) ) ;
#3755 = FILL_AREA_STYLE ('',( #5280 ) ) ;
#3756 = LINE ( 'NONE', #2352, #2358 ) ;
#3757 = DIRECTION ( 'NONE',  ( 0.0000000000000000000, 0.0000000000000000000, 1.000000000000000000 ) ) ;
#3758 = FACE_OUTER_BOUND ( 'NONE', #286, .T. ) ;
#3759 = VERTEX_POINT ( 'NONE', #5574 ) ;
#3760 = MECHANICAL_DESIGN_GEOMETRIC_PRESENTATION_REPRESENTATION (  '', ( #5013 ), #1298 ) ;
#3761 =( NAMED_UNIT ( * ) PLANE_ANGLE_UNIT ( ) SI_UNIT ( $, .RADIAN. ) );
#3762 = DIRECTION ( 'NONE',  ( 0.0000000000000000000, 0.0000000000000000000, -1.000000000000000000 ) ) ;
#3763 = CARTESIAN_POINT ( 'NONE',  ( 0.9999000000000002331, 0.2299999999999999545, -0.04499999999999995670 ) ) ;
#3764 = UNCERTAINTY_MEASURE_WITH_UNIT (LENGTH_MEASURE( 1.000000000000000082E-05 ), #4758, 'distance_accuracy_value', 'NONE');
#3765 = DIRECTION ( 'NONE',  ( 0.0000000000000000000, 0.0000000000000000000, -1.000000000000000000 ) ) ;
#3766 = DIRECTION ( 'NONE',  ( -1.000000000000000000, 0.0000000000000000000, -0.0000000000000000000 ) ) ;
#3767 = DIRECTION ( 'NONE',  ( 1.000000000000000000, 0.0000000000000000000, -0.0000000000000000000 ) ) ;
#3768 =( GEOMETRIC_REPRESENTATION_CONTEXT ( 3 ) GLOBAL_UNCERTAINTY_ASSIGNED_CONTEXT ( ( #2031 ) ) GLOBAL_UNIT_ASSIGNED_CONTEXT ( ( #1932, #381, #5531 ) ) REPRESENTATION_CONTEXT ( 'NONE', 'WORKASPACE' ) );
#3769 = SURFACE_STYLE_FILL_AREA ( #295 ) ;
#3770 = PRESENTATION_STYLE_ASSIGNMENT (( #5373 ) ) ;
#3771 = ADVANCED_FACE ( 'NONE', ( #3145 ), #2005, .F. ) ;
#3772 = EDGE_CURVE ( 'NONE', #3507, #4403, #3140, .T. ) ;
#3773 = COLOUR_RGB ( '',0.6470588235294117974, 0.5176470588235293491, 0.0000000000000000000 ) ;
#3774 = DIRECTION ( 'NONE',  ( 1.000000000000000000, 0.0000000000000000000, -0.0000000000000000000 ) ) ;
#3775 = CARTESIAN_POINT ( 'NONE',  ( -0.9999000000000002331, 0.2299999999999999545, -0.4500000000000000111 ) ) ;
#3776 = AXIS2_PLACEMENT_3D ( 'NONE', #2616, #5733, #3673 ) ;
#3777 = VECTOR ( 'NONE', #2908, 1000.000000000000000 ) ;
#3778 = SURFACE_STYLE_FILL_AREA ( #647 ) ;
#3779 = ORIENTED_EDGE ( 'NONE', *, *, #1349, .F. ) ;
#3780 =( NAMED_UNIT ( * ) SI_UNIT ( $, .STERADIAN. ) SOLID_ANGLE_UNIT ( ) );
#3781 = PRESENTATION_LAYER_ASSIGNMENT (  '', '', ( #164 ) ) ;
#3782 = AXIS2_PLACEMENT_3D ( 'NONE', #4384, #4275, #1671 ) ;
#3783 = ORIENTED_EDGE ( 'NONE', *, *, #3428, .F. ) ;
#3784 = DIRECTION ( 'NONE',  ( -0.0000000000000000000, -0.0000000000000000000, 1.000000000000000000 ) ) ;
#3785 = LINE ( 'NONE', #4636, #5122 ) ;
#3786 = VECTOR ( 'NONE', #1903, 1000.000000000000000 ) ;
#3787 = DIRECTION ( 'NONE',  ( -0.0000000000000000000, -0.0000000000000000000, 1.000000000000000000 ) ) ;
#3788 = CARTESIAN_POINT ( 'NONE',  ( -0.9999999999999913403, 0.0000000000000000000, -0.04499999999999995670 ) ) ;
#3789 = ORIENTED_EDGE ( 'NONE', *, *, #4875, .T. ) ;
#3790 =( NAMED_UNIT ( * ) PLANE_ANGLE_UNIT ( ) SI_UNIT ( $, .RADIAN. ) );
#3791 = EDGE_CURVE ( 'NONE', #2171, #2852, #5629, .T. ) ;
#3792 = DIRECTION ( 'NONE',  ( 0.0000000000000000000, 0.0000000000000000000, 1.000000000000000000 ) ) ;
#3793 = LINE ( 'NONE', #1044, #4565 ) ;
#3794 = LINE ( 'NONE', #1318, #5621 ) ;
#3795 = VERTEX_POINT ( 'NONE', #4582 ) ;
#3796 = ORIENTED_EDGE ( 'NONE', *, *, #2259, .F. ) ;
#3797 = CIRCLE ( 'NONE', #4449, 0.2299999999999999545 ) ;
#3798 = ORIENTED_EDGE ( 'NONE', *, *, #1867, .F. ) ;
#3799 = DIRECTION ( 'NONE',  ( 0.0000000000000000000, 0.0000000000000000000, -1.000000000000000000 ) ) ;
#3800 = DIRECTION ( 'NONE',  ( 0.0000000000000000000, 0.0000000000000000000, 1.000000000000000000 ) ) ;
#3801 = ADVANCED_FACE ( 'NONE', ( #1339 ), #5385, .T. ) ;
#3802 = CARTESIAN_POINT ( 'NONE',  ( -0.9999999999999844569, -0.6500000000000000222, -0.4500000000000000111 ) ) ;
#3803 = ORIENTED_EDGE ( 'NONE', *, *, #3038, .F. ) ;
#3804 = FILL_AREA_STYLE_COLOUR ( '', #810 ) ;
#3805 = AXIS2_PLACEMENT_3D ( 'NONE', #2996, #4548, #4081 ) ;
#3806 = VERTEX_POINT ( 'NONE', #5100 ) ;
#3807 = DIRECTION ( 'NONE',  ( -1.000000000000000000, 0.0000000000000000000, 0.0000000000000000000 ) ) ;
#3808 = EDGE_CURVE ( 'NONE', #4359, #5732, #4111, .T. ) ;
#3809 = CARTESIAN_POINT ( 'NONE',  ( -0.8864218330839859217, -0.1999999999999999833, -0.04499999999999995670 ) ) ;
#3810 =( LENGTH_UNIT ( ) NAMED_UNIT ( * ) SI_UNIT ( .MILLI., .METRE. ) );
#3811 = ORIENTED_EDGE ( 'NONE', *, *, #4441, .F. ) ;
#3812 = ORIENTED_EDGE ( 'NONE', *, *, #5315, .T. ) ;
#3813 = LINE ( 'NONE', #3882, #2676 ) ;
#3814 = SURFACE_STYLE_FILL_AREA ( #6000 ) ;
#3815 =( LENGTH_UNIT ( ) NAMED_UNIT ( * ) SI_UNIT ( .MILLI., .METRE. ) );
#3816 =( NAMED_UNIT ( * ) SI_UNIT ( $, .STERADIAN. ) SOLID_ANGLE_UNIT ( ) );
#3817 = EDGE_CURVE ( 'NONE', #61, #4131, #5303, .T. ) ;
#3818 = COLOUR_RGB ( '',0.6470588235294117974, 0.5176470588235293491, 0.0000000000000000000 ) ;
#3819 = COLOUR_RGB ( '',0.6470588235294117974, 0.5176470588235293491, 0.0000000000000000000 ) ;
#3820 = STYLED_ITEM ( 'NONE', ( #3347 ), #574 ) ;
#3821 =( GEOMETRIC_REPRESENTATION_CONTEXT ( 3 ) GLOBAL_UNCERTAINTY_ASSIGNED_CONTEXT ( ( #5 ) ) GLOBAL_UNIT_ASSIGNED_CONTEXT ( ( #2514, #6133, #3045 ) ) REPRESENTATION_CONTEXT ( 'NONE', 'WORKASPACE' ) );
#3822 = FILL_AREA_STYLE_COLOUR ( '', #1016 ) ;
#3823 = EDGE_CURVE ( 'NONE', #5110, #1351, #3712, .T. ) ;
#3824 = FILL_AREA_STYLE_COLOUR ( '', #6020 ) ;
#3825 = FILL_AREA_STYLE_COLOUR ( '', #2945 ) ;
#3826 = PLANE ( 'NONE',  #3736 ) ;
#3827 = AXIS2_PLACEMENT_3D ( 'NONE', #3524, #4580, #3593 ) ;
#3828 = FILL_AREA_STYLE ('',( #4317 ) ) ;
#3829 = FILL_AREA_STYLE ('',( #3237 ) ) ;
#3830 =( LENGTH_UNIT ( ) NAMED_UNIT ( * ) SI_UNIT ( .MILLI., .METRE. ) );
#3831 =( GEOMETRIC_REPRESENTATION_CONTEXT ( 3 ) GLOBAL_UNCERTAINTY_ASSIGNED_CONTEXT ( ( #4598 ) ) GLOBAL_UNIT_ASSIGNED_CONTEXT ( ( #5255, #5781, #5419 ) ) REPRESENTATION_CONTEXT ( 'NONE', 'WORKASPACE' ) );
#3832 = ADVANCED_FACE ( 'NONE', ( #2079 ), #973, .F. ) ;
#3833 =( NAMED_UNIT ( * ) PLANE_ANGLE_UNIT ( ) SI_UNIT ( $, .RADIAN. ) );
#3834 = CIRCLE ( 'NONE', #4503, 0.2299999999999999545 ) ;
#3835 = PRESENTATION_LAYER_ASSIGNMENT (  '', '', ( #6486 ) ) ;
#3836 = SURFACE_STYLE_FILL_AREA ( #1115 ) ;
#3837 = CARTESIAN_POINT ( 'NONE',  ( 0.9999999999999844569, -0.6500000000000000222, -0.4199999999999999845 ) ) ;
#3838 = LINE ( 'NONE', #4087, #1539 ) ;
#3839 = STYLED_ITEM ( 'NONE', ( #4867 ), #5604 ) ;
#3840 = CARTESIAN_POINT ( 'NONE',  ( -1.000000000000000222, -1.000000000000000000, -0.4199999999999999845 ) ) ;
#3841 = PLANE ( 'NONE',  #535 ) ;
#3842 = SURFACE_STYLE_FILL_AREA ( #4477 ) ;
#3843 =( NAMED_UNIT ( * ) PLANE_ANGLE_UNIT ( ) SI_UNIT ( $, .RADIAN. ) );
#3844 = CARTESIAN_POINT ( 'NONE',  ( -0.5499999999999912736, 0.1499999999999997169, -0.4500000000000000111 ) ) ;
#3845 = AXIS2_PLACEMENT_3D ( 'NONE', #3403, #2448, #3501 ) ;
#3846 = PLANE ( 'NONE',  #3987 ) ;
#3847 = ORIENTED_EDGE ( 'NONE', *, *, #666, .F. ) ;
#3848 = EDGE_CURVE ( 'NONE', #2852, #1731, #516, .T. ) ;
#3849 = CARTESIAN_POINT ( 'NONE',  ( 0.9998000000000003551, -0.8799999999999998934, -0.08000000000000020983 ) ) ;
#3850 = ORIENTED_EDGE ( 'NONE', *, *, #2988, .F. ) ;
#3851 = FACE_OUTER_BOUND ( 'NONE', #1209, .T. ) ;
#3852 = PRESENTATION_STYLE_ASSIGNMENT (( #1604 ) ) ;
#3853 = CARTESIAN_POINT ( 'NONE',  ( 0.5999999999999847677, -0.8499999999999999778, -0.04499999999999995670 ) ) ;
#3854 = ORIENTED_EDGE ( 'NONE', *, *, #4919, .F. ) ;
#3855 = EDGE_CURVE ( 'NONE', #5630, #1296, #1896, .T. ) ;
#3856 = FACE_OUTER_BOUND ( 'NONE', #5209, .T. ) ;
#3857 = ORIENTED_EDGE ( 'NONE', *, *, #1787, .T. ) ;
#3858 = ADVANCED_FACE ( 'NONE', ( #4025 ), #2879, .T. ) ;
#3859 = COLOUR_RGB ( '',0.6470588235294117974, 0.5176470588235293491, 0.0000000000000000000 ) ;
#3860 = SURFACE_SIDE_STYLE ('',( #5823 ) ) ;
#3862 = AXIS2_PLACEMENT_3D ( 'NONE', #2593, #30, #6306 ) ;
#3861 = CARTESIAN_POINT ( 'NONE',  ( -1.000000000000000222, 0.2299999999999999545, -0.08000000000000004330 ) ) ;
#3863 = FILL_AREA_STYLE_COLOUR ( '', #426 ) ;
#3864 = CARTESIAN_POINT ( 'NONE',  ( -0.9999999999999981126, 0.6500000000000000222, -0.4500000000000000111 ) ) ;
#3865 = ORIENTED_EDGE ( 'NONE', *, *, #2860, .T. ) ;
#3866 = DIRECTION ( 'NONE',  ( 0.0000000000000000000, 0.0000000000000000000, -1.000000000000000000 ) ) ;
#3867 = DIRECTION ( 'NONE',  ( 1.000000000000000000, -3.614007241618355673E-16, 0.0000000000000000000 ) ) ;
#3868 = ORIENTED_EDGE ( 'NONE', *, *, #6525, .F. ) ;
#3869 = FILL_AREA_STYLE_COLOUR ( '', #4787 ) ;
#3870 = EDGE_CURVE ( 'NONE', #1323, #6138, #4814, .T. ) ;
#3871 = FILL_AREA_STYLE ('',( #2802 ) ) ;
#3872 = COLOUR_RGB ( '',0.6470588235294117974, 0.5176470588235293491, 0.0000000000000000000 ) ;
#3873 = ORIENTED_EDGE ( 'NONE', *, *, #4080, .F. ) ;
#3874 = UNCERTAINTY_MEASURE_WITH_UNIT (LENGTH_MEASURE( 1.000000000000000082E-05 ), #5825, 'distance_accuracy_value', 'NONE');
#3875 = DIRECTION ( 'NONE',  ( 0.0000000000000000000, 0.0000000000000000000, -1.000000000000000000 ) ) ;
#3876 = PRESENTATION_LAYER_ASSIGNMENT (  '', '', ( #1778 ) ) ;
#3877 = FILL_AREA_STYLE_COLOUR ( '', #1376 ) ;
#3878 =( NAMED_UNIT ( * ) SI_UNIT ( $, .STERADIAN. ) SOLID_ANGLE_UNIT ( ) );
#3879 = ORIENTED_EDGE ( 'NONE', *, *, #3162, .F. ) ;
#3880 = EDGE_LOOP ( 'NONE', ( #5383, #5738, #2586, #4550 ) ) ;
#3881 = SURFACE_STYLE_FILL_AREA ( #3509 ) ;
#3882 = CARTESIAN_POINT ( 'NONE',  ( -1.183987422138584655, 0.8675801256908811654, -0.4199999999999999845 ) ) ;
#3883 = DIRECTION ( 'NONE',  ( -3.614007241618355673E-16, 1.000000000000000000, 0.0000000000000000000 ) ) ;
#3884 = FILL_AREA_STYLE ('',( #5845 ) ) ;
#3885 =( LENGTH_UNIT ( ) NAMED_UNIT ( * ) SI_UNIT ( .MILLI., .METRE. ) );
#3886 = ORIENTED_EDGE ( 'NONE', *, *, #3189, .F. ) ;
#3887 =( GEOMETRIC_REPRESENTATION_CONTEXT ( 3 ) GLOBAL_UNCERTAINTY_ASSIGNED_CONTEXT ( ( #616 ) ) GLOBAL_UNIT_ASSIGNED_CONTEXT ( ( #6059, #876, #5067 ) ) REPRESENTATION_CONTEXT ( 'NONE', 'WORKASPACE' ) );
#3888 = EDGE_LOOP ( 'NONE', ( #6373, #4090, #6382, #5469, #1959 ) ) ;
#3889 = DIRECTION ( 'NONE',  ( -1.000000000000000000, 0.0000000000000000000, 0.0000000000000000000 ) ) ;
#3890 = CARTESIAN_POINT ( 'NONE',  ( -0.9998000000000003551, 0.9499999999999999556, -0.08000000000000020983 ) ) ;
#3891 = EDGE_CURVE ( 'NONE', #5286, #4096, #279, .T. ) ;
#3892 = PLANE ( 'NONE',  #1113 ) ;
#3893 = EDGE_CURVE ( 'NONE', #3957, #1296, #4342, .T. ) ;
#3894 = DIRECTION ( 'NONE',  ( -1.000000000000000000, 0.0000000000000000000, 0.0000000000000000000 ) ) ;
#3895 =( NAMED_UNIT ( * ) SI_UNIT ( $, .STERADIAN. ) SOLID_ANGLE_UNIT ( ) );
#3896 =( GEOMETRIC_REPRESENTATION_CONTEXT ( 3 ) GLOBAL_UNCERTAINTY_ASSIGNED_CONTEXT ( ( #769 ) ) GLOBAL_UNIT_ASSIGNED_CONTEXT ( ( #2498, #6114, #2989 ) ) REPRESENTATION_CONTEXT ( 'NONE', 'WORKASPACE' ) );
#3897 = AXIS2_PLACEMENT_3D ( 'NONE', #563, #5238, #480 ) ;
#3898 = COLOUR_RGB ( '',0.6470588235294117974, 0.5176470588235293491, 0.0000000000000000000 ) ;
#3899 = COLOUR_RGB ( '',0.2000000000000000111, 0.2000000000000000111, 0.2000000000000000111 ) ;
#3900 = PLANE ( 'NONE',  #5116 ) ;
#3901 =( NAMED_UNIT ( * ) PLANE_ANGLE_UNIT ( ) SI_UNIT ( $, .RADIAN. ) );
#3902 = EDGE_CURVE ( 'NONE', #5053, #513, #3793, .T. ) ;
#3903 = CARTESIAN_POINT ( 'NONE',  ( -0.5499999999999913847, -0.1499999999999996614, -0.4500000000000000111 ) ) ;
#3904 = LINE ( 'NONE', #365, #4074 ) ;
#3905 = VECTOR ( 'NONE', #2584, 1000.000000000000000 ) ;
#3906 = SURFACE_SIDE_STYLE ('',( #1864 ) ) ;
#3907 = DIRECTION ( 'NONE',  ( 1.000000000000000000, 0.0000000000000000000, 0.0000000000000000000 ) ) ;
#3908 = LINE ( 'NONE', #2681, #2525 ) ;
#3909 =( GEOMETRIC_REPRESENTATION_CONTEXT ( 3 ) GLOBAL_UNCERTAINTY_ASSIGNED_CONTEXT ( ( #977 ) ) GLOBAL_UNIT_ASSIGNED_CONTEXT ( ( #1199, #1247, #2825 ) ) REPRESENTATION_CONTEXT ( 'NONE', 'WORKASPACE' ) );
#3910 = DIRECTION ( 'NONE',  ( 0.0000000000000000000, 0.0000000000000000000, -1.000000000000000000 ) ) ;
#3911 = FILL_AREA_STYLE_COLOUR ( '', #1 ) ;
#3912 = UNCERTAINTY_MEASURE_WITH_UNIT (LENGTH_MEASURE( 1.000000000000000082E-05 ), #4544, 'distance_accuracy_value', 'NONE');
#3913 = AXIS2_PLACEMENT_3D ( 'NONE', #2366, #4974, #802 ) ;
#3914 = FILL_AREA_STYLE ('',( #504 ) ) ;
#3915 = STYLED_ITEM ( 'NONE', ( #1639 ), #4551 ) ;
#3916 = CARTESIAN_POINT ( 'NONE',  ( 0.5999999999999846567, -0.4499999999999999001, -0.04499999999999995670 ) ) ;
#3917 = FILL_AREA_STYLE_COLOUR ( '', #1856 ) ;
#3918 = UNCERTAINTY_MEASURE_WITH_UNIT (LENGTH_MEASURE( 1.000000000000000082E-05 ), #1348, 'distance_accuracy_value', 'NONE');
#3919 = MECHANICAL_DESIGN_GEOMETRIC_PRESENTATION_REPRESENTATION (  '', ( #6383 ), #892 ) ;
#3920 = VECTOR ( 'NONE', #227, 1000.000000000000000 ) ;
#3921 = ORIENTED_EDGE ( 'NONE', *, *, #6597, .F. ) ;
#3922 = DIRECTION ( 'NONE',  ( -1.000000000000000000, 0.0000000000000000000, -0.0000000000000000000 ) ) ;
#3923 = SURFACE_STYLE_USAGE ( .BOTH. , #4455 ) ;
#3924 = VECTOR ( 'NONE', #4231, 1000.000000000000000 ) ;
#3925 = PRESENTATION_STYLE_ASSIGNMENT (( #1313 ) ) ;
#3926 = CARTESIAN_POINT ( 'NONE',  ( 0.9999000000000002331, -0.8799999999999998934, -0.04499999999999995670 ) ) ;
#3927 = DIRECTION ( 'NONE',  ( 0.0000000000000000000, 0.0000000000000000000, -1.000000000000000000 ) ) ;
#3928 = FILL_AREA_STYLE_COLOUR ( '', #1591 ) ;
#3929 = DIRECTION ( 'NONE',  ( -1.000000000000000000, -3.614007241618355673E-16, 0.0000000000000000000 ) ) ;
#3930 = CARTESIAN_POINT ( 'NONE',  ( -0.9999999999999997780, -0.9499999999999999556, -0.03000000000000002318 ) ) ;
#3931 = ORIENTED_EDGE ( 'NONE', *, *, #4453, .T. ) ;
#3932 = VERTEX_POINT ( 'NONE', #5191 ) ;
#3933 = CARTESIAN_POINT ( 'NONE',  ( -0.9999000000000002331, 0.8799999999999998934, -0.4500000000000000111 ) ) ;
#3934 = LINE ( 'NONE', #3063, #2553 ) ;
#3935 = EDGE_CURVE ( 'NONE', #2613, #1096, #3549, .T. ) ;
#3936 = ORIENTED_EDGE ( 'NONE', *, *, #4839, .T. ) ;
#3937 = AXIS2_PLACEMENT_3D ( 'NONE', #6080, #1983, #3023 ) ;
#3938 = ORIENTED_EDGE ( 'NONE', *, *, #2469, .T. ) ;
#3939 = DIRECTION ( 'NONE',  ( 0.0000000000000000000, 0.0000000000000000000, 1.000000000000000000 ) ) ;
#3940 = VECTOR ( 'NONE', #4468, 1000.000000000000000 ) ;
#3941 = EDGE_LOOP ( 'NONE', ( #2177, #5583, #4607, #5550 ) ) ;
#3942 = DIRECTION ( 'NONE',  ( -1.000000000000000000, 0.0000000000000000000, 0.0000000000000000000 ) ) ;
#3943 = ORIENTED_EDGE ( 'NONE', *, *, #2259, .T. ) ;
#3944 = EDGE_CURVE ( 'NONE', #4648, #3806, #5794, .T. ) ;
#3945 = CARTESIAN_POINT ( 'NONE',  ( -0.9999000000000002331, -0.8499999999999999778, -0.4500000000000000111 ) ) ;
#3946 = ORIENTED_EDGE ( 'NONE', *, *, #6355, .T. ) ;
#3948 = AXIS2_PLACEMENT_3D ( 'NONE', #2077, #1535, #3766 ) ;
#3947 = DIRECTION ( 'NONE',  ( -0.0000000000000000000, -0.0000000000000000000, 1.000000000000000000 ) ) ;
#3949 = SURFACE_STYLE_USAGE ( .BOTH. , #6442 ) ;
#3950 = AXIS2_PLACEMENT_3D ( 'NONE', #3436, #366, #2456 ) ;
#3951 = PRESENTATION_STYLE_ASSIGNMENT (( #5927 ) ) ;
#3952 = SURFACE_SIDE_STYLE ('',( #1463 ) ) ;
#3953 = PLANE ( 'NONE',  #5723 ) ;
#3954 =( GEOMETRIC_REPRESENTATION_CONTEXT ( 3 ) GLOBAL_UNCERTAINTY_ASSIGNED_CONTEXT ( ( #3333 ) ) GLOBAL_UNIT_ASSIGNED_CONTEXT ( ( #2267, #5396, #6394 ) ) REPRESENTATION_CONTEXT ( 'NONE', 'WORKASPACE' ) );
#3955 = CARTESIAN_POINT ( 'NONE',  ( -0.8864218330839859217, -0.1999999999999999833, -0.08000000000000001554 ) ) ;
#3956 = CARTESIAN_POINT ( 'NONE',  ( -0.7499999999999997780, -0.9499999999999999556, -0.08000000000000001554 ) ) ;
#3957 = VERTEX_POINT ( 'NONE', #3618 ) ;
#3958 = CARTESIAN_POINT ( 'NONE',  ( -0.9998000000000003551, -0.9998000000000001330, 2.137469317664817847 ) ) ;
#3959 = UNCERTAINTY_MEASURE_WITH_UNIT (LENGTH_MEASURE( 1.000000000000000082E-05 ), #166, 'distance_accuracy_value', 'NONE');
#3960 = EDGE_LOOP ( 'NONE', ( #41, #5367, #6280, #6122 ) ) ;
#3961 = ORIENTED_EDGE ( 'NONE', *, *, #4783, .F. ) ;
#3962 = ORIENTED_EDGE ( 'NONE', *, *, #2047, .F. ) ;
#3963 = DIRECTION ( 'NONE',  ( 1.000000000000000000, -0.0000000000000000000, -0.0000000000000000000 ) ) ;
#3964 = ORIENTED_EDGE ( 'NONE', *, *, #4875, .F. ) ;
#3965 = DIRECTION ( 'NONE',  ( -1.000000000000000000, 0.0000000000000000000, 0.0000000000000000000 ) ) ;
#3966 = AXIS2_PLACEMENT_3D ( 'NONE', #5357, #3762, #2820 ) ;
#3967 = DIRECTION ( 'NONE',  ( 0.0000000000000000000, 0.0000000000000000000, -1.000000000000000000 ) ) ;
#3968 = ADVANCED_FACE ( 'NONE', ( #4266 ), #1886, .T. ) ;
#3969 = PLANE ( 'NONE',  #3827 ) ;
#3970 =( NAMED_UNIT ( * ) SI_UNIT ( $, .STERADIAN. ) SOLID_ANGLE_UNIT ( ) );
#3971 =( NAMED_UNIT ( * ) PLANE_ANGLE_UNIT ( ) SI_UNIT ( $, .RADIAN. ) );
#3972 = MECHANICAL_DESIGN_GEOMETRIC_PRESENTATION_REPRESENTATION (  '', ( #3155 ), #360 ) ;
#3973 = DIRECTION ( 'NONE',  ( 0.0000000000000000000, 0.0000000000000000000, -1.000000000000000000 ) ) ;
#3974 = EDGE_CURVE ( 'NONE', #6041, #3313, #753, .T. ) ;
#3975 = LINE ( 'NONE', #3074, #6539 ) ;
#3976 = CARTESIAN_POINT ( 'NONE',  ( 0.5499999999999840572, 1.987703982890038132E-16, -0.04499999999999995670 ) ) ;
#3977 = CARTESIAN_POINT ( 'NONE',  ( -0.5499999999999913847, -0.1499999999999996614, -0.4199999999999999845 ) ) ;
#3978 =( NAMED_UNIT ( * ) SI_UNIT ( $, .STERADIAN. ) SOLID_ANGLE_UNIT ( ) );
#3979 = SURFACE_STYLE_FILL_AREA ( #4428 ) ;
#3980 = ORIENTED_EDGE ( 'NONE', *, *, #1707, .T. ) ;
#3981 = PRESENTATION_STYLE_ASSIGNMENT (( #2867 ) ) ;
#3982 = SURFACE_STYLE_FILL_AREA ( #1294 ) ;
#3983 = EDGE_CURVE ( 'NONE', #1892, #4064, #1166, .T. ) ;
#3984 = ORIENTED_EDGE ( 'NONE', *, *, #5490, .T. ) ;
#3985 =( NAMED_UNIT ( * ) PLANE_ANGLE_UNIT ( ) SI_UNIT ( $, .RADIAN. ) );
#3986 = DIRECTION ( 'NONE',  ( 0.0000000000000000000, 0.0000000000000000000, -1.000000000000000000 ) ) ;
#3987 = AXIS2_PLACEMENT_3D ( 'NONE', #4832, #4802, #214 ) ;
#3988 = STYLED_ITEM ( 'NONE', ( #2132 ), #2091 ) ;
#3989 = LINE ( 'NONE', #3853, #2607 ) ;
#3990 = FACE_OUTER_BOUND ( 'NONE', #5247, .T. ) ;
#3991 = CYLINDRICAL_SURFACE ( 'NONE', #3003, 0.05000000000000002359 ) ;
#3992 =( NAMED_UNIT ( * ) PLANE_ANGLE_UNIT ( ) SI_UNIT ( $, .RADIAN. ) );
#3993 = EDGE_CURVE ( 'NONE', #4362, #3623, #6661, .T. ) ;
#3994 = DIRECTION ( 'NONE',  ( -3.620040642689491324E-15, 1.000000000000000000, 0.0000000000000000000 ) ) ;
#3995 = COLOUR_RGB ( '',0.6470588235294117974, 0.5176470588235293491, 0.0000000000000000000 ) ;
#3996 = UNCERTAINTY_MEASURE_WITH_UNIT (LENGTH_MEASURE( 1.000000000000000082E-05 ), #5665, 'distance_accuracy_value', 'NONE');
#3997 = COLOUR_RGB ( '',0.6470588235294117974, 0.5176470588235293491, 0.0000000000000000000 ) ;
#3998 = FILL_AREA_STYLE_COLOUR ( '', #5769 ) ;
#3999 = ADVANCED_FACE ( 'NONE', ( #3058 ), #4322, .T. ) ;
#4000 = DIRECTION ( 'NONE',  ( 1.000000000000000000, -0.0000000000000000000, -0.0000000000000000000 ) ) ;
#4001 = SURFACE_SIDE_STYLE ('',( #5204 ) ) ;
#4002 = STYLED_ITEM ( 'NONE', ( #5405 ), #3178 ) ;
#4003 = CARTESIAN_POINT ( 'NONE',  ( 0.5999999999999980904, 0.5000000000000000000, -0.4199999999999999845 ) ) ;
#4004 = STYLED_ITEM ( 'NONE', ( #1629 ), #5263 ) ;
#4005 = FILL_AREA_STYLE ('',( #5506 ) ) ;
#4006 = CARTESIAN_POINT ( 'NONE',  ( 0.9999999999999997780, -1.000000000000000000, -0.4199999999999999845 ) ) ;
#4007 = DIRECTION ( 'NONE',  ( 0.0000000000000000000, 0.0000000000000000000, 1.000000000000000000 ) ) ;
#4008 = VERTEX_POINT ( 'NONE', #1705 ) ;
#4009 =( GEOMETRIC_REPRESENTATION_CONTEXT ( 3 ) GLOBAL_UNCERTAINTY_ASSIGNED_CONTEXT ( ( #1522 ) ) GLOBAL_UNIT_ASSIGNED_CONTEXT ( ( #2540, #4091, #4590 ) ) REPRESENTATION_CONTEXT ( 'NONE', 'WORKASPACE' ) );
#4010 = VECTOR ( 'NONE', #5779, 1000.000000000000000 ) ;
#4011 = COLOUR_RGB ( '',0.6470588235294117974, 0.5176470588235293491, 0.0000000000000000000 ) ;
#4012 = DIRECTION ( 'NONE',  ( -1.000000000000000000, 4.015563601798168259E-16, 0.0000000000000000000 ) ) ;
#4013 = ORIENTED_EDGE ( 'NONE', *, *, #3409, .F. ) ;
#4014 = ADVANCED_FACE ( 'NONE', ( #5128 ), #3299, .F. ) ;
#4015 = DIRECTION ( 'NONE',  ( 0.0000000000000000000, -1.000000000000000000, 0.0000000000000000000 ) ) ;
#4016 = CARTESIAN_POINT ( 'NONE',  ( -0.9999999999999997780, -0.9499999999999999556, -0.03000000000000002318 ) ) ;
#4017 = VECTOR ( 'NONE', #321, 1000.000000000000000 ) ;
#4018 = PRESENTATION_STYLE_ASSIGNMENT (( #4148 ) ) ;
#4019 = EDGE_LOOP ( 'NONE', ( #6676, #3789, #1476, #3921 ) ) ;
#4020 = ORIENTED_EDGE ( 'NONE', *, *, #6277, .T. ) ;
#4021 = CARTESIAN_POINT ( 'NONE',  ( -1.000000000000000222, -1.000000000000000000, 0.4199999999999999845 ) ) ;
#4022 = FACE_OUTER_BOUND ( 'NONE', #1275, .T. ) ;
#4023 = DIRECTION ( 'NONE',  ( 0.0000000000000000000, 0.0000000000000000000, -1.000000000000000000 ) ) ;
#4024 = DIRECTION ( 'NONE',  ( 1.000000000000000000, -3.785333543925605834E-16, 0.0000000000000000000 ) ) ;
#4025 = FACE_OUTER_BOUND ( 'NONE', #964, .T. ) ;
#4026 = EDGE_CURVE ( 'NONE', #3546, #6589, #2402, .T. ) ;
#4027 = SURFACE_SIDE_STYLE ('',( #6263 ) ) ;
#4028 = CIRCLE ( 'NONE', #549, 0.1999999999999999833 ) ;
#4029 = VERTEX_POINT ( 'NONE', #5329 ) ;
#4030 = EDGE_CURVE ( 'NONE', #1370, #1477, #1404, .T. ) ;
#4031 = PRESENTATION_LAYER_ASSIGNMENT (  '', '', ( #2638 ) ) ;
#4032 = DIRECTION ( 'NONE',  ( -1.000000000000000000, 0.0000000000000000000, 0.0000000000000000000 ) ) ;
#4033 = CARTESIAN_POINT ( 'NONE',  ( 0.9998000000000003551, 0.8799999999999998934, -0.4199999999999999845 ) ) ;
#4034 = CYLINDRICAL_SURFACE ( 'NONE', #5650, 0.2299999999999999545 ) ;
#4035 = CARTESIAN_POINT ( 'NONE',  ( 0.5999999999999843237, -0.4999999999999998890, -0.04499999999999995670 ) ) ;
#4036 = ORIENTED_EDGE ( 'NONE', *, *, #2019, .T. ) ;
#4037 = EDGE_CURVE ( 'NONE', #747, #1830, #3467, .T. ) ;
#4038 = VERTEX_POINT ( 'NONE', #2197 ) ;
#4040 = PRESENTATION_LAYER_ASSIGNMENT (  '', '', ( #2383 ) ) ;
#4039 = DIRECTION ( 'NONE',  ( -1.000000000000000000, -3.785333543925605834E-16, 0.0000000000000000000 ) ) ;
#4041 = FILL_AREA_STYLE_COLOUR ( '', #5195 ) ;
#4042 = DIRECTION ( 'NONE',  ( -3.614007241618355673E-16, 1.000000000000000000, 0.0000000000000000000 ) ) ;
#4043 =( GEOMETRIC_REPRESENTATION_CONTEXT ( 3 ) GLOBAL_UNCERTAINTY_ASSIGNED_CONTEXT ( ( #1337 ) ) GLOBAL_UNIT_ASSIGNED_CONTEXT ( ( #93, #6268, #1046 ) ) REPRESENTATION_CONTEXT ( 'NONE', 'WORKASPACE' ) );
#4044 = FACE_OUTER_BOUND ( 'NONE', #272, .T. ) ;
#4045 = ORIENTED_EDGE ( 'NONE', *, *, #2807, .T. ) ;
#4046 = AXIS2_PLACEMENT_3D ( 'NONE', #1062, #1019, #4235 ) ;
#4047 = CARTESIAN_POINT ( 'NONE',  ( -0.9999000000000002331, 0.0000000000000000000, 0.0000000000000000000 ) ) ;
#4048 = FILL_AREA_STYLE_COLOUR ( '', #2687 ) ;
#4049 = DIRECTION ( 'NONE',  ( 0.0000000000000000000, 0.0000000000000000000, -1.000000000000000000 ) ) ;
#4050 = DIRECTION ( 'NONE',  ( 1.000000000000000000, -0.0000000000000000000, -0.0000000000000000000 ) ) ;
#4051 = ORIENTED_EDGE ( 'NONE', *, *, #6199, .T. ) ;
#4052 = FACE_OUTER_BOUND ( 'NONE', #6353, .T. ) ;
#4053 = DIRECTION ( 'NONE',  ( -1.000000000000000000, 0.0000000000000000000, 0.0000000000000000000 ) ) ;
#4054 = CARTESIAN_POINT ( 'NONE',  ( 0.7500000000000002220, 0.4499999999999999556, -0.08000000000000001554 ) ) ;
#4055 = AXIS2_PLACEMENT_3D ( 'NONE', #3837, #3350, #238 ) ;
#4056 = CARTESIAN_POINT ( 'NONE',  ( -1.000000000000000222, 1.000000000000000000, -0.08000000000000004330 ) ) ;
#4057 = CARTESIAN_POINT ( 'NONE',  ( -0.9999999999999913403, 0.0000000000000000000, -0.4500000000000000111 ) ) ;
#4058 = SURFACE_SIDE_STYLE ('',( #6184 ) ) ;
#4059 = PRESENTATION_STYLE_ASSIGNMENT (( #5841 ) ) ;
#4060 =( LENGTH_UNIT ( ) NAMED_UNIT ( * ) SI_UNIT ( .MILLI., .METRE. ) );
#4061 = CARTESIAN_POINT ( 'NONE',  ( -0.7499999999999997780, 0.9499999999999999556, -0.03000000000000002318 ) ) ;
#4062 = LINE ( 'NONE', #5000, #4448 ) ;
#4063 = DIRECTION ( 'NONE',  ( -0.0000000000000000000, -0.0000000000000000000, -1.000000000000000000 ) ) ;
#4064 = VERTEX_POINT ( 'NONE', #4286 ) ;
#4065 =( NAMED_UNIT ( * ) PLANE_ANGLE_UNIT ( ) SI_UNIT ( $, .RADIAN. ) );
#4066 = PRESENTATION_LAYER_ASSIGNMENT (  '', '', ( #6594 ) ) ;
#4067 = SURFACE_SIDE_STYLE ('',( #6223 ) ) ;
#4068 = ADVANCED_FACE ( 'NONE', ( #50 ), #617, .T. ) ;
#4069 = EDGE_CURVE ( 'NONE', #2224, #5078, #2481, .T. ) ;
#4070 = PLANE ( 'NONE',  #5478 ) ;
#4071 = SURFACE_STYLE_FILL_AREA ( #5886 ) ;
#4072 = ORIENTED_EDGE ( 'NONE', *, *, #5447, .F. ) ;
#4073 = MECHANICAL_DESIGN_GEOMETRIC_PRESENTATION_REPRESENTATION (  '', ( #1361 ), #1838 ) ;
#4074 = VECTOR ( 'NONE', #1806, 1000.000000000000000 ) ;
#4075 = SURFACE_STYLE_FILL_AREA ( #5719 ) ;
#4076 = CARTESIAN_POINT ( 'NONE',  ( 0.9999999999999981126, 0.6500000000000000222, -0.08000000000000001554 ) ) ;
#4077 = DIRECTION ( 'NONE',  ( 0.0000000000000000000, 0.0000000000000000000, 1.000000000000000000 ) ) ;
#4078 = DIRECTION ( 'NONE',  ( -0.0000000000000000000, -0.0000000000000000000, -1.000000000000000000 ) ) ;
#4079 = COLOUR_RGB ( '',0.6470588235294117974, 0.5176470588235293491, 0.0000000000000000000 ) ;
#4080 = EDGE_CURVE ( 'NONE', #2538, #4486, #1086, .T. ) ;
#4081 = DIRECTION ( 'NONE',  ( -1.000000000000000000, -1.885568995626964730E-15, 0.0000000000000000000 ) ) ;
#4082 = AXIS2_PLACEMENT_3D ( 'NONE', #6343, #3787, #5270 ) ;
#4083 = VECTOR ( 'NONE', #6423, 1000.000000000000000 ) ;
#4084 = SURFACE_STYLE_FILL_AREA ( #929 ) ;
#4085 = SURFACE_SIDE_STYLE ('',( #1071 ) ) ;
#4086 = FILL_AREA_STYLE ('',( #5558 ) ) ;
#4087 = CARTESIAN_POINT ( 'NONE',  ( -0.9999000000000002331, 0.8799999999999998934, -0.4500000000000000111 ) ) ;
#4088 = FACE_OUTER_BOUND ( 'NONE', #2797, .T. ) ;
#4089 = SURFACE_STYLE_FILL_AREA ( #2693 ) ;
#4090 = ORIENTED_EDGE ( 'NONE', *, *, #955, .T. ) ;
#4091 =( NAMED_UNIT ( * ) PLANE_ANGLE_UNIT ( ) SI_UNIT ( $, .RADIAN. ) );
#4092 = CARTESIAN_POINT ( 'NONE',  ( 1.000000000000000222, 0.4200000000000000400, -0.4199999999999999845 ) ) ;
#4093 = CARTESIAN_POINT ( 'NONE',  ( 0.0000000000000000000, 0.0000000000000000000, -0.4500000000000000111 ) ) ;
#4094 = CARTESIAN_POINT ( 'NONE',  ( 0.5999999999999847677, -0.8499999999999999778, -0.4199999999999999845 ) ) ;
#4095 = ORIENTED_EDGE ( 'NONE', *, *, #633, .F. ) ;
#4096 = VERTEX_POINT ( 'NONE', #3399 ) ;
#4097 = VERTEX_POINT ( 'NONE', #5305 ) ;
#4098 = PLANE ( 'NONE',  #1767 ) ;
#4099 = DIRECTION ( 'NONE',  ( -1.000000000000000000, 1.885568995626964730E-15, 0.0000000000000000000 ) ) ;
#4100 = FACE_OUTER_BOUND ( 'NONE', #6366, .T. ) ;
#4101 = ORIENTED_EDGE ( 'NONE', *, *, #2814, .T. ) ;
#4102 = SURFACE_STYLE_FILL_AREA ( #4766 ) ;
#4103 = PRESENTATION_LAYER_ASSIGNMENT (  '', '', ( #6172 ) ) ;
#4104 = FILL_AREA_STYLE ('',( #1530 ) ) ;
#4105 = PRESENTATION_STYLE_ASSIGNMENT (( #2330 ) ) ;
#4106 = ORIENTED_EDGE ( 'NONE', *, *, #5021, .F. ) ;
#4107 = ORIENTED_EDGE ( 'NONE', *, *, #6426, .F. ) ;
#4108 = FILL_AREA_STYLE_COLOUR ( '', #6510 ) ;
#4109 = CARTESIAN_POINT ( 'NONE',  ( -0.9999000000000002331, 0.2000000000000000944, -0.04499999999999995670 ) ) ;
#4110 = EDGE_CURVE ( 'NONE', #1324, #2810, #3141, .T. ) ;
#4111 = LINE ( 'NONE', #2467, #3639 ) ;
#4112 = FILL_AREA_STYLE_COLOUR ( '', #1684 ) ;
#4113 = VECTOR ( 'NONE', #1990, 1000.000000000000000 ) ;
#4114 = EDGE_LOOP ( 'NONE', ( #2175, #1733, #3079 ) ) ;
#4115 = CARTESIAN_POINT ( 'NONE',  ( 0.9999999999999844569, -0.6500000000000000222, -0.4199999999999999845 ) ) ;
#4116 = ORIENTED_EDGE ( 'NONE', *, *, #5740, .F. ) ;
#4117 = PRESENTATION_LAYER_ASSIGNMENT (  '', '', ( #5966 ) ) ;
#4118 =( NAMED_UNIT ( * ) PLANE_ANGLE_UNIT ( ) SI_UNIT ( $, .RADIAN. ) );
#4119 = COLOUR_RGB ( '',0.6470588235294117974, 0.5176470588235293491, 0.0000000000000000000 ) ;
#4120 =( NAMED_UNIT ( * ) SI_UNIT ( $, .STERADIAN. ) SOLID_ANGLE_UNIT ( ) );
#4121 = AXIS2_PLACEMENT_3D ( 'NONE', #3958, #781, #5436 ) ;
#4122 =( GEOMETRIC_REPRESENTATION_CONTEXT ( 3 ) GLOBAL_UNCERTAINTY_ASSIGNED_CONTEXT ( ( #4511 ) ) GLOBAL_UNIT_ASSIGNED_CONTEXT ( ( #1330, #2946, #2406 ) ) REPRESENTATION_CONTEXT ( 'NONE', 'WORKASPACE' ) );
#4123 = ORIENTED_EDGE ( 'NONE', *, *, #1798, .F. ) ;
#4124 = CARTESIAN_POINT ( 'NONE',  ( 0.7499999999999997780, 0.0000000000000000000, 0.0000000000000000000 ) ) ;
#4125 = SURFACE_STYLE_FILL_AREA ( #1891 ) ;
#4126 = ORIENTED_EDGE ( 'NONE', *, *, #2146, .T. ) ;
#4127 = ORIENTED_EDGE ( 'NONE', *, *, #6218, .T. ) ;
#4128 = EDGE_CURVE ( 'NONE', #2756, #3548, #3714, .T. ) ;
#4129 = ORIENTED_EDGE ( 'NONE', *, *, #1633, .F. ) ;
#4130 = CARTESIAN_POINT ( 'NONE',  ( 0.9999999999999913403, 0.0000000000000000000, -0.4199999999999999845 ) ) ;
#4131 = VERTEX_POINT ( 'NONE', #2870 ) ;
#4132 = SURFACE_SIDE_STYLE ('',( #22 ) ) ;
#4133 = UNCERTAINTY_MEASURE_WITH_UNIT (LENGTH_MEASURE( 1.000000000000000082E-05 ), #2604, 'distance_accuracy_value', 'NONE');
#4134 = SURFACE_SIDE_STYLE ('',( #2066 ) ) ;
#4135 = CARTESIAN_POINT ( 'NONE',  ( 0.9999999999999913403, 0.0000000000000000000, -0.4500000000000000111 ) ) ;
#4136 = DIRECTION ( 'NONE',  ( 0.0000000000000000000, 0.0000000000000000000, -1.000000000000000000 ) ) ;
#4137 =( GEOMETRIC_REPRESENTATION_CONTEXT ( 3 ) GLOBAL_UNCERTAINTY_ASSIGNED_CONTEXT ( ( #3218 ) ) GLOBAL_UNIT_ASSIGNED_CONTEXT ( ( #5579, #428, #2500 ) ) REPRESENTATION_CONTEXT ( 'NONE', 'WORKASPACE' ) );
#4138 = ADVANCED_FACE ( 'NONE', ( #912 ), #4826, .T. ) ;
#4139 = SURFACE_STYLE_FILL_AREA ( #179 ) ;
#4140 = VECTOR ( 'NONE', #2037, 1000.000000000000000 ) ;
#4141 = SURFACE_SIDE_STYLE ('',( #6392 ) ) ;
#4142 = DIRECTION ( 'NONE',  ( 0.0000000000000000000, 0.0000000000000000000, -1.000000000000000000 ) ) ;
#4143 = DIRECTION ( 'NONE',  ( -3.614007241618355673E-16, -1.000000000000000000, 0.0000000000000000000 ) ) ;
#4144 = DIRECTION ( 'NONE',  ( -0.0000000000000000000, -0.0000000000000000000, 1.000000000000000000 ) ) ;
#4145 = FILL_AREA_STYLE_COLOUR ( '', #355 ) ;
#4146 = CARTESIAN_POINT ( 'NONE',  ( -0.5999999999999916511, -0.2000000000000000111, -0.4500000000000000111 ) ) ;
#4147 = ORIENTED_EDGE ( 'NONE', *, *, #1405, .T. ) ;
#4148 = SURFACE_STYLE_USAGE ( .BOTH. , #498 ) ;
#4149 = PRESENTATION_LAYER_ASSIGNMENT (  '', '', ( #5161 ) ) ;
#4150 = DIRECTION ( 'NONE',  ( -0.0000000000000000000, -0.0000000000000000000, -1.000000000000000000 ) ) ;
#4151 = VECTOR ( 'NONE', #4983, 1000.000000000000000 ) ;
#4152 = EDGE_CURVE ( 'NONE', #4097, #5220, #2245, .T. ) ;
#4153 = VECTOR ( 'NONE', #2384, 1000.000000000000000 ) ;
#4154 = ORIENTED_EDGE ( 'NONE', *, *, #6309, .F. ) ;
#4155 = CARTESIAN_POINT ( 'NONE',  ( -0.9999999999999844569, -0.6500000000000000222, -0.08000000000000001554 ) ) ;
#4156 = DIRECTION ( 'NONE',  ( 0.0000000000000000000, -1.000000000000000000, 0.0000000000000000000 ) ) ;
#4157 =( NAMED_UNIT ( * ) SI_UNIT ( $, .STERADIAN. ) SOLID_ANGLE_UNIT ( ) );
#4158 = EDGE_CURVE ( 'NONE', #2234, #3272, #2811, .T. ) ;
#4159 = MECHANICAL_DESIGN_GEOMETRIC_PRESENTATION_REPRESENTATION (  '', ( #6467 ), #4841 ) ;
#4160 = PRESENTATION_LAYER_ASSIGNMENT (  '', '', ( #1361 ) ) ;
#4161 = CARTESIAN_POINT ( 'NONE',  ( -0.9999000000000002331, 0.8799999782608683985, -0.4500000000000000111 ) ) ;
#4162 = DIRECTION ( 'NONE',  ( 0.06727785311777789712, -0.9977342784929575936, 0.0000000000000000000 ) ) ;
#4163 = SURFACE_STYLE_FILL_AREA ( #4703 ) ;
#4164 =( NAMED_UNIT ( * ) PLANE_ANGLE_UNIT ( ) SI_UNIT ( $, .RADIAN. ) );
#4165 = VECTOR ( 'NONE', #5118, 1000.000000000000000 ) ;
#4166 = EDGE_CURVE ( 'NONE', #2810, #511, #4028, .T. ) ;
#4167 = COLOUR_RGB ( '',0.6470588235294117974, 0.5176470588235293491, 0.0000000000000000000 ) ;
#4168 = CARTESIAN_POINT ( 'NONE',  ( -0.9999999999999997780, -0.9499999999999999556, -0.08000000000000001554 ) ) ;
#4169 = FACE_OUTER_BOUND ( 'NONE', #5752, .T. ) ;
#4170 = UNCERTAINTY_MEASURE_WITH_UNIT (LENGTH_MEASURE( 1.000000000000000082E-05 ), #3168, 'distance_accuracy_value', 'NONE');
#4171 = SURFACE_STYLE_FILL_AREA ( #4869 ) ;
#4172 = ADVANCED_FACE ( 'NONE', ( #4196 ), #4835, .T. ) ;
#4173 = PRESENTATION_LAYER_ASSIGNMENT (  '', '', ( #1452 ) ) ;
#4174 = LINE ( 'NONE', #3147, #3352 ) ;
#4175 =( GEOMETRIC_REPRESENTATION_CONTEXT ( 3 ) GLOBAL_UNCERTAINTY_ASSIGNED_CONTEXT ( ( #4408 ) ) GLOBAL_UNIT_ASSIGNED_CONTEXT ( ( #1379, #4464, #6053 ) ) REPRESENTATION_CONTEXT ( 'NONE', 'WORKASPACE' ) );
#4176 = DIRECTION ( 'NONE',  ( -0.0000000000000000000, -0.0000000000000000000, 1.000000000000000000 ) ) ;
#4177 = VERTEX_POINT ( 'NONE', #5349 ) ;
#4178 = MECHANICAL_DESIGN_GEOMETRIC_PRESENTATION_REPRESENTATION (  '', ( #2329 ), #3137 ) ;
#4179 = DIRECTION ( 'NONE',  ( -0.0000000000000000000, -0.0000000000000000000, -1.000000000000000000 ) ) ;
#4180 = PLANE ( 'NONE',  #3260 ) ;
#4181 = LINE ( 'NONE', #5710, #430 ) ;
#4182 = ORIENTED_EDGE ( 'NONE', *, *, #971, .F. ) ;
#4183 = CARTESIAN_POINT ( 'NONE',  ( -0.7500000000000002220, 0.8500000000000000888, -0.04499999999999995670 ) ) ;
#4184 = ORIENTED_EDGE ( 'NONE', *, *, #6218, .F. ) ;
#4185 = SURFACE_STYLE_FILL_AREA ( #5817 ) ;
#4186 = SURFACE_STYLE_USAGE ( .BOTH. , #3204 ) ;
#4187 = CARTESIAN_POINT ( 'NONE',  ( 0.9999000000000002331, 0.4499999999999999556, -0.04499999999999995670 ) ) ;
#4188 = ORIENTED_EDGE ( 'NONE', *, *, #6525, .T. ) ;
#4189 = PLANE ( 'NONE',  #706 ) ;
#4190 = SURFACE_STYLE_FILL_AREA ( #271 ) ;
#4191 = CARTESIAN_POINT ( 'NONE',  ( -0.7499999999999997780, 0.9499999999999999556, -0.03000000000000002318 ) ) ;
#4192 = VECTOR ( 'NONE', #1356, 1000.000000000000000 ) ;
#4193 = VERTEX_POINT ( 'NONE', #4387 ) ;
#4194 = FILL_AREA_STYLE ('',( #2698 ) ) ;
#4195 = CIRCLE ( 'NONE', #5400, 0.2299999999999999545 ) ;
#4196 = FACE_OUTER_BOUND ( 'NONE', #2601, .T. ) ;
#4197 = ORIENTED_EDGE ( 'NONE', *, *, #532, .T. ) ;
#4198 = PRODUCT_DEFINITION ( 'UNKNOWN', '', #6137, #5241 ) ;
#4199 = VECTOR ( 'NONE', #3482, 1000.000000000000000 ) ;
#4200 = DIRECTION ( 'NONE',  ( 1.000000000000000000, 0.0000000000000000000, 0.0000000000000000000 ) ) ;
#4201 = DIRECTION ( 'NONE',  ( 1.000000000000000000, 0.0000000000000000000, 0.0000000000000000000 ) ) ;
#4202 = EDGE_CURVE ( 'NONE', #3100, #3623, #3287, .T. ) ;
#4203 = CARTESIAN_POINT ( 'NONE',  ( 0.0000000000000000000, 0.0000000000000000000, -0.04499999999999995670 ) ) ;
#4204 = ORIENTED_EDGE ( 'NONE', *, *, #4951, .F. ) ;
#4205 = PRESENTATION_STYLE_ASSIGNMENT (( #4859 ) ) ;
#4206 = ADVANCED_FACE ( 'NONE', ( #2157 ), #4268, .T. ) ;
#4207 =( LENGTH_UNIT ( ) NAMED_UNIT ( * ) SI_UNIT ( .MILLI., .METRE. ) );
#4208 = EDGE_CURVE ( 'NONE', #4554, #2393, #1486, .T. ) ;
#4209 = UNCERTAINTY_MEASURE_WITH_UNIT (LENGTH_MEASURE( 1.000000000000000082E-05 ), #4060, 'distance_accuracy_value', 'NONE');
#4210 = DIRECTION ( 'NONE',  ( -0.0000000000000000000, -0.0000000000000000000, -1.000000000000000000 ) ) ;
#4211 = DIRECTION ( 'NONE',  ( -0.0000000000000000000, -0.0000000000000000000, 1.000000000000000000 ) ) ;
#4212 = CARTESIAN_POINT ( 'NONE',  ( 0.5999999999999916511, -0.2000000000000000389, -0.4199999999999999845 ) ) ;
#4213 = LINE ( 'NONE', #2950, #2828 ) ;
#4214 = FILL_AREA_STYLE_COLOUR ( '', #6643 ) ;
#4215 = MECHANICAL_DESIGN_GEOMETRIC_PRESENTATION_REPRESENTATION (  '', ( #3166 ), #6015 ) ;
#4216 = FILL_AREA_STYLE ('',( #6260 ) ) ;
#4217 = ORIENTED_EDGE ( 'NONE', *, *, #5184, .T. ) ;
#4218 = CARTESIAN_POINT ( 'NONE',  ( 0.9999999999999981126, 0.6500000000000000222, -0.4199999999999999845 ) ) ;
#4219 = EDGE_CURVE ( 'NONE', #1596, #4971, #134, .T. ) ;
#4220 = FILL_AREA_STYLE ('',( #3172 ) ) ;
#4221 =( LENGTH_UNIT ( ) NAMED_UNIT ( * ) SI_UNIT ( .MILLI., .METRE. ) );
#4222 = CARTESIAN_POINT ( 'NONE',  ( 0.7499999999999997780, -0.9499999999999999556, -0.03000000000000002318 ) ) ;
#4223 = CIRCLE ( 'NONE', #1516, 0.05000000000000002359 ) ;
#4224 = AXIS2_PLACEMENT_3D ( 'NONE', #4719, #2612, #1644 ) ;
#4225 =( NAMED_UNIT ( * ) PLANE_ANGLE_UNIT ( ) SI_UNIT ( $, .RADIAN. ) );
#4226 = DIRECTION ( 'NONE',  ( -0.0000000000000000000, -0.0000000000000000000, 1.000000000000000000 ) ) ;
#4227 = VECTOR ( 'NONE', #2502, 1000.000000000000000 ) ;
#4228 = DIRECTION ( 'NONE',  ( 0.0000000000000000000, 1.000000000000000000, -0.0000000000000000000 ) ) ;
#4229 = ORIENTED_EDGE ( 'NONE', *, *, #5482, .F. ) ;
#4230 =( NAMED_UNIT ( * ) SI_UNIT ( $, .STERADIAN. ) SOLID_ANGLE_UNIT ( ) );
#4231 = DIRECTION ( 'NONE',  ( -1.000000000000000000, 0.0000000000000000000, 0.0000000000000000000 ) ) ;
#4232 =( NAMED_UNIT ( * ) SI_UNIT ( $, .STERADIAN. ) SOLID_ANGLE_UNIT ( ) );
#4233 = VECTOR ( 'NONE', #3799, 1000.000000000000000 ) ;
#4234 =( LENGTH_UNIT ( ) NAMED_UNIT ( * ) SI_UNIT ( .MILLI., .METRE. ) );
#4235 = DIRECTION ( 'NONE',  ( -1.000000000000000000, 0.0000000000000000000, 0.0000000000000000000 ) ) ;
#4236 = CIRCLE ( 'NONE', #2401, 0.2299999999999999545 ) ;
#4237 = PRESENTATION_LAYER_ASSIGNMENT (  '', '', ( #1305 ) ) ;
#4238 = ADVANCED_FACE ( 'NONE', ( #5701 ), #1169, .F. ) ;
#4239 = VECTOR ( 'NONE', #6475, 1000.000000000000000 ) ;
#4240 = EDGE_CURVE ( 'NONE', #1976, #5682, #599, .T. ) ;
#4241 = LINE ( 'NONE', #3071, #13 ) ;
#4242 = DIRECTION ( 'NONE',  ( 0.0000000000000000000, -1.000000000000000000, 0.0000000000000000000 ) ) ;
#4243 =( NAMED_UNIT ( * ) PLANE_ANGLE_UNIT ( ) SI_UNIT ( $, .RADIAN. ) );
#4244 = EDGE_CURVE ( 'NONE', #607, #4807, #3794, .T. ) ;
#4246 = AXIS2_PLACEMENT_3D ( 'NONE', #2653, #1630, #2621 ) ;
#4245 = CARTESIAN_POINT ( 'NONE',  ( -0.9998000000000003551, -0.9998000000000001330, -0.08000000000000020983 ) ) ;
#4247 = PRESENTATION_LAYER_ASSIGNMENT (  '', '', ( #2016 ) ) ;
#4248 = CARTESIAN_POINT ( 'NONE',  ( 0.9999000000000002331, 0.4200000000000000400, -0.4199999999999999845 ) ) ;
#4249 = SURFACE_STYLE_FILL_AREA ( #2737 ) ;
#4250 = CARTESIAN_POINT ( 'NONE',  ( 0.7499999999999997780, -0.9499999999999999556, -0.08000000000000001554 ) ) ;
#4251 = UNCERTAINTY_MEASURE_WITH_UNIT (LENGTH_MEASURE( 1.000000000000000082E-05 ), #1706, 'distance_accuracy_value', 'NONE');
#4252 = EDGE_CURVE ( 'NONE', #4029, #2315, #5132, .T. ) ;
#4253 = FILL_AREA_STYLE ('',( #4546 ) ) ;
#4254 = DIRECTION ( 'NONE',  ( 0.0000000000000000000, 0.0000000000000000000, -1.000000000000000000 ) ) ;
#4255 = LINE ( 'NONE', #910, #1073 ) ;
#4256 = ORIENTED_EDGE ( 'NONE', *, *, #6003, .F. ) ;
#4257 = PRESENTATION_LAYER_ASSIGNMENT (  '', '', ( #4002 ) ) ;
#4258 = PRESENTATION_STYLE_ASSIGNMENT (( #3086 ) ) ;
#4259 = ORIENTED_EDGE ( 'NONE', *, *, #3285, .F. ) ;
#4260 = VERTEX_POINT ( 'NONE', #1842 ) ;
#4261 = PRESENTATION_LAYER_ASSIGNMENT (  '', '', ( #3915 ) ) ;
#4262 = CIRCLE ( 'NONE', #6332, 0.05000000000000002359 ) ;
#4263 = ORIENTED_EDGE ( 'NONE', *, *, #3478, .T. ) ;
#4264 = DIRECTION ( 'NONE',  ( 0.0000000000000000000, 0.0000000000000000000, -1.000000000000000000 ) ) ;
#4265 =( LENGTH_UNIT ( ) NAMED_UNIT ( * ) SI_UNIT ( .MILLI., .METRE. ) );
#4266 = FACE_OUTER_BOUND ( 'NONE', #5133, .T. ) ;
#4267 = LINE ( 'NONE', #107, #676 ) ;
#4268 = CYLINDRICAL_SURFACE ( 'NONE', #4420, 0.2299999999999999545 ) ;
#4269 = ORIENTED_EDGE ( 'NONE', *, *, #3072, .F. ) ;
#4270 = ADVANCED_FACE ( 'NONE', ( #2558 ), #5989, .F. ) ;
#4271 = ORIENTED_EDGE ( 'NONE', *, *, #3772, .T. ) ;
#4272 =( NAMED_UNIT ( * ) SI_UNIT ( $, .STERADIAN. ) SOLID_ANGLE_UNIT ( ) );
#4273 = CARTESIAN_POINT ( 'NONE',  ( 0.9999000000000002331, 0.2299999999999999545, -0.4500000000000000111 ) ) ;
#4274 = CARTESIAN_POINT ( 'NONE',  ( -0.9999000000000002331, -0.4500000000000000111, -0.4500000000000000111 ) ) ;
#4275 = DIRECTION ( 'NONE',  ( 0.0000000000000000000, 0.0000000000000000000, -1.000000000000000000 ) ) ;
#4276 = VECTOR ( 'NONE', #5533, 1000.000000000000000 ) ;
#4277 = MECHANICAL_DESIGN_GEOMETRIC_PRESENTATION_REPRESENTATION (  '', ( #2308 ), #4856 ) ;
#4278 = LINE ( 'NONE', #6619, #2565 ) ;
#4279 = EDGE_LOOP ( 'NONE', ( #714, #388, #4259, #4717 ) ) ;
#4280 = FILL_AREA_STYLE ('',( #6695 ) ) ;
#4281 =( NAMED_UNIT ( * ) SI_UNIT ( $, .STERADIAN. ) SOLID_ANGLE_UNIT ( ) );
#4282 = ORIENTED_EDGE ( 'NONE', *, *, #522, .T. ) ;
#4283 = SURFACE_STYLE_FILL_AREA ( #180 ) ;
#4284 = ORIENTED_EDGE ( 'NONE', *, *, #4202, .F. ) ;
#4285 = VERTEX_POINT ( 'NONE', #858 ) ;
#4286 = CARTESIAN_POINT ( 'NONE',  ( -0.9999000000000002331, -0.4200000000000000400, -0.07999999999999998779 ) ) ;
#4287 = ORIENTED_EDGE ( 'NONE', *, *, #5047, .F. ) ;
#4288 = EDGE_CURVE ( 'NONE', #557, #1726, #1408, .T. ) ;
#4289 = VERTEX_POINT ( 'NONE', #4493 ) ;
#4290 = FILL_AREA_STYLE ('',( #6249 ) ) ;
#4291 = MECHANICAL_DESIGN_GEOMETRIC_PRESENTATION_REPRESENTATION (  '', ( #5649 ), #451 ) ;
#4292 = ORIENTED_EDGE ( 'NONE', *, *, #2007, .F. ) ;
#4293 = ORIENTED_EDGE ( 'NONE', *, *, #4651, .T. ) ;
#4294 = DIRECTION ( 'NONE',  ( -0.0000000000000000000, -0.0000000000000000000, 1.000000000000000000 ) ) ;
#4295 = PRESENTATION_STYLE_ASSIGNMENT (( #2369 ) ) ;
#4296 = DIRECTION ( 'NONE',  ( 0.0000000000000000000, 0.0000000000000000000, -1.000000000000000000 ) ) ;
#4297 = CARTESIAN_POINT ( 'NONE',  ( 1.000000000000000222, -0.4200000000000000400, -0.07999999999999998779 ) ) ;
#4298 = EDGE_CURVE ( 'NONE', #1745, #4193, #3447, .T. ) ;
#4299 =( NAMED_UNIT ( * ) PLANE_ANGLE_UNIT ( ) SI_UNIT ( $, .RADIAN. ) );
#4300 = ORIENTED_EDGE ( 'NONE', *, *, #5698, .T. ) ;
#4301 = STYLED_ITEM ( 'NONE', ( #4874 ), #1381 ) ;
#4302 = CARTESIAN_POINT ( 'NONE',  ( 0.9999999999999913403, 0.0000000000000000000, -0.4500000000000000111 ) ) ;
#4303 = DIRECTION ( 'NONE',  ( -0.0000000000000000000, -0.0000000000000000000, 1.000000000000000000 ) ) ;
#4304 = MECHANICAL_DESIGN_GEOMETRIC_PRESENTATION_REPRESENTATION (  '', ( #215 ), #882 ) ;
#4305 = PRESENTATION_LAYER_ASSIGNMENT (  '', '', ( #2221 ) ) ;
#4306 = LINE ( 'NONE', #6160, #2278 ) ;
#4307 = EDGE_LOOP ( 'NONE', ( #4154, #2059, #6627, #369 ) ) ;
#4308 = SURFACE_SIDE_STYLE ('',( #1977 ) ) ;
#4309 = FILL_AREA_STYLE_COLOUR ( '', #4385 ) ;
#4310 = ORIENTED_EDGE ( 'NONE', *, *, #3555, .T. ) ;
#4311 = STYLED_ITEM ( 'NONE', ( #5527 ), #5125 ) ;
#4312 =( NAMED_UNIT ( * ) SI_UNIT ( $, .STERADIAN. ) SOLID_ANGLE_UNIT ( ) );
#4313 = DIRECTION ( 'NONE',  ( 0.0000000000000000000, 0.0000000000000000000, -1.000000000000000000 ) ) ;
#4314 = SURFACE_SIDE_STYLE ('',( #4249 ) ) ;
#4315 = VECTOR ( 'NONE', #1519, 1000.000000000000000 ) ;
#4316 = DIRECTION ( 'NONE',  ( 0.0000000000000000000, 0.0000000000000000000, -1.000000000000000000 ) ) ;
#4317 = FILL_AREA_STYLE_COLOUR ( '', #6171 ) ;
#4318 = DIRECTION ( 'NONE',  ( -0.7071067811865474617, 0.7071067811865474617, 0.0000000000000000000 ) ) ;
#4319 = CARTESIAN_POINT ( 'NONE',  ( -0.8864218330839861437, 0.2000000000000000944, -0.04499999999999995670 ) ) ;
#4320 = FACE_OUTER_BOUND ( 'NONE', #2334, .T. ) ;
#4321 = EDGE_CURVE ( 'NONE', #6395, #903, #4962, .T. ) ;
#4322 = PLANE ( 'NONE',  #4506 ) ;
#4323 = FACE_OUTER_BOUND ( 'NONE', #2891, .T. ) ;
#4324 = FILL_AREA_STYLE_COLOUR ( '', #4932 ) ;
#4325 = FILL_AREA_STYLE ('',( #176 ) ) ;
#4326 = CIRCLE ( 'NONE', #921, 0.2299999999999999545 ) ;
#4327 = EDGE_CURVE ( 'NONE', #2409, #6202, #39, .T. ) ;
#4328 = LINE ( 'NONE', #4146, #1317 ) ;
#4329 = FACE_OUTER_BOUND ( 'NONE', #5785, .T. ) ;
#4330 = UNCERTAINTY_MEASURE_WITH_UNIT (LENGTH_MEASURE( 1.000000000000000082E-05 ), #1093, 'distance_accuracy_value', 'NONE');
#4331 = ADVANCED_FACE ( 'NONE', ( #1968 ), #4614, .F. ) ;
#4332 =( NAMED_UNIT ( * ) PLANE_ANGLE_UNIT ( ) SI_UNIT ( $, .RADIAN. ) );
#4333 = AXIS2_PLACEMENT_3D ( 'NONE', #4888, #5964, #5461 ) ;
#4334 = MECHANICAL_DESIGN_GEOMETRIC_PRESENTATION_REPRESENTATION (  '', ( #1195 ), #5753 ) ;
#4335 = PLANE ( 'NONE',  #1249 ) ;
#4336 = ORIENTED_EDGE ( 'NONE', *, *, #3527, .T. ) ;
#4337 = CARTESIAN_POINT ( 'NONE',  ( 0.0000000000000000000, 0.0000000000000000000, -0.04499999999999995670 ) ) ;
#4338 = ORIENTED_EDGE ( 'NONE', *, *, #65, .T. ) ;
#4339 = CARTESIAN_POINT ( 'NONE',  ( 0.9999999999999913403, 0.0000000000000000000, -0.4500000000000000111 ) ) ;
#4340 = EDGE_CURVE ( 'NONE', #557, #6055, #6194, .T. ) ;
#4341 = FILL_AREA_STYLE ('',( #5914 ) ) ;
#4342 = CIRCLE ( 'NONE', #255, 0.05000000000000002359 ) ;
#4343 = EDGE_LOOP ( 'NONE', ( #3783, #3726, #4818, #1995 ) ) ;
#4344 = ORIENTED_EDGE ( 'NONE', *, *, #6696, .T. ) ;
#4345 = VERTEX_POINT ( 'NONE', #3590 ) ;
#4346 = ORIENTED_EDGE ( 'NONE', *, *, #2548, .F. ) ;
#4347 = EDGE_LOOP ( 'NONE', ( #1134, #3227, #5542, #5618 ) ) ;
#4348 = ORIENTED_EDGE ( 'NONE', *, *, #419, .F. ) ;
#4349 = PRESENTATION_LAYER_ASSIGNMENT (  '', '', ( #4004 ) ) ;
#4350 = DIRECTION ( 'NONE',  ( 0.0000000000000000000, 0.0000000000000000000, 1.000000000000000000 ) ) ;
#4351 = CARTESIAN_POINT ( 'NONE',  ( 0.9997999999999999110, -0.9998000000000001330, -0.08000000000000020983 ) ) ;
#4352 = CYLINDRICAL_SURFACE ( 'NONE', #5311, 0.2000000000000000944 ) ;
#4353 = CARTESIAN_POINT ( 'NONE',  ( 0.9999999999999997780, 1.000000000000000000, 0.4199999999999999845 ) ) ;
#4354 = CARTESIAN_POINT ( 'NONE',  ( -0.9998000000000003551, 0.8799999999999998934, -0.08000000000000020983 ) ) ;
#4355 = VERTEX_POINT ( 'NONE', #4980 ) ;
#4356 = SURFACE_SIDE_STYLE ('',( #3778 ) ) ;
#4357 = FILL_AREA_STYLE ('',( #4945 ) ) ;
#4358 = VERTEX_POINT ( 'NONE', #2528 ) ;
#4359 = VERTEX_POINT ( 'NONE', #1967 ) ;
#4360 =( LENGTH_UNIT ( ) NAMED_UNIT ( * ) SI_UNIT ( .MILLI., .METRE. ) );
#4361 = VECTOR ( 'NONE', #2435, 1000.000000000000000 ) ;
#4362 = VERTEX_POINT ( 'NONE', #5587 ) ;
#4363 = STYLED_ITEM ( 'NONE', ( #1809 ), #10 ) ;
#4364 = UNCERTAINTY_MEASURE_WITH_UNIT (LENGTH_MEASURE( 1.000000000000000082E-05 ), #5200, 'distance_accuracy_value', 'NONE');
#4365 = FILL_AREA_STYLE_COLOUR ( '', #3641 ) ;
#4366 = CARTESIAN_POINT ( 'NONE',  ( -3.217533512336763874E-16, -0.8499999999999997558, -0.4199999999999999845 ) ) ;
#4367 = EDGE_CURVE ( 'NONE', #4355, #3272, #1475, .T. ) ;
#4368 =( GEOMETRIC_REPRESENTATION_CONTEXT ( 3 ) GLOBAL_UNCERTAINTY_ASSIGNED_CONTEXT ( ( #289 ) ) GLOBAL_UNIT_ASSIGNED_CONTEXT ( ( #3216, #1655, #4684 ) ) REPRESENTATION_CONTEXT ( 'NONE', 'WORKASPACE' ) );
#4369 = AXIS2_PLACEMENT_3D ( 'NONE', #3035, #1962, #2013 ) ;
#4370 = CARTESIAN_POINT ( 'NONE',  ( -0.6299999999999980060, 0.8500000000000000888, -0.4199999999999999845 ) ) ;
#4371 = FILL_AREA_STYLE_COLOUR ( '', #6694 ) ;
#4372 = DIRECTION ( 'NONE',  ( -0.0000000000000000000, -0.0000000000000000000, -1.000000000000000000 ) ) ;
#4373 = LINE ( 'NONE', #1524, #4682 ) ;
#4374 = VECTOR ( 'NONE', #5745, 1000.000000000000000 ) ;
#4375 = EDGE_CURVE ( 'NONE', #5213, #1017, #2304, .T. ) ;
#4376 = CARTESIAN_POINT ( 'NONE',  ( 0.7500000000000002220, -0.8499999999999999778, -0.04499999999999995670 ) ) ;
#4377 =( NAMED_UNIT ( * ) SI_UNIT ( $, .STERADIAN. ) SOLID_ANGLE_UNIT ( ) );
#4378 = PRESENTATION_LAYER_ASSIGNMENT (  '', '', ( #2176 ) ) ;
#4379 = LINE ( 'NONE', #350, #5749 ) ;
#4380 = VECTOR ( 'NONE', #2438, 1000.000000000000000 ) ;
#4381 = DIRECTION ( 'NONE',  ( 0.0000000000000000000, 0.0000000000000000000, -1.000000000000000000 ) ) ;
#4382 = CARTESIAN_POINT ( 'NONE',  ( 0.8864218330839792603, -0.4500000000000000111, -0.04499999999999995670 ) ) ;
#4383 = MECHANICAL_DESIGN_GEOMETRIC_PRESENTATION_REPRESENTATION (  '', ( #1547 ), #4931 ) ;
#4384 = CARTESIAN_POINT ( 'NONE',  ( 0.9999999999999844569, -0.6500000000000000222, -0.04499999999999995670 ) ) ;
#4385 = COLOUR_RGB ( '',0.6470588235294117974, 0.5176470588235293491, 0.0000000000000000000 ) ;
#4386 = FACE_OUTER_BOUND ( 'NONE', #6547, .T. ) ;
#4387 = CARTESIAN_POINT ( 'NONE',  ( 1.000000000000000222, -0.2299999999999999545, -0.4199999999999999289 ) ) ;
#4388 =( NAMED_UNIT ( * ) SI_UNIT ( $, .STERADIAN. ) SOLID_ANGLE_UNIT ( ) );
#4389 = COLOUR_RGB ( '',0.6470588235294117974, 0.5176470588235293491, 0.0000000000000000000 ) ;
#4390 = AXIS2_PLACEMENT_3D ( 'NONE', #1258, #285, #6472 ) ;
#4391 = FILL_AREA_STYLE_COLOUR ( '', #942 ) ;
#4392 = UNCERTAINTY_MEASURE_WITH_UNIT (LENGTH_MEASURE( 1.000000000000000082E-05 ), #3025, 'distance_accuracy_value', 'NONE');
#4393 = CIRCLE ( 'NONE', #2769, 0.2299999999999999545 ) ;
#4394 = COLOUR_RGB ( '',0.6470588235294117974, 0.5176470588235293491, 0.0000000000000000000 ) ;
#4395 = PRESENTATION_STYLE_ASSIGNMENT (( #5652 ) ) ;
#4396 = DIRECTION ( 'NONE',  ( 0.0000000000000000000, -1.000000000000000000, -0.0000000000000000000 ) ) ;
#4397 = CARTESIAN_POINT ( 'NONE',  ( 0.5999999999999980904, 0.5000000000000000000, -0.04499999999999995670 ) ) ;
#4398 = LINE ( 'NONE', #6031, #2866 ) ;
#4399 = MECHANICAL_DESIGN_GEOMETRIC_PRESENTATION_REPRESENTATION (  '', ( #2578 ), #6499 ) ;
#4400 = UNCERTAINTY_MEASURE_WITH_UNIT (LENGTH_MEASURE( 1.000000000000000082E-05 ), #5183, 'distance_accuracy_value', 'NONE');
#4401 = COLOUR_RGB ( '',0.6470588235294117974, 0.5176470588235293491, 0.0000000000000000000 ) ;
#4402 = CARTESIAN_POINT ( 'NONE',  ( 0.9999999999999997780, 0.9499999999999999556, -0.03000000000000002318 ) ) ;
#4403 = VERTEX_POINT ( 'NONE', #1465 ) ;
#4404 = EDGE_CURVE ( 'NONE', #2473, #5402, #2550, .T. ) ;
#4405 = MECHANICAL_DESIGN_GEOMETRIC_PRESENTATION_REPRESENTATION (  '', ( #4491 ), #4842 ) ;
#4406 =( NAMED_UNIT ( * ) PLANE_ANGLE_UNIT ( ) SI_UNIT ( $, .RADIAN. ) );
#4407 = CARTESIAN_POINT ( 'NONE',  ( -0.5999999999999984235, 0.4500000000000000111, -0.4500000000000000111 ) ) ;
#4408 = UNCERTAINTY_MEASURE_WITH_UNIT (LENGTH_MEASURE( 1.000000000000000082E-05 ), #1379, 'distance_accuracy_value', 'NONE');
#4409 = EDGE_CURVE ( 'NONE', #3135, #4760, #6349, .T. ) ;
#4410 = ORIENTED_EDGE ( 'NONE', *, *, #4789, .T. ) ;
#4411 = CARTESIAN_POINT ( 'NONE',  ( 0.9998000000000003551, -0.8799999999999998934, -0.4199999999999999845 ) ) ;
#4412 = FILL_AREA_STYLE_COLOUR ( '', #5830 ) ;
#4413 = STYLED_ITEM ( 'NONE', ( #2222 ), #1494 ) ;
#4414 =( NAMED_UNIT ( * ) PLANE_ANGLE_UNIT ( ) SI_UNIT ( $, .RADIAN. ) );
#4415 = LINE ( 'NONE', #84, #1812 ) ;
#4416 = ORIENTED_EDGE ( 'NONE', *, *, #1447, .F. ) ;
#4417 =( NAMED_UNIT ( * ) PLANE_ANGLE_UNIT ( ) SI_UNIT ( $, .RADIAN. ) );
#4418 =( LENGTH_UNIT ( ) NAMED_UNIT ( * ) SI_UNIT ( .MILLI., .METRE. ) );
#4419 = EDGE_LOOP ( 'NONE', ( #2573, #1750, #1987, #3154 ) ) ;
#4420 = AXIS2_PLACEMENT_3D ( 'NONE', #5444, #1279, #806 ) ;
#4421 = DIRECTION ( 'NONE',  ( -1.000000000000000000, 0.0000000000000000000, 0.0000000000000000000 ) ) ;
#4422 = CARTESIAN_POINT ( 'NONE',  ( 0.5999999999999916511, -0.2000000000000000111, -0.4500000000000000111 ) ) ;
#4423 = VERTEX_POINT ( 'NONE', #4094 ) ;
#4424 = EDGE_LOOP ( 'NONE', ( #2657, #3812, #1409, #514, #5609, #5451, #4410, #2023, #5295, #205, #5638, #6584, #3560, #2662, #4909, #5626, #1082, #3495, #2904, #183, #4501, #3850, #2320, #930, #3217, #5142, #3732, #2149, #3457 ) ) ;
#4425 = CARTESIAN_POINT ( 'NONE',  ( 0.9999999999999844569, -0.6500000000000000222, -0.08000000000000001554 ) ) ;
#4426 = EDGE_LOOP ( 'NONE', ( #3127, #5148, #1489, #5696 ) ) ;
#4427 = AXIS2_PLACEMENT_3D ( 'NONE', #77, #3720, #604 ) ;
#4428 = FILL_AREA_STYLE ('',( #3917 ) ) ;
#4429 = EDGE_LOOP ( 'NONE', ( #367, #3730, #96, #5300, #1306, #5703, #6470, #6220, #6099, #770 ) ) ;
#4430 = ORIENTED_EDGE ( 'NONE', *, *, #2596, .T. ) ;
#4431 = FACE_OUTER_BOUND ( 'NONE', #4429, .T. ) ;
#4432 = ORIENTED_EDGE ( 'NONE', *, *, #1985, .F. ) ;
#4433 = VERTEX_POINT ( 'NONE', #3039 ) ;
#4434 = CARTESIAN_POINT ( 'NONE',  ( 0.9999000000000002331, -0.4200000000000000400, -0.4500000000000000111 ) ) ;
#4435 =( NAMED_UNIT ( * ) SI_UNIT ( $, .STERADIAN. ) SOLID_ANGLE_UNIT ( ) );
#4436 = DIRECTION ( 'NONE',  ( 1.000000000000000000, 0.0000000000000000000, 0.0000000000000000000 ) ) ;
#4437 = ORIENTED_EDGE ( 'NONE', *, *, #2814, .F. ) ;
#4438 = AXIS2_PLACEMENT_3D ( 'NONE', #4115, #1548, #5172 ) ;
#4439 = FILL_AREA_STYLE ('',( #799 ) ) ;
#4440 = VECTOR ( 'NONE', #5006, 1000.000000000000000 ) ;
#4441 = EDGE_CURVE ( 'NONE', #1731, #4892, #2803, .T. ) ;
#4442 =( NAMED_UNIT ( * ) SI_UNIT ( $, .STERADIAN. ) SOLID_ANGLE_UNIT ( ) );
#4443 =( NAMED_UNIT ( * ) SI_UNIT ( $, .STERADIAN. ) SOLID_ANGLE_UNIT ( ) );
#4444 = VERTEX_POINT ( 'NONE', #5093 ) ;
#4445 = CARTESIAN_POINT ( 'NONE',  ( 1.000000000000006883, -0.6500000000000000222, -0.08000000000000020983 ) ) ;
#4446 = DIRECTION ( 'NONE',  ( 0.0000000000000000000, 0.0000000000000000000, -1.000000000000000000 ) ) ;
#4447 = CARTESIAN_POINT ( 'NONE',  ( 0.9999999999999981126, 0.6500000000000000222, -0.4500000000000000111 ) ) ;
#4448 = VECTOR ( 'NONE', #1299, 1000.000000000000000 ) ;
#4449 = AXIS2_PLACEMENT_3D ( 'NONE', #3036, #2572, #3540 ) ;
#4450 = AXIS2_PLACEMENT_3D ( 'NONE', #775, #3297, #4436 ) ;
#4451 = LINE ( 'NONE', #6634, #791 ) ;
#4452 = LINE ( 'NONE', #6592, #5337 ) ;
#4453 = EDGE_CURVE ( 'NONE', #5213, #5879, #901, .T. ) ;
#4454 = VECTOR ( 'NONE', #3281, 1000.000000000000000 ) ;
#4455 = SURFACE_SIDE_STYLE ('',( #3769 ) ) ;
#4456 = ORIENTED_EDGE ( 'NONE', *, *, #5081, .T. ) ;
#4457 = CARTESIAN_POINT ( 'NONE',  ( -0.9999000000000002331, 0.4200000000000000400, -0.04499999999999995670 ) ) ;
#4458 = SURFACE_STYLE_FILL_AREA ( #4290 ) ;
#4459 = ADVANCED_FACE ( 'NONE', ( #6112 ), #6124, .F. ) ;
#4460 =( NAMED_UNIT ( * ) SI_UNIT ( $, .STERADIAN. ) SOLID_ANGLE_UNIT ( ) );
#4461 =( LENGTH_UNIT ( ) NAMED_UNIT ( * ) SI_UNIT ( .MILLI., .METRE. ) );
#4462 = AXIS2_PLACEMENT_3D ( 'NONE', #1419, #4023, #4541 ) ;
#4463 = LINE ( 'NONE', #2451, #1136 ) ;
#4464 =( NAMED_UNIT ( * ) PLANE_ANGLE_UNIT ( ) SI_UNIT ( $, .RADIAN. ) );
#4465 = AXIS2_PLACEMENT_3D ( 'NONE', #3701, #543, #562 ) ;
#4466 = VECTOR ( 'NONE', #3258, 1000.000000000000000 ) ;
#4467 = LINE ( 'NONE', #2582, #2933 ) ;
#4468 = DIRECTION ( 'NONE',  ( 0.0000000000000000000, -1.000000000000000000, 0.0000000000000000000 ) ) ;
#4469 = ORIENTED_EDGE ( 'NONE', *, *, #1045, .T. ) ;
#4470 = VECTOR ( 'NONE', #4143, 1000.000000000000000 ) ;
#4471 = CARTESIAN_POINT ( 'NONE',  ( 0.8864218330839926940, 0.4499999999999999001, -0.04499999999999995670 ) ) ;
#4472 = PRESENTATION_LAYER_ASSIGNMENT (  '', '', ( #2143 ) ) ;
#4473 = SURFACE_STYLE_FILL_AREA ( #4325 ) ;
#4474 = CARTESIAN_POINT ( 'NONE',  ( 0.5499999999999912736, 1.987703982890064017E-16, -0.4199999999999999845 ) ) ;
#4475 = DIRECTION ( 'NONE',  ( 0.0000000000000000000, -0.0000000000000000000, -1.000000000000000000 ) ) ;
#4476 = ADVANCED_FACE ( 'NONE', ( #3856 ), #3638, .T. ) ;
#4477 = FILL_AREA_STYLE ('',( #4041 ) ) ;
#4478 = EDGE_CURVE ( 'NONE', #1183, #3461, #736, .T. ) ;
#4479 = VECTOR ( 'NONE', #2275, 1000.000000000000000 ) ;
#4480 = COLOUR_RGB ( '',0.7921568627450980005, 0.8196078431372548767, 0.9333333333333333481 ) ;
#4481 = CARTESIAN_POINT ( 'NONE',  ( 0.0000000000000000000, 0.0000000000000000000, 0.4199999999999999845 ) ) ;
#4482 =( NAMED_UNIT ( * ) SI_UNIT ( $, .STERADIAN. ) SOLID_ANGLE_UNIT ( ) );
#4483 = CIRCLE ( 'NONE', #4046, 0.1999999999999999833 ) ;
#4484 = SURFACE_SIDE_STYLE ('',( #556 ) ) ;
#4485 =( LENGTH_UNIT ( ) NAMED_UNIT ( * ) SI_UNIT ( .MILLI., .METRE. ) );
#4486 = VERTEX_POINT ( 'NONE', #3659 ) ;
#4487 = EDGE_CURVE ( 'NONE', #2800, #1976, #4483, .T. ) ;
#4488 = EDGE_LOOP ( 'NONE', ( #2952, #2482, #56, #744 ) ) ;
#4489 = FILL_AREA_STYLE_COLOUR ( '', #739 ) ;
#4490 = PRESENTATION_LAYER_ASSIGNMENT (  '', '', ( #3820 ) ) ;
#4491 = STYLED_ITEM ( 'NONE', ( #3951 ), #3573 ) ;
#4492 = PLANE ( 'NONE',  #581 ) ;
#4493 = CARTESIAN_POINT ( 'NONE',  ( 0.9999000000000002331, 0.2000000000000000944, -0.04499999999999995670 ) ) ;
#4494 = VERTEX_POINT ( 'NONE', #4662 ) ;
#4495 = ORIENTED_EDGE ( 'NONE', *, *, #1659, .T. ) ;
#4496 = VERTEX_POINT ( 'NONE', #6236 ) ;
#4497 = ADVANCED_FACE ( 'NONE', ( #3851 ), #353, .T. ) ;
#4498 = EDGE_CURVE ( 'NONE', #5053, #1770, #1801, .T. ) ;
#4499 = DIRECTION ( 'NONE',  ( 0.0000000000000000000, 1.000000000000000000, -0.0000000000000000000 ) ) ;
#4500 = VECTOR ( 'NONE', #3378, 1000.000000000000000 ) ;
#4501 = ORIENTED_EDGE ( 'NONE', *, *, #6147, .F. ) ;
#4503 = AXIS2_PLACEMENT_3D ( 'NONE', #5258, #2154, #6295 ) ;
#4502 = DIRECTION ( 'NONE',  ( -1.000000000000000000, 0.0000000000000000000, 0.0000000000000000000 ) ) ;
#4504 = PRESENTATION_LAYER_ASSIGNMENT (  '', '', ( #215 ) ) ;
#4505 = COLOUR_RGB ( '',0.2000000000000000111, 0.2000000000000000111, 0.2000000000000000111 ) ;
#4506 = AXIS2_PLACEMENT_3D ( 'NONE', #5243, #4242, #592 ) ;
#4507 = ORIENTED_EDGE ( 'NONE', *, *, #5165, .T. ) ;
#4508 = FILL_AREA_STYLE_COLOUR ( '', #3898 ) ;
#4509 = CARTESIAN_POINT ( 'NONE',  ( 1.000000000000000222, -0.2299999999999999545, -0.4500000000000000111 ) ) ;
#4510 = VERTEX_POINT ( 'NONE', #1085 ) ;
#4511 = UNCERTAINTY_MEASURE_WITH_UNIT (LENGTH_MEASURE( 1.000000000000000082E-05 ), #1330, 'distance_accuracy_value', 'NONE');
#4512 = PRESENTATION_LAYER_ASSIGNMENT (  '', '', ( #2308 ) ) ;
#4513 = DIRECTION ( 'NONE',  ( -0.7071067811865474617, 0.7071067811865474617, 0.0000000000000000000 ) ) ;
#4514 = CIRCLE ( 'NONE', #4462, 0.05000000000000002359 ) ;
#4515 = DIRECTION ( 'NONE',  ( -1.000000000000000000, 0.0000000000000000000, 0.0000000000000000000 ) ) ;
#4516 = VERTEX_POINT ( 'NONE', #1584 ) ;
#4517 = CARTESIAN_POINT ( 'NONE',  ( -0.7499999999999997780, -0.9499999999999999556, -0.03000000000000002318 ) ) ;
#4518 =( NAMED_UNIT ( * ) SI_UNIT ( $, .STERADIAN. ) SOLID_ANGLE_UNIT ( ) );
#4519 = DIRECTION ( 'NONE',  ( -1.000000000000000000, 0.0000000000000000000, 0.0000000000000000000 ) ) ;
#4520 = STYLED_ITEM ( 'NONE', ( #3082 ), #1653 ) ;
#4521 = DIRECTION ( 'NONE',  ( -1.000000000000000000, 0.0000000000000000000, 0.0000000000000000000 ) ) ;
#4522 = UNCERTAINTY_MEASURE_WITH_UNIT (LENGTH_MEASURE( 1.000000000000000082E-05 ), #336, 'distance_accuracy_value', 'NONE');
#4523 = DIRECTION ( 'NONE',  ( -0.0000000000000000000, -0.0000000000000000000, 1.000000000000000000 ) ) ;
#4524 = EDGE_CURVE ( 'NONE', #4893, #1596, #4553, .T. ) ;
#4525 = LINE ( 'NONE', #510, #6456 ) ;
#4526 =( LENGTH_UNIT ( ) NAMED_UNIT ( * ) SI_UNIT ( .MILLI., .METRE. ) );
#4527 = CARTESIAN_POINT ( 'NONE',  ( -0.8864218330839929161, 0.8500000000000000888, -0.08000000000000001554 ) ) ;
#4528 = PLANE ( 'NONE',  #4369 ) ;
#4529 = SURFACE_SIDE_STYLE ('',( #5694 ) ) ;
#4530 = EDGE_CURVE ( 'NONE', #4559, #3100, #5692, .T. ) ;
#4531 = DIRECTION ( 'NONE',  ( -1.000000000000000000, 0.0000000000000000000, 0.0000000000000000000 ) ) ;
#4532 = MECHANICAL_DESIGN_GEOMETRIC_PRESENTATION_REPRESENTATION (  '', ( #2818 ), #5233 ) ;
#4533 = VECTOR ( 'NONE', #69, 1000.000000000000000 ) ;
#4534 =( NAMED_UNIT ( * ) PLANE_ANGLE_UNIT ( ) SI_UNIT ( $, .RADIAN. ) );
#4535 = VECTOR ( 'NONE', #5415, 1000.000000000000000 ) ;
#4536 = DIRECTION ( 'NONE',  ( -0.0000000000000000000, -0.0000000000000000000, -1.000000000000000000 ) ) ;
#4537 = EDGE_CURVE ( 'NONE', #5220, #2305, #4181, .T. ) ;
#4538 =( NAMED_UNIT ( * ) PLANE_ANGLE_UNIT ( ) SI_UNIT ( $, .RADIAN. ) );
#4539 = FACE_OUTER_BOUND ( 'NONE', #3668, .T. ) ;
#4540 = PLANE ( 'NONE',  #2990 ) ;
#4541 = DIRECTION ( 'NONE',  ( -1.000000000000000000, 0.0000000000000000000, 0.0000000000000000000 ) ) ;
#4542 = COLOUR_RGB ( '',0.6470588235294117974, 0.5176470588235293491, 0.0000000000000000000 ) ;
#4543 = MECHANICAL_DESIGN_GEOMETRIC_PRESENTATION_REPRESENTATION (  '', ( #1510 ), #5249 ) ;
#4544 =( LENGTH_UNIT ( ) NAMED_UNIT ( * ) SI_UNIT ( .MILLI., .METRE. ) );
#4545 = CARTESIAN_POINT ( 'NONE',  ( -0.5999999999999984235, 0.4500000000000000111, -0.04499999999999995670 ) ) ;
#4546 = FILL_AREA_STYLE_COLOUR ( '', #2298 ) ;
#4547 = CARTESIAN_POINT ( 'NONE',  ( -1.183987422138584655, -0.8675801256908811654, 2.137469317664817847 ) ) ;
#4549 = COLOUR_RGB ( '',0.6470588235294117974, 0.5176470588235293491, 0.0000000000000000000 ) ;
#4548 = DIRECTION ( 'NONE',  ( -0.0000000000000000000, -0.0000000000000000000, 1.000000000000000000 ) ) ;
#4550 = ORIENTED_EDGE ( 'NONE', *, *, #1985, .T. ) ;
#4551 = ADVANCED_FACE ( 'NONE', ( #2717 ), #609, .F. ) ;
#4552 = CIRCLE ( 'NONE', #4082, 0.05000000000000002359 ) ;
#4553 = CIRCLE ( 'NONE', #2032, 0.2299999999999999545 ) ;
#4554 = VERTEX_POINT ( 'NONE', #2100 ) ;
#4555 = MECHANICAL_DESIGN_GEOMETRIC_PRESENTATION_REPRESENTATION (  '', ( #2970 ), #2762 ) ;
#4556 = UNCERTAINTY_MEASURE_WITH_UNIT (LENGTH_MEASURE( 1.000000000000000082E-05 ), #6496, 'distance_accuracy_value', 'NONE');
#4557 = DIRECTION ( 'NONE',  ( -0.0000000000000000000, -1.000000000000000000, -0.0000000000000000000 ) ) ;
#4558 =( NAMED_UNIT ( * ) SI_UNIT ( $, .STERADIAN. ) SOLID_ANGLE_UNIT ( ) );
#4559 = VERTEX_POINT ( 'NONE', #4707 ) ;
#4560 =( NAMED_UNIT ( * ) SI_UNIT ( $, .STERADIAN. ) SOLID_ANGLE_UNIT ( ) );
#4561 = ORIENTED_EDGE ( 'NONE', *, *, #3336, .T. ) ;
#4562 = EDGE_LOOP ( 'NONE', ( #5099, #1478, #1588, #4344 ) ) ;
#4563 = COLOUR_RGB ( '',0.6470588235294117974, 0.5176470588235293491, 0.0000000000000000000 ) ;
#4564 = SURFACE_SIDE_STYLE ('',( #555 ) ) ;
#4565 = VECTOR ( 'NONE', #484, 1000.000000000000000 ) ;
#4566 = MECHANICAL_DESIGN_GEOMETRIC_PRESENTATION_REPRESENTATION (  '', ( #4363 ), #5129 ) ;
#4567 = CARTESIAN_POINT ( 'NONE',  ( -1.000000000000000222, -1.000000000000000000, -0.08000000000000004330 ) ) ;
#4568 = SURFACE_STYLE_USAGE ( .BOTH. , #3563 ) ;
#4569 = ORIENTED_EDGE ( 'NONE', *, *, #2775, .F. ) ;
#4570 = ORIENTED_EDGE ( 'NONE', *, *, #3510, .F. ) ;
#4571 = CARTESIAN_POINT ( 'NONE',  ( 0.9997999999999999110, 0.9998000000000001330, 2.137469317664817847 ) ) ;
#4572 = AXIS2_PLACEMENT_3D ( 'NONE', #5325, #1220, #1678 ) ;
#4573 = AXIS2_PLACEMENT_3D ( 'NONE', #3192, #4669, #3174 ) ;
#4574 = CARTESIAN_POINT ( 'NONE',  ( -0.9999000000000002331, 0.4499999999999999556, -0.04499999999999995670 ) ) ;
#4575 = ORIENTED_EDGE ( 'NONE', *, *, #2291, .F. ) ;
#4576 = FILL_AREA_STYLE ('',( #1446 ) ) ;
#4577 = CYLINDRICAL_SURFACE ( 'NONE', #5266, 0.2299999999999999545 ) ;
#4578 = ORIENTED_EDGE ( 'NONE', *, *, #1965, .T. ) ;
#4579 = EDGE_CURVE ( 'NONE', #838, #511, #1958, .T. ) ;
#4580 = DIRECTION ( 'NONE',  ( -2.839000157944204375E-16, 1.000000000000000000, 0.0000000000000000000 ) ) ;
#4581 = ORIENTED_EDGE ( 'NONE', *, *, #383, .F. ) ;
#4583 =( GEOMETRIC_REPRESENTATION_CONTEXT ( 3 ) GLOBAL_UNCERTAINTY_ASSIGNED_CONTEXT ( ( #6663 ) ) GLOBAL_UNIT_ASSIGNED_CONTEXT ( ( #354, #6540, #3479 ) ) REPRESENTATION_CONTEXT ( 'NONE', 'WORKASPACE' ) );
#4582 = CARTESIAN_POINT ( 'NONE',  ( 0.9999000000000002331, 0.8799999999999998934, -0.07999999999999998779 ) ) ;
#4584 = DIRECTION ( 'NONE',  ( 0.0000000000000000000, 0.0000000000000000000, -1.000000000000000000 ) ) ;
#4585 = ORIENTED_EDGE ( 'NONE', *, *, #1146, .T. ) ;
#4586 = MECHANICAL_DESIGN_GEOMETRIC_PRESENTATION_REPRESENTATION (  '', ( #4002 ), #5366 ) ;
#4587 = SURFACE_STYLE_FILL_AREA ( #5750 ) ;
#4588 = STYLED_ITEM ( 'NONE', ( #1479 ), #4685 ) ;
#4589 = ADVANCED_FACE ( 'NONE', ( #2301 ), #4930, .F. ) ;
#4590 =( NAMED_UNIT ( * ) SI_UNIT ( $, .STERADIAN. ) SOLID_ANGLE_UNIT ( ) );
#4591 = ORIENTED_EDGE ( 'NONE', *, *, #5439, .T. ) ;
#4592 = SURFACE_SIDE_STYLE ('',( #3044 ) ) ;
#4593 = VERTEX_POINT ( 'NONE', #5760 ) ;
#4594 = CARTESIAN_POINT ( 'NONE',  ( 1.000000000000000222, -0.4200000000000000400, -0.4500000000000000111 ) ) ;
#4595 = UNCERTAINTY_MEASURE_WITH_UNIT (LENGTH_MEASURE( 1.000000000000000082E-05 ), #3513, 'distance_accuracy_value', 'NONE');
#4596 = SURFACE_SIDE_STYLE ('',( #3705 ) ) ;
#4597 = MECHANICAL_DESIGN_GEOMETRIC_PRESENTATION_REPRESENTATION (  '', ( #6256 ), #1466 ) ;
#4598 = UNCERTAINTY_MEASURE_WITH_UNIT (LENGTH_MEASURE( 1.000000000000000082E-05 ), #5255, 'distance_accuracy_value', 'NONE');
#4599 = CARTESIAN_POINT ( 'NONE',  ( -0.7499999999999997780, 0.4200000000000001510, -0.08000000000000001554 ) ) ;
#4600 = LINE ( 'NONE', #2511, #3249 ) ;
#4601 = PRESENTATION_STYLE_ASSIGNMENT (( #887 ) ) ;
#4602 = FACE_OUTER_BOUND ( 'NONE', #281, .T. ) ;
#4603 = CARTESIAN_POINT ( 'NONE',  ( 0.9999000000000002331, 0.4200000000000000400, -0.4500000000000000111 ) ) ;
#4604 = EDGE_CURVE ( 'NONE', #1503, #838, #6347, .T. ) ;
#4605 = DIRECTION ( 'NONE',  ( -1.000000000000000000, 0.0000000000000000000, 0.0000000000000000000 ) ) ;
#4606 = VECTOR ( 'NONE', #308, 1000.000000000000000 ) ;
#4607 = ORIENTED_EDGE ( 'NONE', *, *, #161, .T. ) ;
#4608 = AXIS2_PLACEMENT_3D ( 'NONE', #1846, #6523, #794 ) ;
#4609 = VECTOR ( 'NONE', #5192, 1000.000000000000000 ) ;
#4610 = CARTESIAN_POINT ( 'NONE',  ( 0.9999999999999981126, 0.6500000000000000222, -0.04499999999999995670 ) ) ;
#4611 = CARTESIAN_POINT ( 'NONE',  ( 0.9999000000000002331, 0.8799999999999998934, -0.4199999999999999845 ) ) ;
#4612 = EDGE_CURVE ( 'NONE', #1149, #1296, #984, .T. ) ;
#4613 = COLOUR_RGB ( '',0.6470588235294117974, 0.5176470588235293491, 0.0000000000000000000 ) ;
#4614 = PLANE ( 'NONE',  #801 ) ;
#4615 = FACE_OUTER_BOUND ( 'NONE', #89, .T. ) ;
#4616 = SURFACE_STYLE_USAGE ( .BOTH. , #4663 ) ;
#4617 = ADVANCED_FACE ( 'NONE', ( #1153 ), #456, .T. ) ;
#4618 =( GEOMETRIC_REPRESENTATION_CONTEXT ( 3 ) GLOBAL_UNCERTAINTY_ASSIGNED_CONTEXT ( ( #4209 ) ) GLOBAL_UNIT_ASSIGNED_CONTEXT ( ( #4060, #3480, #439 ) ) REPRESENTATION_CONTEXT ( 'NONE', 'WORKASPACE' ) );
#4619 = LINE ( 'NONE', #6043, #3267 ) ;
#4620 = PRESENTATION_LAYER_ASSIGNMENT (  '', '', ( #3617 ) ) ;
#4621 =( NAMED_UNIT ( * ) SI_UNIT ( $, .STERADIAN. ) SOLID_ANGLE_UNIT ( ) );
#4622 = VECTOR ( 'NONE', #5156, 1000.000000000000000 ) ;
#4623 =( NAMED_UNIT ( * ) PLANE_ANGLE_UNIT ( ) SI_UNIT ( $, .RADIAN. ) );
#4624 = STYLED_ITEM ( 'NONE', ( #1744 ), #4172 ) ;
#4625 = CARTESIAN_POINT ( 'NONE',  ( -1.000000000000000222, 0.4200000000000000400, -0.07999999999999998779 ) ) ;
#4626 = COLOUR_RGB ( '',0.6470588235294117974, 0.5176470588235293491, 0.0000000000000000000 ) ;
#4627 = CARTESIAN_POINT ( 'NONE',  ( 0.9999000000000002331, -0.2000000000000000111, -0.4500000000000000111 ) ) ;
#4628 = VECTOR ( 'NONE', #103, 1000.000000000000000 ) ;
#4629 = LINE ( 'NONE', #4880, #1954 ) ;
#4630 = VERTEX_POINT ( 'NONE', #6389 ) ;
#4631 = FACE_OUTER_BOUND ( 'NONE', #812, .T. ) ;
#4632 = COLOUR_RGB ( '',0.2000000000000000111, 0.2000000000000000111, 0.2000000000000000111 ) ;
#4633 = FILL_AREA_STYLE_COLOUR ( '', #6275 ) ;
#4634 = VECTOR ( 'NONE', #27, 1000.000000000000000 ) ;
#4635 = PRESENTATION_LAYER_ASSIGNMENT (  '', '', ( #5013 ) ) ;
#4636 = CARTESIAN_POINT ( 'NONE',  ( -0.9999000000000002331, 0.4200000000000000400, -0.4500000000000000111 ) ) ;
#4637 = ORIENTED_EDGE ( 'NONE', *, *, #6049, .T. ) ;
#4638 =( LENGTH_UNIT ( ) NAMED_UNIT ( * ) SI_UNIT ( .MILLI., .METRE. ) );
#4639 = COLOUR_RGB ( '',0.6470588235294117974, 0.5176470588235293491, 0.0000000000000000000 ) ;
#4640 = ORIENTED_EDGE ( 'NONE', *, *, #1611, .F. ) ;
#4641 = CIRCLE ( 'NONE', #3400, 0.2299999999999999545 ) ;
#4642 = DIRECTION ( 'NONE',  ( 0.0000000000000000000, -1.000000000000000000, 0.0000000000000000000 ) ) ;
#4643 = ORIENTED_EDGE ( 'NONE', *, *, #5521, .F. ) ;
#4644 = AXIS2_PLACEMENT_3D ( 'NONE', #6338, #2759, #4718 ) ;
#4645 = PRESENTATION_STYLE_ASSIGNMENT (( #6487 ) ) ;
#4646 = SURFACE_STYLE_FILL_AREA ( #699 ) ;
#4647 = ORIENTED_EDGE ( 'NONE', *, *, #6235, .F. ) ;
#4648 = VERTEX_POINT ( 'NONE', #132 ) ;
#4649 = CARTESIAN_POINT ( 'NONE',  ( 0.5499999999999982681, 1.987703982890089408E-16, -0.4199999999999999845 ) ) ;
#4650 = PLANE ( 'NONE',  #771 ) ;
#4651 = EDGE_CURVE ( 'NONE', #3626, #4833, #3229, .T. ) ;
#4652 = CARTESIAN_POINT ( 'NONE',  ( 0.5999999999999843237, -0.4999999999999998890, -0.4500000000000000111 ) ) ;
#4653 = ORIENTED_EDGE ( 'NONE', *, *, #4240, .F. ) ;
#4654 = ADVANCED_FACE ( 'NONE', ( #933 ), #3304, .T. ) ;
#4655 = ORIENTED_EDGE ( 'NONE', *, *, #3336, .F. ) ;
#4656 = EDGE_CURVE ( 'NONE', #3396, #4362, #5294, .T. ) ;
#4657 = DIRECTION ( 'NONE',  ( 1.000000000000000000, 0.0000000000000000000, 0.0000000000000000000 ) ) ;
#4658 = CARTESIAN_POINT ( 'NONE',  ( 0.9999999999999913403, 0.0000000000000000000, -0.4199999999999999845 ) ) ;
#4659 = AXIS2_PLACEMENT_3D ( 'NONE', #1945, #5088, #5136 ) ;
#4660 = STYLED_ITEM ( 'NONE', ( #3263 ), #2434 ) ;
#4661 = VERTEX_POINT ( 'NONE', #149 ) ;
#4662 = CARTESIAN_POINT ( 'NONE',  ( -0.9999000000000002331, -0.4200000000000000400, -0.4500000000000000111 ) ) ;
#4663 = SURFACE_SIDE_STYLE ('',( #1791 ) ) ;
#4664 = EDGE_CURVE ( 'NONE', #216, #5602, #3628, .T. ) ;
#4665 = ORIENTED_EDGE ( 'NONE', *, *, #633, .T. ) ;
#4666 = VERTEX_POINT ( 'NONE', #1833 ) ;
#4667 = SURFACE_SIDE_STYLE ('',( #2809 ) ) ;
#4668 = LINE ( 'NONE', #4759, #1844 ) ;
#4669 = DIRECTION ( 'NONE',  ( -0.0000000000000000000, -0.0000000000000000000, 1.000000000000000000 ) ) ;
#4670 = AXIS2_PLACEMENT_3D ( 'NONE', #186, #712, #6530 ) ;
#4671 = FILL_AREA_STYLE ('',( #4112 ) ) ;
#4672 = PRESENTATION_LAYER_ASSIGNMENT (  '', '', ( #1510 ) ) ;
#4673 = LINE ( 'NONE', #4353, #1924 ) ;
#4674 = FACE_OUTER_BOUND ( 'NONE', #2965, .T. ) ;
#4675 = CARTESIAN_POINT ( 'NONE',  ( -0.9999999999999981126, 0.6500000000000000222, -0.4500000000000000111 ) ) ;
#4676 = UNCERTAINTY_MEASURE_WITH_UNIT (LENGTH_MEASURE( 1.000000000000000082E-05 ), #923, 'distance_accuracy_value', 'NONE');
#4677 = CARTESIAN_POINT ( 'NONE',  ( 0.8864218330839792603, -0.4500000000000000111, -0.08000000000000020983 ) ) ;
#4678 =( NAMED_UNIT ( * ) SI_UNIT ( $, .STERADIAN. ) SOLID_ANGLE_UNIT ( ) );
#4679 = SURFACE_SIDE_STYLE ('',( #1640 ) ) ;
#4680 = DIRECTION ( 'NONE',  ( 1.000000000000000000, -0.0000000000000000000, -0.0000000000000000000 ) ) ;
#4681 =( NAMED_UNIT ( * ) PLANE_ANGLE_UNIT ( ) SI_UNIT ( $, .RADIAN. ) );
#4682 = VECTOR ( 'NONE', #2092, 1000.000000000000000 ) ;
#4683 = STYLED_ITEM ( 'NONE', ( #1442 ), #6084 ) ;
#4684 =( NAMED_UNIT ( * ) SI_UNIT ( $, .STERADIAN. ) SOLID_ANGLE_UNIT ( ) );
#4685 = ADVANCED_FACE ( 'NONE', ( #749 ), #6281, .T. ) ;
#4686 = EDGE_CURVE ( 'NONE', #5900, #2185, #4262, .T. ) ;
#4687 = DIRECTION ( 'NONE',  ( -0.0000000000000000000, -0.0000000000000000000, -1.000000000000000000 ) ) ;
#4688 = PLANE ( 'NONE',  #3233 ) ;
#4689 = CARTESIAN_POINT ( 'NONE',  ( 0.8864218330839861437, 0.2000000000000000944, -0.4500000000000000111 ) ) ;
#4690 = PRESENTATION_STYLE_ASSIGNMENT (( #741 ) ) ;
#4691 =( NAMED_UNIT ( * ) SI_UNIT ( $, .STERADIAN. ) SOLID_ANGLE_UNIT ( ) );
#4692 = SURFACE_SIDE_STYLE ('',( #314 ) ) ;
#4693 = STYLED_ITEM ( 'NONE', ( #1161 ), #53 ) ;
#4694 = EDGE_CURVE ( 'NONE', #3100, #5787, #6428, .T. ) ;
#4695 = FILL_AREA_STYLE ('',( #5362 ) ) ;
#4696 = DIRECTION ( 'NONE',  ( 0.0000000000000000000, -1.000000000000000000, -0.0000000000000000000 ) ) ;
#4698 = MECHANICAL_DESIGN_GEOMETRIC_PRESENTATION_REPRESENTATION (  '', ( #5969 ), #4793 ) ;
#4697 = SURFACE_STYLE_USAGE ( .BOTH. , #1076 ) ;
#4699 = MECHANICAL_DESIGN_GEOMETRIC_PRESENTATION_REPRESENTATION (  '', ( #2509 ), #3202 ) ;
#4700 = CYLINDRICAL_SURFACE ( 'NONE', #5635, 0.2299999999999999545 ) ;
#4701 = FILL_AREA_STYLE ('',( #3695 ) ) ;
#4702 = FILL_AREA_STYLE ('',( #2642 ) ) ;
#4703 = FILL_AREA_STYLE ('',( #5181 ) ) ;
#4704 = CARTESIAN_POINT ( 'NONE',  ( 0.8864218330839859217, -0.1999999999999999833, -0.04499999999999995670 ) ) ;
#4705 = EDGE_CURVE ( 'NONE', #2504, #5180, #1411, .T. ) ;
#4706 = SURFACE_STYLE_FILL_AREA ( #3008 ) ;
#4707 = CARTESIAN_POINT ( 'NONE',  ( -0.9998000000000003551, 0.9998000000000001330, -0.08000000000000020983 ) ) ;
#4708 = CYLINDRICAL_SURFACE ( 'NONE', #5674, 0.2299999999999999545 ) ;
#4709 = AXIS2_PLACEMENT_3D ( 'NONE', #5075, #6134, #6649 ) ;
#4710 = CARTESIAN_POINT ( 'NONE',  ( 0.5999999999999913181, -0.1500000000000000222, -0.4199999999999999845 ) ) ;
#4711 = ORIENTED_EDGE ( 'NONE', *, *, #5571, .T. ) ;
#4712 = STYLED_ITEM ( 'NONE', ( #6304 ), #4654 ) ;
#4713 = CARTESIAN_POINT ( 'NONE',  ( 0.9999000000000002331, 0.4200000000000000400, -0.4500000000000000111 ) ) ;
#4714 = ORIENTED_EDGE ( 'NONE', *, *, #5528, .T. ) ;
#4715 = COLOUR_RGB ( '',0.2000000000000000111, 0.2000000000000000111, 0.2000000000000000111 ) ;
#4716 = ADVANCED_FACE ( 'NONE', ( #4100 ), #3466, .T. ) ;
#4717 = ORIENTED_EDGE ( 'NONE', *, *, #4321, .F. ) ;
#4718 = DIRECTION ( 'NONE',  ( 0.0000000000000000000, -0.0000000000000000000, 1.000000000000000000 ) ) ;
#4719 = CARTESIAN_POINT ( 'NONE',  ( 0.9999999999999844569, -0.6500000000000000222, -0.4500000000000000111 ) ) ;
#4720 = FACE_OUTER_BOUND ( 'NONE', #5412, .T. ) ;
#4721 = VECTOR ( 'NONE', #1947, 1000.000000000000000 ) ;
#4722 = EDGE_LOOP ( 'NONE', ( #3148, #1246, #1089, #4293 ) ) ;
#4723 = ORIENTED_EDGE ( 'NONE', *, *, #928, .T. ) ;
#4724 =( GEOMETRIC_REPRESENTATION_CONTEXT ( 3 ) GLOBAL_UNCERTAINTY_ASSIGNED_CONTEXT ( ( #5348 ) ) GLOBAL_UNIT_ASSIGNED_CONTEXT ( ( #1790, #6381, #4838 ) ) REPRESENTATION_CONTEXT ( 'NONE', 'WORKASPACE' ) );
#4725 = CARTESIAN_POINT ( 'NONE',  ( 0.9999000000000002331, 0.8799999999999998934, -0.4500000000000000111 ) ) ;
#4726 = UNCERTAINTY_MEASURE_WITH_UNIT (LENGTH_MEASURE( 1.000000000000000082E-05 ), #5572, 'distance_accuracy_value', 'NONE');
#4727 = ORIENTED_EDGE ( 'NONE', *, *, #458, .F. ) ;
#4728 = DIRECTION ( 'NONE',  ( -0.0000000000000000000, -0.0000000000000000000, 1.000000000000000000 ) ) ;
#4729 = CARTESIAN_POINT ( 'NONE',  ( 0.9999999999999981126, 0.6500000000000000222, -0.04499999999999995670 ) ) ;
#4730 = VECTOR ( 'NONE', #43, 1000.000000000000000 ) ;
#4732 = LINE ( 'NONE', #4545, #2239 ) ;
#4731 =( NAMED_UNIT ( * ) SI_UNIT ( $, .STERADIAN. ) SOLID_ANGLE_UNIT ( ) );
#4733 = EDGE_LOOP ( 'NONE', ( #3485, #3698, #246, #3053, #434 ) ) ;
#4734 = EDGE_LOOP ( 'NONE', ( #3288, #5537, #1403, #2732 ) ) ;
#4735 = SURFACE_STYLE_FILL_AREA ( #466 ) ;
#4736 = COLOUR_RGB ( '',1.000000000000000000, 1.000000000000000000, 1.000000000000000000 ) ;
#4737 = SURFACE_SIDE_STYLE ('',( #3836 ) ) ;
#4738 = EDGE_CURVE ( 'NONE', #4444, #2850, #4965, .T. ) ;
#4739 = FILL_AREA_STYLE ('',( #6109 ) ) ;
#4740 = EDGE_LOOP ( 'NONE', ( #995, #3873, #5144, #5798 ) ) ;
#4741 = ORIENTED_EDGE ( 'NONE', *, *, #5227, .F. ) ;
#4742 = AXIS2_PLACEMENT_3D ( 'NONE', #6551, #3488, #5010 ) ;
#4743 = MECHANICAL_DESIGN_GEOMETRIC_PRESENTATION_REPRESENTATION (  '', ( #5175 ), #6560 ) ;
#4744 = SURFACE_STYLE_FILL_AREA ( #1714 ) ;
#4745 =( LENGTH_UNIT ( ) NAMED_UNIT ( * ) SI_UNIT ( .MILLI., .METRE. ) );
#4746 = SURFACE_SIDE_STYLE ('',( #1598 ) ) ;
#4747 = CARTESIAN_POINT ( 'NONE',  ( 0.0000000000000000000, 0.0000000000000000000, -0.4500000000000000111 ) ) ;
#4748 = ORIENTED_EDGE ( 'NONE', *, *, #1237, .T. ) ;
#4749 = EDGE_CURVE ( 'NONE', #4510, #557, #5381, .T. ) ;
#4750 =( LENGTH_UNIT ( ) NAMED_UNIT ( * ) SI_UNIT ( .MILLI., .METRE. ) );
#4751 = ORIENTED_EDGE ( 'NONE', *, *, #6309, .T. ) ;
#4752 = FILL_AREA_STYLE_COLOUR ( '', #6489 ) ;
#4753 = VECTOR ( 'NONE', #3693, 1000.000000000000000 ) ;
#4754 = EDGE_LOOP ( 'NONE', ( #1108, #1839, #5046, #5949, #3645, #5691, #1335, #2057, #385, #6433, #6378 ) ) ;
#4755 = SURFACE_SIDE_STYLE ('',( #734 ) ) ;
#4756 =( GEOMETRIC_REPRESENTATION_CONTEXT ( 3 ) GLOBAL_UNCERTAINTY_ASSIGNED_CONTEXT ( ( #5391 ) ) GLOBAL_UNIT_ASSIGNED_CONTEXT ( ( #4234, #1111, #1627 ) ) REPRESENTATION_CONTEXT ( 'NONE', 'WORKASPACE' ) );
#4757 = DIRECTION ( 'NONE',  ( -1.000000000000000000, 0.0000000000000000000, -0.0000000000000000000 ) ) ;
#4758 =( LENGTH_UNIT ( ) NAMED_UNIT ( * ) SI_UNIT ( .MILLI., .METRE. ) );
#4759 = CARTESIAN_POINT ( 'NONE',  ( 0.5499999999999840572, 1.987703982890038132E-16, -0.4199999999999999845 ) ) ;
#4760 = VERTEX_POINT ( 'NONE', #1340 ) ;
#4761 = VERTEX_POINT ( 'NONE', #3012 ) ;
#4762 = FILL_AREA_STYLE ('',( #545 ) ) ;
#4763 = ADVANCED_FACE ( 'NONE', ( #5216 ), #5012, .T. ) ;
#4764 = VECTOR ( 'NONE', #2342, 1000.000000000000000 ) ;
#4765 = STYLED_ITEM ( 'NONE', ( #6206 ), #4138 ) ;
#4766 = FILL_AREA_STYLE ('',( #90 ) ) ;
#4767 = DIRECTION ( 'NONE',  ( 1.000000000000000000, 0.0000000000000000000, -0.0000000000000000000 ) ) ;
#4768 = SURFACE_STYLE_FILL_AREA ( #4791 ) ;
#4769 =( NAMED_UNIT ( * ) PLANE_ANGLE_UNIT ( ) SI_UNIT ( $, .RADIAN. ) );
#4770 = UNCERTAINTY_MEASURE_WITH_UNIT (LENGTH_MEASURE( 1.000000000000000082E-05 ), #4858, 'distance_accuracy_value', 'NONE');
#4771 = PRESENTATION_LAYER_ASSIGNMENT (  '', '', ( #4311 ) ) ;
#4772 = CARTESIAN_POINT ( 'NONE',  ( 0.9999999999999993339, 1.000000000000000000, -0.08000000000000004330 ) ) ;
#4773 = CARTESIAN_POINT ( 'NONE',  ( -0.9999000000000002331, -0.8799999782608685095, -0.04499999999999995670 ) ) ;
#4774 = LINE ( 'NONE', #337, #2355 ) ;
#4775 = CARTESIAN_POINT ( 'NONE',  ( -0.7499999999999997780, 0.9499999999999999556, -0.08000000000000001554 ) ) ;
#4776 = DIRECTION ( 'NONE',  ( -1.000000000000000000, 8.881784197001254296E-16, 0.0000000000000000000 ) ) ;
#4777 = FILL_AREA_STYLE ('',( #1216 ) ) ;
#4778 =( NAMED_UNIT ( * ) SI_UNIT ( $, .STERADIAN. ) SOLID_ANGLE_UNIT ( ) );
#4779 = COLOUR_RGB ( '',0.6470588235294117974, 0.5176470588235293491, 0.0000000000000000000 ) ;
#4780 = FACE_OUTER_BOUND ( 'NONE', #3707, .T. ) ;
#4781 = PRESENTATION_LAYER_ASSIGNMENT (  '', '', ( #4989 ) ) ;
#4782 = SURFACE_SIDE_STYLE ('',( #4815 ) ) ;
#4783 = EDGE_CURVE ( 'NONE', #5306, #3547, #2871, .T. ) ;
#4784 = COLOUR_RGB ( '',1.000000000000000000, 1.000000000000000000, 1.000000000000000000 ) ;
#4785 = SURFACE_STYLE_FILL_AREA ( #5023 ) ;
#4786 = SURFACE_SIDE_STYLE ('',( #4102 ) ) ;
#4787 = COLOUR_RGB ( '',0.6470588235294117974, 0.5176470588235293491, 0.0000000000000000000 ) ;
#4788 = CARTESIAN_POINT ( 'NONE',  ( 0.9999999999999997780, -1.000000000000000000, 0.4199999999999999845 ) ) ;
#4789 = EDGE_CURVE ( 'NONE', #6503, #2551, #6029, .T. ) ;
#4790 = ADVANCED_FACE ( 'NONE', ( #1963 ), #1942, .T. ) ;
#4791 = FILL_AREA_STYLE ('',( #5799 ) ) ;
#4793 =( GEOMETRIC_REPRESENTATION_CONTEXT ( 3 ) GLOBAL_UNCERTAINTY_ASSIGNED_CONTEXT ( ( #5815 ) ) GLOBAL_UNIT_ASSIGNED_CONTEXT ( ( #3830, #4851, #2783 ) ) REPRESENTATION_CONTEXT ( 'NONE', 'WORKASPACE' ) );
#4792 = PLANE ( 'NONE',  #1013 ) ;
#4794 = STYLED_ITEM ( 'NONE', ( #3346 ), #2464 ) ;
#4795 = DIRECTION ( 'NONE',  ( -1.000000000000000000, -2.406075338967640062E-12, 0.0000000000000000000 ) ) ;
#4796 = CARTESIAN_POINT ( 'NONE',  ( 0.9999000000000002331, -0.1999999999999999833, -0.08000000000000001554 ) ) ;
#4797 = PRESENTATION_STYLE_ASSIGNMENT (( #3949 ) ) ;
#4798 = PRESENTATION_STYLE_ASSIGNMENT (( #6641 ) ) ;
#4799 =( NAMED_UNIT ( * ) PLANE_ANGLE_UNIT ( ) SI_UNIT ( $, .RADIAN. ) );
#4800 = EDGE_CURVE ( 'NONE', #5306, #5530, #1402, .T. ) ;
#4801 = DIRECTION ( 'NONE',  ( 0.0000000000000000000, -0.0000000000000000000, 1.000000000000000000 ) ) ;
#4802 = DIRECTION ( 'NONE',  ( 3.785333543925605834E-16, -1.000000000000000000, 0.0000000000000000000 ) ) ;
#4803 = ORIENTED_EDGE ( 'NONE', *, *, #5839, .T. ) ;
#4804 = ORIENTED_EDGE ( 'NONE', *, *, #486, .T. ) ;
#4805 = AXIS2_PLACEMENT_3D ( 'NONE', #5566, #905, #5983 ) ;
#4806 = SURFACE_STYLE_FILL_AREA ( #3064 ) ;
#4807 = VERTEX_POINT ( 'NONE', #492 ) ;
#4808 = EDGE_LOOP ( 'NONE', ( #2827, #1964, #1808, #5242 ) ) ;
#4809 =( LENGTH_UNIT ( ) NAMED_UNIT ( * ) SI_UNIT ( .MILLI., .METRE. ) );
#4810 = STYLED_ITEM ( 'NONE', ( #668 ), #4589 ) ;
#4812 = SURFACE_STYLE_FILL_AREA ( #392 ) ;
#4811 = SURFACE_STYLE_USAGE ( .BOTH. , #1185 ) ;
#4813 = EDGE_LOOP ( 'NONE', ( #3650, #4282, #848, #6283 ) ) ;
#4814 = LINE ( 'NONE', #548, #1331 ) ;
#4815 = SURFACE_STYLE_FILL_AREA ( #2674 ) ;
#4816 = VERTEX_POINT ( 'NONE', #4527 ) ;
#4817 = ORIENTED_EDGE ( 'NONE', *, *, #294, .T. ) ;
#4818 = ORIENTED_EDGE ( 'NONE', *, *, #4158, .T. ) ;
#4819 = CARTESIAN_POINT ( 'NONE',  ( 0.7500000000000002220, 0.2000000000000000944, -0.04499999999999995670 ) ) ;
#4820 = DIRECTION ( 'NONE',  ( -0.0000000000000000000, -0.0000000000000000000, -1.000000000000000000 ) ) ;
#4821 = ORIENTED_EDGE ( 'NONE', *, *, #4327, .F. ) ;
#4822 = CARTESIAN_POINT ( 'NONE',  ( 0.0000000000000000000, 0.8500000000000000888, -0.4500000000000000111 ) ) ;
#4823 = CARTESIAN_POINT ( 'NONE',  ( 0.7499999999999997780, 0.9499999999999999556, -0.08000000000000001554 ) ) ;
#4824 = STYLED_ITEM ( 'NONE', ( #2021 ), #6197 ) ;
#4825 = ORIENTED_EDGE ( 'NONE', *, *, #3210, .F. ) ;
#4826 = CYLINDRICAL_SURFACE ( 'NONE', #2909, 0.2299999999999999545 ) ;
#4827 = ORIENTED_EDGE ( 'NONE', *, *, #1309, .T. ) ;
#4828 = DIRECTION ( 'NONE',  ( 0.0000000000000000000, -1.000000000000000000, 0.0000000000000000000 ) ) ;
#4829 =( NAMED_UNIT ( * ) SI_UNIT ( $, .STERADIAN. ) SOLID_ANGLE_UNIT ( ) );
#4830 = FILL_AREA_STYLE ('',( #1202 ) ) ;
#4831 = VERTEX_POINT ( 'NONE', #3562 ) ;
#4832 = CARTESIAN_POINT ( 'NONE',  ( -1.703400094766523414E-16, 0.4500000000000001776, -0.04499999999999995670 ) ) ;
#4833 = VERTEX_POINT ( 'NONE', #4092 ) ;
#4834 = ORIENTED_EDGE ( 'NONE', *, *, #194, .F. ) ;
#4835 = PLANE ( 'NONE',  #2699 ) ;
#4836 = CIRCLE ( 'NONE', #2387, 0.1999999999999999833 ) ;
#4837 = ORIENTED_EDGE ( 'NONE', *, *, #2452, .F. ) ;
#4838 =( NAMED_UNIT ( * ) SI_UNIT ( $, .STERADIAN. ) SOLID_ANGLE_UNIT ( ) );
#4839 = EDGE_CURVE ( 'NONE', #5879, #6162, #119, .T. ) ;
#4840 = CARTESIAN_POINT ( 'NONE',  ( -0.9999000000000002331, -0.4500000000000000111, -0.04499999999999995670 ) ) ;
#4841 =( GEOMETRIC_REPRESENTATION_CONTEXT ( 3 ) GLOBAL_UNCERTAINTY_ASSIGNED_CONTEXT ( ( #3090 ) ) GLOBAL_UNIT_ASSIGNED_CONTEXT ( ( #5804, #5847, #2714 ) ) REPRESENTATION_CONTEXT ( 'NONE', 'WORKASPACE' ) );
#4842 =( GEOMETRIC_REPRESENTATION_CONTEXT ( 3 ) GLOBAL_UNCERTAINTY_ASSIGNED_CONTEXT ( ( #2916 ) ) GLOBAL_UNIT_ASSIGNED_CONTEXT ( ( #2290, #163, #5865 ) ) REPRESENTATION_CONTEXT ( 'NONE', 'WORKASPACE' ) );
#4843 = ORIENTED_EDGE ( 'NONE', *, *, #711, .F. ) ;
#4844 = VERTEX_POINT ( 'NONE', #1960 ) ;
#4845 = DIRECTION ( 'NONE',  ( -0.0000000000000000000, -1.000000000000000000, -0.0000000000000000000 ) ) ;
#4846 = EDGE_CURVE ( 'NONE', #3623, #4816, #3197, .T. ) ;
#4847 = CARTESIAN_POINT ( 'NONE',  ( 0.8000000000000069278, -0.6500000000000000222, 0.5356854249492378761 ) ) ;
#4848 = CARTESIAN_POINT ( 'NONE',  ( 0.9999000000000002331, 0.8799999999999998934, -0.4500000000000000111 ) ) ;
#4849 = AXIS2_PLACEMENT_3D ( 'NONE', #4302, #6425, #2321 ) ;
#4850 = CIRCLE ( 'NONE', #3096, 0.05000000000000002359 ) ;
#4851 =( NAMED_UNIT ( * ) PLANE_ANGLE_UNIT ( ) SI_UNIT ( $, .RADIAN. ) );
#4852 = PRESENTATION_LAYER_ASSIGNMENT (  '', '', ( #677 ) ) ;
#4853 =( GEOMETRIC_REPRESENTATION_CONTEXT ( 3 ) GLOBAL_UNCERTAINTY_ASSIGNED_CONTEXT ( ( #416 ) ) GLOBAL_UNIT_ASSIGNED_CONTEXT ( ( #1362, #3985, #6490 ) ) REPRESENTATION_CONTEXT ( 'NONE', 'WORKASPACE' ) );
#4854 = LINE ( 'NONE', #6612, #1122 ) ;
#4855 = UNCERTAINTY_MEASURE_WITH_UNIT (LENGTH_MEASURE( 1.000000000000000082E-05 ), #4975, 'distance_accuracy_value', 'NONE');
#4856 =( GEOMETRIC_REPRESENTATION_CONTEXT ( 3 ) GLOBAL_UNCERTAINTY_ASSIGNED_CONTEXT ( ( #1818 ) ) GLOBAL_UNIT_ASSIGNED_CONTEXT ( ( #2755, #620, #6292 ) ) REPRESENTATION_CONTEXT ( 'NONE', 'WORKASPACE' ) );
#4857 = ADVANCED_FACE ( 'NONE', ( #1560 ), #1803, .T. ) ;
#4858 =( LENGTH_UNIT ( ) NAMED_UNIT ( * ) SI_UNIT ( .MILLI., .METRE. ) );
#4859 = SURFACE_STYLE_USAGE ( .BOTH. , #1235 ) ;
#4860 = VECTOR ( 'NONE', #2225, 1000.000000000000000 ) ;
#4861 = PLANE ( 'NONE',  #1072 ) ;
#4862 =( NAMED_UNIT ( * ) PLANE_ANGLE_UNIT ( ) SI_UNIT ( $, .RADIAN. ) );
#4863 = CARTESIAN_POINT ( 'NONE',  ( -0.5499999999999912736, 1.987703982890064017E-16, -0.4500000000000000111 ) ) ;
#4864 = CIRCLE ( 'NONE', #1245, 0.05000000000000002359 ) ;
#4865 = CARTESIAN_POINT ( 'NONE',  ( 0.0000000000000000000, -0.4499999999999999001, -0.4199999999999999845 ) ) ;
#4866 = PRESENTATION_LAYER_ASSIGNMENT (  '', '', ( #4520 ) ) ;
#4867 = PRESENTATION_STYLE_ASSIGNMENT (( #6266 ) ) ;
#4868 = PLANE ( 'NONE',  #1532 ) ;
#4869 = FILL_AREA_STYLE ('',( #2785 ) ) ;
#4870 = EDGE_CURVE ( 'NONE', #1830, #6590, #4255, .T. ) ;
#4871 = COLOUR_RGB ( '',1.000000000000000000, 1.000000000000000000, 1.000000000000000000 ) ;
#4872 = SURFACE_SIDE_STYLE ('',( #2654 ) ) ;
#4873 = CARTESIAN_POINT ( 'NONE',  ( -0.8864218330839926940, 0.4499999999999999001, -0.4199999999999999845 ) ) ;
#4874 = PRESENTATION_STYLE_ASSIGNMENT (( #4616 ) ) ;
#4875 = EDGE_CURVE ( 'NONE', #1994, #5958, #5532, .T. ) ;
#4876 = CARTESIAN_POINT ( 'NONE',  ( 0.8000000000000068168, -0.6500000000000000222, -0.08000000000000020983 ) ) ;
#4878 = PRESENTATION_LAYER_ASSIGNMENT (  '', '', ( #2117 ) ) ;
#4877 = DIRECTION ( 'NONE',  ( 0.0000000000000000000, 1.000000000000000000, 0.0000000000000000000 ) ) ;
#4879 = ORIENTED_EDGE ( 'NONE', *, *, #3817, .T. ) ;
#4880 = CARTESIAN_POINT ( 'NONE',  ( 0.9999000000000002331, 0.8799999999999998934, -0.04499999999999995670 ) ) ;
#4881 = VECTOR ( 'NONE', #2590, 1000.000000000000000 ) ;
#4882 = PRESENTATION_STYLE_ASSIGNMENT (( #6284 ) ) ;
#4883 = ORIENTED_EDGE ( 'NONE', *, *, #5962, .F. ) ;
#4884 = CARTESIAN_POINT ( 'NONE',  ( 0.9998000000000001330, 0.9499999999999999556, -0.08000000000000020983 ) ) ;
#4885 = SURFACE_STYLE_USAGE ( .BOTH. , #3362 ) ;
#4886 = EDGE_CURVE ( 'NONE', #5806, #4831, #5207, .T. ) ;
#4887 = UNCERTAINTY_MEASURE_WITH_UNIT (LENGTH_MEASURE( 1.000000000000000082E-05 ), #387, 'distance_accuracy_value', 'NONE');
#4888 = CARTESIAN_POINT ( 'NONE',  ( -0.5999999999999980904, 0.5000000000000000000, -0.04499999999999995670 ) ) ;
#4889 = EDGE_LOOP ( 'NONE', ( #2695, #914, #1656, #1554 ) ) ;
#4890 = ORIENTED_EDGE ( 'NONE', *, *, #2367, .T. ) ;
#4891 = VERTEX_POINT ( 'NONE', #5632 ) ;
#4892 = VERTEX_POINT ( 'NONE', #3607 ) ;
#4893 = VERTEX_POINT ( 'NONE', #5671 ) ;
#4894 = PRESENTATION_STYLE_ASSIGNMENT (( #5188 ) ) ;
#4895 = FILL_AREA_STYLE_COLOUR ( '', #2729 ) ;
#4896 = VECTOR ( 'NONE', #1681, 1000.000000000000000 ) ;
#4897 = ORIENTED_EDGE ( 'NONE', *, *, #5617, .F. ) ;
#4898 =( GEOMETRIC_REPRESENTATION_CONTEXT ( 3 ) GLOBAL_UNCERTAINTY_ASSIGNED_CONTEXT ( ( #3959 ) ) GLOBAL_UNIT_ASSIGNED_CONTEXT ( ( #166, #4299, #2761 ) ) REPRESENTATION_CONTEXT ( 'NONE', 'WORKASPACE' ) );
#4899 = DIRECTION ( 'NONE',  ( 0.0000000000000000000, -1.000000000000000000, 0.0000000000000000000 ) ) ;
#4900 = ORIENTED_EDGE ( 'NONE', *, *, #3030, .T. ) ;
#4901 = CARTESIAN_POINT ( 'NONE',  ( -0.6299999999999980060, 0.8500000000000000888, -0.04499999999999995670 ) ) ;
#4902 = FILL_AREA_STYLE ('',( #4391 ) ) ;
#4903 =( LENGTH_UNIT ( ) NAMED_UNIT ( * ) SI_UNIT ( .MILLI., .METRE. ) );
#4904 = ORIENTED_EDGE ( 'NONE', *, *, #4997, .T. ) ;
#4905 = DIRECTION ( 'NONE',  ( 0.0000000000000000000, 1.000000000000000000, 0.0000000000000000000 ) ) ;
#4906 =( GEOMETRIC_REPRESENTATION_CONTEXT ( 3 ) GLOBAL_UNCERTAINTY_ASSIGNED_CONTEXT ( ( #1440 ) ) GLOBAL_UNIT_ASSIGNED_CONTEXT ( ( #834, #5968, #5446 ) ) REPRESENTATION_CONTEXT ( 'NONE', 'WORKASPACE' ) );
#4907 = EDGE_CURVE ( 'NONE', #1770, #1830, #4641, .T. ) ;
#4908 = ORIENTED_EDGE ( 'NONE', *, *, #3610, .T. ) ;
#4909 = ORIENTED_EDGE ( 'NONE', *, *, #2768, .F. ) ;
#4910 = VECTOR ( 'NONE', #3231, 1000.000000000000000 ) ;
#4911 =( GEOMETRIC_REPRESENTATION_CONTEXT ( 3 ) GLOBAL_UNCERTAINTY_ASSIGNED_CONTEXT ( ( #3006 ) ) GLOBAL_UNIT_ASSIGNED_CONTEXT ( ( #932, #5601, #6158 ) ) REPRESENTATION_CONTEXT ( 'NONE', 'WORKASPACE' ) );
#4912 = ORIENTED_EDGE ( 'NONE', *, *, #541, .F. ) ;
#4913 = CARTESIAN_POINT ( 'NONE',  ( 0.8864218330839861437, 0.2000000000000000944, -0.4500000000000000111 ) ) ;
#4914 = SURFACE_SIDE_STYLE ('',( #6322 ) ) ;
#4915 = AXIS2_PLACEMENT_3D ( 'NONE', #2114, #5201, #1126 ) ;
#4916 = DIRECTION ( 'NONE',  ( 3.620040642689491324E-15, 1.000000000000000000, -0.0000000000000000000 ) ) ;
#4917 = VECTOR ( 'NONE', #3742, 1000.000000000000000 ) ;
#4918 = SURFACE_STYLE_FILL_AREA ( #4702 ) ;
#4919 = EDGE_CURVE ( 'NONE', #1015, #1323, #5695, .T. ) ;
#4920 = FILL_AREA_STYLE ('',( #1244 ) ) ;
#4921 = SURFACE_SIDE_STYLE ('',( #4190 ) ) ;
#4922 =( GEOMETRIC_REPRESENTATION_CONTEXT ( 3 ) GLOBAL_UNCERTAINTY_ASSIGNED_CONTEXT ( ( #969 ) ) GLOBAL_UNIT_ASSIGNED_CONTEXT ( ( #596, #4243, #4691 ) ) REPRESENTATION_CONTEXT ( 'NONE', 'WORKASPACE' ) );
#4923 = CYLINDRICAL_SURFACE ( 'NONE', #6077, 0.2299999999999999545 ) ;
#4924 = SURFACE_STYLE_FILL_AREA ( #5086 ) ;
#4925 = CARTESIAN_POINT ( 'NONE',  ( 0.5999999999999915401, 0.2000000000000000944, -0.4199999999999999845 ) ) ;
#4926 = ORIENTED_EDGE ( 'NONE', *, *, #5839, .F. ) ;
#4927 = DIRECTION ( 'NONE',  ( 1.000000000000000000, 0.0000000000000000000, 0.0000000000000000000 ) ) ;
#4928 = AXIS2_PLACEMENT_3D ( 'NONE', #6240, #5734, #1000 ) ;
#4929 = UNCERTAINTY_MEASURE_WITH_UNIT (LENGTH_MEASURE( 1.000000000000000082E-05 ), #2951, 'distance_accuracy_value', 'NONE');
#4930 = PLANE ( 'NONE',  #5631 ) ;
#4931 =( GEOMETRIC_REPRESENTATION_CONTEXT ( 3 ) GLOBAL_UNCERTAINTY_ASSIGNED_CONTEXT ( ( #938 ) ) GLOBAL_UNIT_ASSIGNED_CONTEXT ( ( #368, #6556, #3978 ) ) REPRESENTATION_CONTEXT ( 'NONE', 'WORKASPACE' ) );
#4932 = COLOUR_RGB ( '',0.6470588235294117974, 0.5176470588235293491, 0.0000000000000000000 ) ;
#4933 = SURFACE_STYLE_FILL_AREA ( #300 ) ;
#4934 = ORIENTED_EDGE ( 'NONE', *, *, #4152, .F. ) ;
#4935 = DIRECTION ( 'NONE',  ( 0.0000000000000000000, 0.0000000000000000000, 1.000000000000000000 ) ) ;
#4936 = SURFACE_SIDE_STYLE ('',( #6502 ) ) ;
#4937 = PRESENTATION_STYLE_ASSIGNMENT (( #2939 ) ) ;
#4938 = MECHANICAL_DESIGN_GEOMETRIC_PRESENTATION_REPRESENTATION (  '', ( #3839 ), #225 ) ;
#4939 = SURFACE_STYLE_USAGE ( .BOTH. , #1862 ) ;
#4940 = PRESENTATION_STYLE_ASSIGNMENT (( #5321 ) ) ;
#4941 = FILL_AREA_STYLE_COLOUR ( '', #5552 ) ;
#4942 = SURFACE_SIDE_STYLE ('',( #3663 ) ) ;
#4943 = DIRECTION ( 'NONE',  ( -0.0000000000000000000, -0.0000000000000000000, -1.000000000000000000 ) ) ;
#4944 = CARTESIAN_POINT ( 'NONE',  ( -0.9999999999999844569, -0.6500000000000000222, -0.4199999999999999845 ) ) ;
#4945 = FILL_AREA_STYLE_COLOUR ( '', #6481 ) ;
#4946 = VECTOR ( 'NONE', #62, 1000.000000000000000 ) ;
#4947 = CARTESIAN_POINT ( 'NONE',  ( 0.7500000000000002220, -0.4500000000000000111, -0.04499999999999995670 ) ) ;
#4948 = DIRECTION ( 'NONE',  ( 0.0000000000000000000, 0.0000000000000000000, -1.000000000000000000 ) ) ;
#4949 = ORIENTED_EDGE ( 'NONE', *, *, #236, .T. ) ;
#4950 = PRESENTATION_STYLE_ASSIGNMENT (( #3351 ) ) ;
#4951 = EDGE_CURVE ( 'NONE', #2305, #3739, #3363, .T. ) ;
#4952 = FACE_OUTER_BOUND ( 'NONE', #988, .T. ) ;
#4953 =( GEOMETRIC_REPRESENTATION_CONTEXT ( 3 ) GLOBAL_UNCERTAINTY_ASSIGNED_CONTEXT ( ( #88 ) ) GLOBAL_UNIT_ASSIGNED_CONTEXT ( ( #1083, #5232, #3636 ) ) REPRESENTATION_CONTEXT ( 'NONE', 'WORKASPACE' ) );
#4954 = VECTOR ( 'NONE', #1131, 1000.000000000000000 ) ;
#4955 = CARTESIAN_POINT ( 'NONE',  ( 0.7500000000000002220, -0.1999999999999999833, -0.04499999999999995670 ) ) ;
#4956 = DIRECTION ( 'NONE',  ( -1.000000000000000000, 0.0000000000000000000, 0.0000000000000000000 ) ) ;
#4957 = DIRECTION ( 'NONE',  ( 3.785333543925605834E-16, -1.000000000000000000, 0.0000000000000000000 ) ) ;
#4958 = ORIENTED_EDGE ( 'NONE', *, *, #4749, .T. ) ;
#4959 = ADVANCED_FACE ( 'NONE', ( #5948 ), #2543, .T. ) ;
#4960 = EDGE_CURVE ( 'NONE', #4761, #1565, #2050, .T. ) ;
#4961 = LINE ( 'NONE', #2345, #993 ) ;
#4962 = LINE ( 'NONE', #2396, #3786 ) ;
#4963 = ORIENTED_EDGE ( 'NONE', *, *, #1201, .T. ) ;
#4964 = DIRECTION ( 'NONE',  ( -0.0000000000000000000, -0.0000000000000000000, 1.000000000000000000 ) ) ;
#4965 = LINE ( 'NONE', #2479, #827 ) ;
#4966 = MECHANICAL_DESIGN_GEOMETRIC_PRESENTATION_REPRESENTATION (  '', ( #5095 ), #2694 ) ;
#4967 = ORIENTED_EDGE ( 'NONE', *, *, #3157, .T. ) ;
#4968 = PLANE ( 'NONE',  #6585 ) ;
#4969 = SURFACE_STYLE_USAGE ( .BOTH. , #1350 ) ;
#4970 = AXIS2_PLACEMENT_3D ( 'NONE', #1952, #1433, #5512 ) ;
#4971 = VERTEX_POINT ( 'NONE', #2136 ) ;
#4972 = ORIENTED_EDGE ( 'NONE', *, *, #2548, .T. ) ;
#4973 = PRESENTATION_LAYER_ASSIGNMENT (  '', '', ( #2433 ) ) ;
#4974 = DIRECTION ( 'NONE',  ( -0.0000000000000000000, -0.0000000000000000000, 1.000000000000000000 ) ) ;
#4975 =( LENGTH_UNIT ( ) NAMED_UNIT ( * ) SI_UNIT ( .MILLI., .METRE. ) );
#4976 = DIRECTION ( 'NONE',  ( 0.0000000000000000000, 0.0000000000000000000, -1.000000000000000000 ) ) ;
#4977 = ORIENTED_EDGE ( 'NONE', *, *, #879, .F. ) ;
#4978 = PRESENTATION_STYLE_ASSIGNMENT (( #3518 ) ) ;
#4979 = ORIENTED_EDGE ( 'NONE', *, *, #752, .F. ) ;
#4980 = CARTESIAN_POINT ( 'NONE',  ( 0.8864218330839926940, 0.4499999999999999556, -0.08000000000000001554 ) ) ;
#4981 = CIRCLE ( 'NONE', #3246, 0.2299999999999999545 ) ;
#4982 = AXIS2_PLACEMENT_3D ( 'NONE', #4376, #3429, #6017 ) ;
#4983 = DIRECTION ( 'NONE',  ( 0.0000000000000000000, 0.0000000000000000000, -1.000000000000000000 ) ) ;
#4984 = ORIENTED_EDGE ( 'NONE', *, *, #3893, .F. ) ;
#4985 = DIRECTION ( 'NONE',  ( 0.0000000000000000000, 0.0000000000000000000, -1.000000000000000000 ) ) ;
#4986 = PLANE ( 'NONE',  #5775 ) ;
#4987 = VERTEX_POINT ( 'NONE', #6253 ) ;
#4988 = ORIENTED_EDGE ( 'NONE', *, *, #37, .T. ) ;
#4989 = STYLED_ITEM ( 'NONE', ( #4059 ), #6515 ) ;
#4990 = EDGE_LOOP ( 'NONE', ( #2263, #6117, #4575, #2160 ) ) ;
#4991 = SURFACE_STYLE_USAGE ( .BOTH. , #3952 ) ;
#4992 = EDGE_CURVE ( 'NONE', #2398, #1017, #2794, .T. ) ;
#4993 =( NAMED_UNIT ( * ) PLANE_ANGLE_UNIT ( ) SI_UNIT ( $, .RADIAN. ) );
#4994 = CARTESIAN_POINT ( 'NONE',  ( -0.9999999999999913403, 0.0000000000000000000, -0.04499999999999995670 ) ) ;
#4995 = DIRECTION ( 'NONE',  ( 0.0000000000000000000, 0.0000000000000000000, 1.000000000000000000 ) ) ;
#4996 = UNCERTAINTY_MEASURE_WITH_UNIT (LENGTH_MEASURE( 1.000000000000000082E-05 ), #878, 'distance_accuracy_value', 'NONE');
#4997 = EDGE_CURVE ( 'NONE', #2831, #682, #6348, .T. ) ;
#4998 = CARTESIAN_POINT ( 'NONE',  ( -0.9999000000000002331, 0.0000000000000000000, 0.0000000000000000000 ) ) ;
#4999 = FILL_AREA_STYLE ('',( #2420 ) ) ;
#5000 = CARTESIAN_POINT ( 'NONE',  ( -0.5999999999999847677, -0.8499999999999999778, -0.04499999999999995670 ) ) ;
#5001 = AXIS2_PLACEMENT_3D ( 'NONE', #4093, #2485, #889 ) ;
#5002 = MECHANICAL_DESIGN_GEOMETRIC_PRESENTATION_REPRESENTATION (  '', ( #4660 ), #1879 ) ;
#5003 = LINE ( 'NONE', #2610, #398 ) ;
#5004 = COLOUR_RGB ( '',1.000000000000000000, 1.000000000000000000, 1.000000000000000000 ) ;
#5005 = CARTESIAN_POINT ( 'NONE',  ( 0.9997999999999999110, -0.9998000000000001330, 2.137469317664817847 ) ) ;
#5006 = DIRECTION ( 'NONE',  ( 0.0000000000000000000, -1.000000000000000000, -0.0000000000000000000 ) ) ;
#5007 = EDGE_CURVE ( 'NONE', #19, #3272, #1320, .T. ) ;
#5008 = CIRCLE ( 'NONE', #5326, 0.2299999999999999545 ) ;
#5009 = ORIENTED_EDGE ( 'NONE', *, *, #3660, .F. ) ;
#5010 = DIRECTION ( 'NONE',  ( -1.000000000000000000, -1.885568995626964730E-15, 0.0000000000000000000 ) ) ;
#5011 = SURFACE_SIDE_STYLE ('',( #2796 ) ) ;
#5012 = PLANE ( 'NONE',  #1901 ) ;
#5013 = STYLED_ITEM ( 'NONE', ( #265 ), #5237 ) ;
#5014 = CIRCLE ( 'NONE', #2747, 0.2299999999999999545 ) ;
#5015 = LINE ( 'NONE', #4109, #5924 ) ;
#5016 = DIRECTION ( 'NONE',  ( -3.620040642689491324E-15, 1.000000000000000000, 0.0000000000000000000 ) ) ;
#5017 = SURFACE_STYLE_USAGE ( .BOTH. , #2966 ) ;
#5018 = VERTEX_POINT ( 'NONE', #4161 ) ;
#5019 = SURFACE_STYLE_USAGE ( .BOTH. , #1417 ) ;
#5020 = FILL_AREA_STYLE ('',( #2450 ) ) ;
#5021 = EDGE_CURVE ( 'NONE', #4666, #6666, #3354, .T. ) ;
#5022 = SURFACE_STYLE_FILL_AREA ( #4005 ) ;
#5023 = FILL_AREA_STYLE ('',( #6548 ) ) ;
#5024 = DIRECTION ( 'NONE',  ( -1.000000000000000000, 9.427844978134823652E-16, 0.0000000000000000000 ) ) ;
#5025 = DIRECTION ( 'NONE',  ( 0.0000000000000000000, 0.0000000000000000000, -1.000000000000000000 ) ) ;
#5026 = FILL_AREA_STYLE ('',( #3928 ) ) ;
#5027 = SURFACE_STYLE_USAGE ( .BOTH. , #1917 ) ;
#5028 = PRESENTATION_STYLE_ASSIGNMENT (( #1396 ) ) ;
#5029 = ORIENTED_EDGE ( 'NONE', *, *, #2583, .F. ) ;
#5030 = STYLED_ITEM ( 'NONE', ( #6103 ), #85 ) ;
#5031 = CARTESIAN_POINT ( 'NONE',  ( 0.9999999999999844569, -0.6500000000000000222, -0.08000000000000001554 ) ) ;
#5032 = FACE_OUTER_BOUND ( 'NONE', #4808, .T. ) ;
#5033 = EDGE_CURVE ( 'NONE', #2185, #5157, #3696, .T. ) ;
#5034 = VERTEX_POINT ( 'NONE', #512 ) ;
#5035 = DIRECTION ( 'NONE',  ( 0.0000000000000000000, 0.0000000000000000000, 1.000000000000000000 ) ) ;
#5036 = AXIS2_PLACEMENT_3D ( 'NONE', #5939, #4948, #3463 ) ;
#5037 = STYLED_ITEM ( 'NONE', ( #2281 ), #2531 ) ;
#5038 = ORIENTED_EDGE ( 'NONE', *, *, #2892, .F. ) ;
#5039 = SURFACE_STYLE_FILL_AREA ( #301 ) ;
#5040 = CARTESIAN_POINT ( 'NONE',  ( 0.0000000000000000000, -0.4499999999999999001, -0.4199999999999999845 ) ) ;
#5041 = VECTOR ( 'NONE', #1445, 1000.000000000000000 ) ;
#5042 = ORIENTED_EDGE ( 'NONE', *, *, #2679, .F. ) ;
#5043 = VERTEX_POINT ( 'NONE', #1033 ) ;
#5044 = CARTESIAN_POINT ( 'NONE',  ( 0.9997999999999999110, 0.9998000000000001330, 2.137469317664817847 ) ) ;
#5045 = VERTEX_POINT ( 'NONE', #2690 ) ;
#5046 = ORIENTED_EDGE ( 'NONE', *, *, #3660, .T. ) ;
#5047 = EDGE_CURVE ( 'NONE', #5530, #1324, #6646, .T. ) ;
#5048 = COLOUR_RGB ( '',0.6470588235294117974, 0.5176470588235293491, 0.0000000000000000000 ) ;
#5049 = UNCERTAINTY_MEASURE_WITH_UNIT (LENGTH_MEASURE( 1.000000000000000082E-05 ), #3017, 'distance_accuracy_value', 'NONE');
#5050 = LINE ( 'NONE', #3276, #754 ) ;
#5051 = VECTOR ( 'NONE', #5884, 1000.000000000000000 ) ;
#5052 = ORIENTED_EDGE ( 'NONE', *, *, #3649, .T. ) ;
#5053 = VERTEX_POINT ( 'NONE', #2165 ) ;
#5054 = MECHANICAL_DESIGN_GEOMETRIC_PRESENTATION_REPRESENTATION (  '', ( #2383 ), #3909 ) ;
#5055 = CARTESIAN_POINT ( 'NONE',  ( -0.9999000000000002331, 0.2000000000000000944, -0.08000000000000001554 ) ) ;
#5056 = ORIENTED_EDGE ( 'NONE', *, *, #4030, .F. ) ;
#5057 = SURFACE_STYLE_FILL_AREA ( #5511 ) ;
#5058 = DIRECTION ( 'NONE',  ( -1.000000000000000000, 0.0000000000000000000, 0.0000000000000000000 ) ) ;
#5059 =( GEOMETRIC_REPRESENTATION_CONTEXT ( 3 ) GLOBAL_UNCERTAINTY_ASSIGNED_CONTEXT ( ( #811 ) ) GLOBAL_UNIT_ASSIGNED_CONTEXT ( ( #3810, #783, #5273 ) ) REPRESENTATION_CONTEXT ( 'NONE', 'WORKASPACE' ) );
#5060 = ADVANCED_FACE ( 'NONE', ( #2300 ), #5754, .F. ) ;
#5061 = SURFACE_STYLE_USAGE ( .BOTH. , #1439 ) ;
#5062 = FILL_AREA_STYLE ('',( #4633 ) ) ;
#5063 = FILL_AREA_STYLE ('',( #3537 ) ) ;
#5064 = ORIENTED_EDGE ( 'NONE', *, *, #1201, .F. ) ;
#5065 = DIRECTION ( 'NONE',  ( -0.0000000000000000000, -1.000000000000000000, -0.0000000000000000000 ) ) ;
#5066 = AXIS2_PLACEMENT_3D ( 'NONE', #5921, #700, #4350 ) ;
#5067 =( NAMED_UNIT ( * ) SI_UNIT ( $, .STERADIAN. ) SOLID_ANGLE_UNIT ( ) );
#5068 = CARTESIAN_POINT ( 'NONE',  ( -0.9999999999999981126, 0.6500000000000000222, -0.4199999999999999845 ) ) ;
#5069 = PLANE ( 'NONE',  #3897 ) ;
#5070 = ORIENTED_EDGE ( 'NONE', *, *, #364, .T. ) ;
#5071 = ORIENTED_EDGE ( 'NONE', *, *, #1276, .F. ) ;
#5072 = SURFACE_SIDE_STYLE ('',( #1741 ) ) ;
#5073 = SURFACE_STYLE_FILL_AREA ( #312 ) ;
#5074 = LINE ( 'NONE', #2408, #861 ) ;
#5075 = CARTESIAN_POINT ( 'NONE',  ( 0.7500000000000002220, -0.4500000000000000111, -0.04499999999999995670 ) ) ;
#5076 = DIRECTION ( 'NONE',  ( -1.000000000000000000, 0.0000000000000000000, 0.0000000000000000000 ) ) ;
#5077 = DIRECTION ( 'NONE',  ( -1.000000000000000000, 0.0000000000000000000, -0.0000000000000000000 ) ) ;
#5078 = VERTEX_POINT ( 'NONE', #6317 ) ;
#5079 =( LENGTH_UNIT ( ) NAMED_UNIT ( * ) SI_UNIT ( .MILLI., .METRE. ) );
#5080 = DIRECTION ( 'NONE',  ( 1.000000000000000000, -0.0000000000000000000, -0.0000000000000000000 ) ) ;
#5081 = EDGE_CURVE ( 'NONE', #6138, #747, #189, .T. ) ;
#5082 = LINE ( 'NONE', #5219, #4374 ) ;
#5083 =( LENGTH_UNIT ( ) NAMED_UNIT ( * ) SI_UNIT ( .MILLI., .METRE. ) );
#5084 = STYLED_ITEM ( 'NONE', ( #2040 ), #417 ) ;
#5085 = AXIS2_PLACEMENT_3D ( 'NONE', #68, #4200, #2086 ) ;
#5086 = FILL_AREA_STYLE ('',( #2982 ) ) ;
#5087 =( NAMED_UNIT ( * ) SI_UNIT ( $, .STERADIAN. ) SOLID_ANGLE_UNIT ( ) );
#5088 = DIRECTION ( 'NONE',  ( -0.0000000000000000000, -0.0000000000000000000, -1.000000000000000000 ) ) ;
#5089 = LINE ( 'NONE', #3570, #2845 ) ;
#5090 = VECTOR ( 'NONE', #5581, 1000.000000000000000 ) ;
#5091 = EDGE_CURVE ( 'NONE', #5240, #4593, #5686, .T. ) ;
#5092 = ORIENTED_EDGE ( 'NONE', *, *, #4705, .T. ) ;
#5093 = CARTESIAN_POINT ( 'NONE',  ( -0.8864218330839926940, 0.4499999999999999556, -0.08000000000000001554 ) ) ;
#5094 = ADVANCED_FACE ( 'NONE', ( #6571 ), #4861, .F. ) ;
#5095 = STYLED_ITEM ( 'NONE', ( #817 ), #1263 ) ;
#5096 = FACE_OUTER_BOUND ( 'NONE', #278, .T. ) ;
#5097 = CYLINDRICAL_SURFACE ( 'NONE', #5401, 0.2299999999999999545 ) ;
#5098 = PLANE ( 'NONE',  #2515 ) ;
#5099 = ORIENTED_EDGE ( 'NONE', *, *, #1884, .T. ) ;
#5100 = CARTESIAN_POINT ( 'NONE',  ( 0.5499999999999979350, 0.8000000000000000444, -0.4199999999999999845 ) ) ;
#5101 = SURFACE_SIDE_STYLE ('',( #329 ) ) ;
#5102 = AXIS2_PLACEMENT_3D ( 'NONE', #2894, #4956, #3939 ) ;
#5103 = DIRECTION ( 'NONE',  ( -1.000000000000000000, 0.0000000000000000000, -0.0000000000000000000 ) ) ;
#5104 = CARTESIAN_POINT ( 'NONE',  ( 0.0000000000000000000, 0.0000000000000000000, -0.04499999999999995670 ) ) ;
#5105 = CIRCLE ( 'NONE', #2736, 0.2299999999999999545 ) ;
#5106 = VECTOR ( 'NONE', #922, 1000.000000000000000 ) ;
#5107 =( NAMED_UNIT ( * ) PLANE_ANGLE_UNIT ( ) SI_UNIT ( $, .RADIAN. ) );
#5108 = SURFACE_STYLE_FILL_AREA ( #4357 ) ;
#5109 =( NAMED_UNIT ( * ) SI_UNIT ( $, .STERADIAN. ) SOLID_ANGLE_UNIT ( ) );
#5110 = VERTEX_POINT ( 'NONE', #4775 ) ;
#5111 = LINE ( 'NONE', #6230, #1712 ) ;
#5112 = PRESENTATION_LAYER_ASSIGNMENT (  '', '', ( #2226 ) ) ;
#5113 = DIRECTION ( 'NONE',  ( 0.0000000000000000000, -1.000000000000000000, 0.0000000000000000000 ) ) ;
#5114 = VECTOR ( 'NONE', #5203, 1000.000000000000000 ) ;
#5115 =( NAMED_UNIT ( * ) PLANE_ANGLE_UNIT ( ) SI_UNIT ( $, .RADIAN. ) );
#5116 = AXIS2_PLACEMENT_3D ( 'NONE', #1302, #3334, #1234 ) ;
#5117 = LINE ( 'NONE', #5166, #1874 ) ;
#5118 = DIRECTION ( 'NONE',  ( -0.0000000000000000000, -0.0000000000000000000, 1.000000000000000000 ) ) ;
#5119 = CARTESIAN_POINT ( 'NONE',  ( 0.5999999999999844347, -0.7999999999999999334, -0.04499999999999995670 ) ) ;
#5120 = EDGE_CURVE ( 'NONE', #1841, #4008, #3445, .T. ) ;
#5121 = CARTESIAN_POINT ( 'NONE',  ( 0.5499999999999912736, 1.987703982890064017E-16, -0.4500000000000000111 ) ) ;
#5122 = VECTOR ( 'NONE', #1422, 1000.000000000000000 ) ;
#5123 = ORIENTED_EDGE ( 'NONE', *, *, #4037, .F. ) ;
#5124 = VERTEX_POINT ( 'NONE', #1213 ) ;
#5125 = ADVANCED_FACE ( 'NONE', ( #4329 ), #2374, .T. ) ;
#5126 = ORIENTED_EDGE ( 'NONE', *, *, #1290, .F. ) ;
#5127 = FILL_AREA_STYLE_COLOUR ( '', #3326 ) ;
#5128 = FACE_OUTER_BOUND ( 'NONE', #5569, .T. ) ;
#5129 =( GEOMETRIC_REPRESENTATION_CONTEXT ( 3 ) GLOBAL_UNCERTAINTY_ASSIGNED_CONTEXT ( ( #4400 ) ) GLOBAL_UNIT_ASSIGNED_CONTEXT ( ( #5183, #4681, #1581 ) ) REPRESENTATION_CONTEXT ( 'NONE', 'WORKASPACE' ) );
#5130 = ORIENTED_EDGE ( 'NONE', *, *, #2243, .T. ) ;
#5131 = CARTESIAN_POINT ( 'NONE',  ( -0.9999999999999913403, 0.0000000000000000000, -0.07999999999999998779 ) ) ;
#5132 = LINE ( 'NONE', #3497, #2397 ) ;
#5133 = EDGE_LOOP ( 'NONE', ( #685, #6377, #1172, #3050 ) ) ;
#5134 = FILL_AREA_STYLE_COLOUR ( '', #4632 ) ;
#5135 = ORIENTED_EDGE ( 'NONE', *, *, #3699, .F. ) ;
#5136 = DIRECTION ( 'NONE',  ( 1.000000000000000000, -2.406928822917820247E-12, 0.0000000000000000000 ) ) ;
#5137 = PRESENTATION_LAYER_ASSIGNMENT (  '', '', ( #1878 ) ) ;
#5138 =( GEOMETRIC_REPRESENTATION_CONTEXT ( 3 ) GLOBAL_UNCERTAINTY_ASSIGNED_CONTEXT ( ( #4392 ) ) GLOBAL_UNIT_ASSIGNED_CONTEXT ( ( #3025, #4065, #1988 ) ) REPRESENTATION_CONTEXT ( 'NONE', 'WORKASPACE' ) );
#5139 = PRESENTATION_STYLE_ASSIGNMENT (( #1542 ) ) ;
#5140 = UNCERTAINTY_MEASURE_WITH_UNIT (LENGTH_MEASURE( 1.000000000000000082E-05 ), #4485, 'distance_accuracy_value', 'NONE');
#5141 = VERTEX_POINT ( 'NONE', #5316 ) ;
#5142 = ORIENTED_EDGE ( 'NONE', *, *, #4367, .T. ) ;
#5143 = EDGE_CURVE ( 'NONE', #5602, #6666, #5681, .T. ) ;
#5144 = ORIENTED_EDGE ( 'NONE', *, *, #5597, .F. ) ;
#5145 = DIRECTION ( 'NONE',  ( -0.0000000000000000000, -0.0000000000000000000, 1.000000000000000000 ) ) ;
#5146 = CARTESIAN_POINT ( 'NONE',  ( 0.9999000000000002331, 0.8799999999999998934, -0.4500000000000000111 ) ) ;
#5147 = CARTESIAN_POINT ( 'NONE',  ( -0.8864218330839792603, -0.4500000000000000111, -0.04499999999999995670 ) ) ;
#5148 = ORIENTED_EDGE ( 'NONE', *, *, #2943, .T. ) ;
#5149 = VERTEX_POINT ( 'NONE', #4796 ) ;
#5150 = STYLED_ITEM ( 'NONE', ( #4295 ), #3247 ) ;
#5151 = FILL_AREA_STYLE ('',( #3097 ) ) ;
#5152 =( GEOMETRIC_REPRESENTATION_CONTEXT ( 3 ) GLOBAL_UNCERTAINTY_ASSIGNED_CONTEXT ( ( #3764 ) ) GLOBAL_UNIT_ASSIGNED_CONTEXT ( ( #4758, #3494, #2912 ) ) REPRESENTATION_CONTEXT ( 'NONE', 'WORKASPACE' ) );
#5153 = FILL_AREA_STYLE ('',( #5127 ) ) ;
#5154 = VERTEX_POINT ( 'NONE', #667 ) ;
#5155 = VERTEX_POINT ( 'NONE', #4274 ) ;
#5156 = DIRECTION ( 'NONE',  ( -0.0000000000000000000, -0.0000000000000000000, -1.000000000000000000 ) ) ;
#5157 = VERTEX_POINT ( 'NONE', #688 ) ;
#5158 = CARTESIAN_POINT ( 'NONE',  ( -0.5499999999999982681, 2.208559980988985985E-16, -0.4199999999999999845 ) ) ;
#5159 = PLANE ( 'NONE',  #1873 ) ;
#5160 = CARTESIAN_POINT ( 'NONE',  ( 0.9999000000000002331, -0.4200000000000000400, -0.04499999999999995670 ) ) ;
#5161 = STYLED_ITEM ( 'NONE', ( #553 ), #6023 ) ;
#5162 = ORIENTED_EDGE ( 'NONE', *, *, #4992, .F. ) ;
#5163 = ADVANCED_FACE ( 'NONE', ( #4169 ), #5600, .F. ) ;
#5164 = FACE_OUTER_BOUND ( 'NONE', #2635, .T. ) ;
#5165 = EDGE_CURVE ( 'NONE', #4661, #5787, #2043, .T. ) ;
#5166 = CARTESIAN_POINT ( 'NONE',  ( -0.9998000000000003551, -0.9998000000000001330, -0.4199999999999999845 ) ) ;
#5167 =( NAMED_UNIT ( * ) PLANE_ANGLE_UNIT ( ) SI_UNIT ( $, .RADIAN. ) );
#5168 = SURFACE_STYLE_USAGE ( .BOTH. , #5664 ) ;
#5169 = CIRCLE ( 'NONE', #3505, 0.2299999999999999545 ) ;
#5170 =( NAMED_UNIT ( * ) PLANE_ANGLE_UNIT ( ) SI_UNIT ( $, .RADIAN. ) );
#5171 = EDGE_CURVE ( 'NONE', #6598, #5616, #345, .T. ) ;
#5172 = DIRECTION ( 'NONE',  ( -1.000000000000000000, 0.0000000000000000000, 0.0000000000000000000 ) ) ;
#5173 = PRESENTATION_STYLE_ASSIGNMENT (( #5397 ) ) ;
#5174 = MECHANICAL_DESIGN_GEOMETRIC_PRESENTATION_REPRESENTATION (  '', ( #3820 ), #2285 ) ;
#5175 = STYLED_ITEM ( 'NONE', ( #6437 ), #3740 ) ;
#5176 = PRESENTATION_STYLE_ASSIGNMENT (( #5963 ) ) ;
#5177 = PLANE ( 'NONE',  #1373 ) ;
#5178 = UNCERTAINTY_MEASURE_WITH_UNIT (LENGTH_MEASURE( 1.000000000000000082E-05 ), #2190, 'distance_accuracy_value', 'NONE');
#5179 = CARTESIAN_POINT ( 'NONE',  ( -0.5999999999999913181, -0.1500000000000000222, -0.4199999999999999845 ) ) ;
#5180 = VERTEX_POINT ( 'NONE', #207 ) ;
#5181 = FILL_AREA_STYLE_COLOUR ( '', #1056 ) ;
#5182 = DIRECTION ( 'NONE',  ( 0.0000000000000000000, 0.0000000000000000000, -1.000000000000000000 ) ) ;
#5183 =( LENGTH_UNIT ( ) NAMED_UNIT ( * ) SI_UNIT ( .MILLI., .METRE. ) );
#5184 = EDGE_CURVE ( 'NONE', #3626, #1487, #1635, .T. ) ;
#5185 = LINE ( 'NONE', #3710, #2119 ) ;
#5186 = CARTESIAN_POINT ( 'NONE',  ( -0.9998000000000003551, 0.9998000000000001330, -0.08000000000000020983 ) ) ;
#5187 = CIRCLE ( 'NONE', #4573, 0.2299999999999999545 ) ;
#5188 = SURFACE_STYLE_USAGE ( .BOTH. , #4782 ) ;
#5189 = AXIS2_PLACEMENT_3D ( 'NONE', #3065, #397, #4007 ) ;
#5190 =( GEOMETRIC_REPRESENTATION_CONTEXT ( 3 ) GLOBAL_UNCERTAINTY_ASSIGNED_CONTEXT ( ( #2335 ) ) GLOBAL_UNIT_ASSIGNED_CONTEXT ( ( #2704, #2200, #1140 ) ) REPRESENTATION_CONTEXT ( 'NONE', 'WORKASPACE' ) );
#5191 = CARTESIAN_POINT ( 'NONE',  ( 0.9999000000000002331, 0.4200000000000000400, -0.07999999999999998779 ) ) ;
#5192 = DIRECTION ( 'NONE',  ( 0.0000000000000000000, 0.0000000000000000000, 1.000000000000000000 ) ) ;
#5193 = PRESENTATION_STYLE_ASSIGNMENT (( #5981 ) ) ;
#5194 =( LENGTH_UNIT ( ) NAMED_UNIT ( * ) SI_UNIT ( .MILLI., .METRE. ) );
#5195 = COLOUR_RGB ( '',0.6470588235294117974, 0.5176470588235293491, 0.0000000000000000000 ) ;
#5196 = VECTOR ( 'NONE', #2325, 1000.000000000000000 ) ;
#5197 = ADVANCED_FACE ( 'NONE', ( #5358 ), #1467, .T. ) ;
#5198 = DIRECTION ( 'NONE',  ( 0.0000000000000000000, 0.0000000000000000000, -1.000000000000000000 ) ) ;
#5199 = CARTESIAN_POINT ( 'NONE',  ( -0.9999000000000002331, -0.4200000000000000400, -0.4500000000000000111 ) ) ;
#5200 =( LENGTH_UNIT ( ) NAMED_UNIT ( * ) SI_UNIT ( .MILLI., .METRE. ) );
#5201 = DIRECTION ( 'NONE',  ( -2.839000157944204375E-16, -1.000000000000000000, 0.0000000000000000000 ) ) ;
#5202 = SURFACE_STYLE_USAGE ( .BOTH. , #3723 ) ;
#5203 = DIRECTION ( 'NONE',  ( -1.000000000000000000, -0.0000000000000000000, -0.0000000000000000000 ) ) ;
#5204 = SURFACE_STYLE_FILL_AREA ( #6554 ) ;
#5205 = DIRECTION ( 'NONE',  ( 1.000000000000000000, 0.0000000000000000000, 0.0000000000000000000 ) ) ;
#5206 = ORIENTED_EDGE ( 'NONE', *, *, #1845, .T. ) ;
#5207 = LINE ( 'NONE', #6664, #35 ) ;
#5208 = CARTESIAN_POINT ( 'NONE',  ( -0.9999999999999913403, 0.0000000000000000000, -0.07999999999999998779 ) ) ;
#5209 = EDGE_LOOP ( 'NONE', ( #1509, #4711, #4263, #6113, #1368, #4804, #3142, #2673, #1257, #5690, #5705 ) ) ;
#5210 = PRESENTATION_LAYER_ASSIGNMENT (  '', '', ( #3155 ) ) ;
#5211 = VECTOR ( 'NONE', #460, 1000.000000000000000 ) ;
#5212 = ORIENTED_EDGE ( 'NONE', *, *, #364, .F. ) ;
#5213 = VERTEX_POINT ( 'NONE', #3903 ) ;
#5214 = FILL_AREA_STYLE ('',( #6178 ) ) ;
#5216 = FACE_OUTER_BOUND ( 'NONE', #121, .T. ) ;
#5215 = FILL_AREA_STYLE ('',( #3226 ) ) ;
#5217 = EDGE_CURVE ( 'NONE', #4131, #6176, #4629, .T. ) ;
#5218 = DIRECTION ( 'NONE',  ( -0.0000000000000000000, -0.0000000000000000000, -1.000000000000000000 ) ) ;
#5219 = CARTESIAN_POINT ( 'NONE',  ( -0.9999000000000002331, 0.8799999999999998934, -0.4500000000000000111 ) ) ;
#5220 = VERTEX_POINT ( 'NONE', #1304 ) ;
#5221 = COLOUR_RGB ( '',0.6470588235294117974, 0.5176470588235293491, 0.0000000000000000000 ) ;
#5222 = ORIENTED_EDGE ( 'NONE', *, *, #82, .F. ) ;
#5223 = ORIENTED_EDGE ( 'NONE', *, *, #2583, .T. ) ;
#5224 = SURFACE_SIDE_STYLE ('',( #6563 ) ) ;
#5225 = CARTESIAN_POINT ( 'NONE',  ( 0.7500000000000002220, -0.1999999999999999833, -0.04499999999999995670 ) ) ;
#5226 = CARTESIAN_POINT ( 'NONE',  ( -0.9999000000000002331, 0.8799999999999998934, -0.04499999999999995670 ) ) ;
#5227 = EDGE_CURVE ( 'NONE', #5034, #2426, #5940, .T. ) ;
#5228 =( NAMED_UNIT ( * ) SI_UNIT ( $, .STERADIAN. ) SOLID_ANGLE_UNIT ( ) );
#5229 = SURFACE_STYLE_USAGE ( .BOTH. , #1601 ) ;
#5230 = FACE_OUTER_BOUND ( 'NONE', #527, .T. ) ;
#5231 = SURFACE_SIDE_STYLE ('',( #3360 ) ) ;
#5232 =( NAMED_UNIT ( * ) PLANE_ANGLE_UNIT ( ) SI_UNIT ( $, .RADIAN. ) );
#5233 =( GEOMETRIC_REPRESENTATION_CONTEXT ( 3 ) GLOBAL_UNCERTAINTY_ASSIGNED_CONTEXT ( ( #2287 ) ) GLOBAL_UNIT_ASSIGNED_CONTEXT ( ( #2934, #1840, #2993 ) ) REPRESENTATION_CONTEXT ( 'NONE', 'WORKASPACE' ) );
#5234 = ORIENTED_EDGE ( 'NONE', *, *, #4110, .T. ) ;
#5235 = EDGE_LOOP ( 'NONE', ( #3215, #145, #6621, #2980 ) ) ;
#5236 =( NAMED_UNIT ( * ) SI_UNIT ( $, .STERADIAN. ) SOLID_ANGLE_UNIT ( ) );
#5237 = ADVANCED_FACE ( 'NONE', ( #109 ), #1822, .F. ) ;
#5238 = DIRECTION ( 'NONE',  ( -0.0000000000000000000, 1.000000000000000000, 0.0000000000000000000 ) ) ;
#5239 = EDGE_CURVE ( 'NONE', #2881, #6166, #5276, .T. ) ;
#5240 = VERTEX_POINT ( 'NONE', #248 ) ;
#5241 = PRODUCT_DEFINITION_CONTEXT ( 'detailed design', #1347, 'design' ) ;
#5242 = ORIENTED_EDGE ( 'NONE', *, *, #5887, .F. ) ;
#5243 = CARTESIAN_POINT ( 'NONE',  ( -0.7500000000000002220, -0.4500000000000000111, -0.04499999999999995670 ) ) ;
#5244 = COLOUR_RGB ( '',0.6470588235294117974, 0.5176470588235293491, 0.0000000000000000000 ) ;
#5245 = ORIENTED_EDGE ( 'NONE', *, *, #2689, .F. ) ;
#5246 =( NAMED_UNIT ( * ) SI_UNIT ( $, .STERADIAN. ) SOLID_ANGLE_UNIT ( ) );
#5247 = EDGE_LOOP ( 'NONE', ( #3533, #5906, #6445, #3254 ) ) ;
#5248 = ORIENTED_EDGE ( 'NONE', *, *, #243, .T. ) ;
#5249 =( GEOMETRIC_REPRESENTATION_CONTEXT ( 3 ) GLOBAL_UNCERTAINTY_ASSIGNED_CONTEXT ( ( #6062 ) ) GLOBAL_UNIT_ASSIGNED_CONTEXT ( ( #1716, #6365, #3253 ) ) REPRESENTATION_CONTEXT ( 'NONE', 'WORKASPACE' ) );
#5250 = FILL_AREA_STYLE ('',( #1666 ) ) ;
#5251 =( NAMED_UNIT ( * ) PLANE_ANGLE_UNIT ( ) SI_UNIT ( $, .RADIAN. ) );
#5252 = CARTESIAN_POINT ( 'NONE',  ( 0.7999999999999980460, 0.6500000000000000222, 0.5356854249492378761 ) ) ;
#5253 = CARTESIAN_POINT ( 'NONE',  ( 0.5999999999999983125, 0.8500000000000000888, -0.4199999999999999845 ) ) ;
#5254 = DIRECTION ( 'NONE',  ( -0.0000000000000000000, -0.0000000000000000000, -1.000000000000000000 ) ) ;
#5255 =( LENGTH_UNIT ( ) NAMED_UNIT ( * ) SI_UNIT ( .MILLI., .METRE. ) );
#5256 = VERTEX_POINT ( 'NONE', #5475 ) ;
#5257 = FILL_AREA_STYLE_COLOUR ( '', #4613 ) ;
#5258 = CARTESIAN_POINT ( 'NONE',  ( 0.9999999999999981126, 0.6500000000000000222, -0.08000000000000001554 ) ) ;
#5259 = ORIENTED_EDGE ( 'NONE', *, *, #5976, .T. ) ;
#5260 = AXIS2_PLACEMENT_3D ( 'NONE', #49, #3627, #531 ) ;
#5261 = UNCERTAINTY_MEASURE_WITH_UNIT (LENGTH_MEASURE( 1.000000000000000082E-05 ), #142, 'distance_accuracy_value', 'NONE');
#5262 = ORIENTED_EDGE ( 'NONE', *, *, #2199, .T. ) ;
#5263 = ADVANCED_FACE ( 'NONE', ( #888 ), #4968, .T. ) ;
#5264 = CARTESIAN_POINT ( 'NONE',  ( 0.7499999999999997780, -0.4200000000000000400, -0.08000000000000001554 ) ) ;
#5266 = AXIS2_PLACEMENT_3D ( 'NONE', #1374, #5541, #5578 ) ;
#5265 = CARTESIAN_POINT ( 'NONE',  ( 0.9999000000000002331, -0.8799999999999998934, -0.08000000000000020983 ) ) ;
#5267 = MECHANICAL_DESIGN_GEOMETRIC_PRESENTATION_REPRESENTATION (  '', ( #5037 ), #4043 ) ;
#5268 = LINE ( 'NONE', #1471, #2857 ) ;
#5269 = FILL_AREA_STYLE ('',( #1549 ) ) ;
#5270 = DIRECTION ( 'NONE',  ( -1.000000000000000000, 0.0000000000000000000, 0.0000000000000000000 ) ) ;
#5271 = CARTESIAN_POINT ( 'NONE',  ( -0.9999999999999981126, 0.6500000000000000222, -0.08000000000000001554 ) ) ;
#5272 = EDGE_CURVE ( 'NONE', #3795, #4516, #3686, .T. ) ;
#5273 =( NAMED_UNIT ( * ) SI_UNIT ( $, .STERADIAN. ) SOLID_ANGLE_UNIT ( ) );
#5274 = CARTESIAN_POINT ( 'NONE',  ( -0.9999000000000002331, -0.4500000000000000111, -0.08000000000000020983 ) ) ;
#5275 = STYLED_ITEM ( 'NONE', ( #589 ), #1974 ) ;
#5276 = LINE ( 'NONE', #2404, #3920 ) ;
#5277 = CARTESIAN_POINT ( 'NONE',  ( -0.9999000000000002331, -0.2299999999999999545, -0.4500000000000000111 ) ) ;
#5278 = VERTEX_POINT ( 'NONE', #5431 ) ;
#5279 = PRESENTATION_LAYER_ASSIGNMENT (  '', '', ( #4712 ) ) ;
#5280 = FILL_AREA_STYLE_COLOUR ( '', #4784 ) ;
#5281 =( NAMED_UNIT ( * ) SI_UNIT ( $, .STERADIAN. ) SOLID_ANGLE_UNIT ( ) );
#5282 = LINE ( 'NONE', #4250, #3924 ) ;
#5283 = CIRCLE ( 'NONE', #3776, 0.05000000000000002359 ) ;
#5284 = VECTOR ( 'NONE', #100, 1000.000000000000000 ) ;
#5285 = VERTEX_POINT ( 'NONE', #315 ) ;
#5286 = VERTEX_POINT ( 'NONE', #6081 ) ;
#5287 = DIRECTION ( 'NONE',  ( -1.000000000000000000, 0.0000000000000000000, 0.0000000000000000000 ) ) ;
#5288 = SURFACE_SIDE_STYLE ('',( #1107 ) ) ;
#5289 = ORIENTED_EDGE ( 'NONE', *, *, #3285, .T. ) ;
#5290 = CARTESIAN_POINT ( 'NONE',  ( 0.5999999999999915401, 0.2000000000000000944, -0.4500000000000000111 ) ) ;
#5291 = AXIS2_PLACEMENT_3D ( 'NONE', #1729, #4899, #5947 ) ;
#5292 = VECTOR ( 'NONE', #2213, 1000.000000000000000 ) ;
#5293 = DIRECTION ( 'NONE',  ( 0.0000000000000000000, 0.0000000000000000000, 1.000000000000000000 ) ) ;
#5294 = LINE ( 'NONE', #3933, #2876 ) ;
#5295 = ORIENTED_EDGE ( 'NONE', *, *, #1394, .F. ) ;
#5296 = DIRECTION ( 'NONE',  ( -1.000000000000000000, 0.0000000000000000000, 0.0000000000000000000 ) ) ;
#5297 = VECTOR ( 'NONE', #6245, 1000.000000000000000 ) ;
#5298 = EDGE_LOOP ( 'NONE', ( #1008, #4126, #3652, #3803 ) ) ;
#5299 = SURFACE_SIDE_STYLE ('',( #2480 ) ) ;
#5300 = ORIENTED_EDGE ( 'NONE', *, *, #928, .F. ) ;
#5301 = EDGE_LOOP ( 'NONE', ( #6368, #2570, #4963, #6686 ) ) ;
#5302 = UNCERTAINTY_MEASURE_WITH_UNIT (LENGTH_MEASURE( 1.000000000000000082E-05 ), #3344, 'distance_accuracy_value', 'NONE');
#5303 = LINE ( 'NONE', #2535, #1176 ) ;
#5304 = CIRCLE ( 'NONE', #4742, 0.2299999999999999545 ) ;
#5305 = CARTESIAN_POINT ( 'NONE',  ( 0.5999999999999846567, -0.4499999999999999001, -0.4199999999999999845 ) ) ;
#5306 = VERTEX_POINT ( 'NONE', #2379 ) ;
#5307 = EDGE_CURVE ( 'NONE', #5402, #1496, #1788, .T. ) ;
#5308 = EDGE_LOOP ( 'NONE', ( #6050, #370, #5644, #6498 ) ) ;
#5309 = AXIS2_PLACEMENT_3D ( 'NONE', #3788, #691, #2258 ) ;
#5310 = ORIENTED_EDGE ( 'NONE', *, *, #4375, .F. ) ;
#5311 = AXIS2_PLACEMENT_3D ( 'NONE', #815, #773, #4502 ) ;
#5312 = ORIENTED_EDGE ( 'NONE', *, *, #490, .T. ) ;
#5313 = UNCERTAINTY_MEASURE_WITH_UNIT (LENGTH_MEASURE( 1.000000000000000082E-05 ), #6628, 'distance_accuracy_value', 'NONE');
#5314 = DIRECTION ( 'NONE',  ( 0.0000000000000000000, 0.0000000000000000000, -1.000000000000000000 ) ) ;
#5315 = EDGE_CURVE ( 'NONE', #4516, #521, #1063, .T. ) ;
#5316 = CARTESIAN_POINT ( 'NONE',  ( -0.5999999999999916511, -0.2000000000000000111, -0.4500000000000000111 ) ) ;
#5317 = ORIENTED_EDGE ( 'NONE', *, *, #2846, .T. ) ;
#5318 = CARTESIAN_POINT ( 'NONE',  ( -0.9999000000000002331, -0.8499999999999999778, -0.04499999999999995670 ) ) ;
#5319 = ORIENTED_EDGE ( 'NONE', *, *, #4487, .F. ) ;
#5320 = AXIS2_PLACEMENT_3D ( 'NONE', #2362, #4264, #2201 ) ;
#5321 = SURFACE_STYLE_USAGE ( .BOTH. , #5849 ) ;
#5322 = FILL_AREA_STYLE ('',( #1152 ) ) ;
#5323 = ORIENTED_EDGE ( 'NONE', *, *, #4612, .T. ) ;
#5324 = ORIENTED_EDGE ( 'NONE', *, *, #3685, .T. ) ;
#5325 = CARTESIAN_POINT ( 'NONE',  ( -0.5999999999999980904, 0.5000000000000000000, -0.4199999999999999845 ) ) ;
#5326 = AXIS2_PLACEMENT_3D ( 'NONE', #4135, #15, #5741 ) ;
#5327 = MECHANICAL_DESIGN_GEOMETRIC_PRESENTATION_REPRESENTATION (  '', ( #2433 ), #1500 ) ;
#5328 = CARTESIAN_POINT ( 'NONE',  ( -0.5999999999999843237, -0.4999999999999998890, -0.4199999999999999845 ) ) ;
#5329 = CARTESIAN_POINT ( 'NONE',  ( 0.9999000000000002331, -0.2299999782608685428, -0.04499999999999995670 ) ) ;
#5330 = CARTESIAN_POINT ( 'NONE',  ( 0.7499999999999997780, -0.9499999999999999556, -0.03000000000000002318 ) ) ;
#5331 = PRESENTATION_STYLE_ASSIGNMENT (( #6384 ) ) ;
#5332 = LINE ( 'NONE', #2883, #1515 ) ;
#5333 = ADVANCED_FACE ( 'NONE', ( #5443 ), #4708, .T. ) ;
#5334 = DIRECTION ( 'NONE',  ( 0.0000000000000000000, 1.000000000000000000, 0.0000000000000000000 ) ) ;
#5335 = DIRECTION ( 'NONE',  ( -0.0000000000000000000, -0.0000000000000000000, 1.000000000000000000 ) ) ;
#5336 = LINE ( 'NONE', #6185, #1364 ) ;
#5337 = VECTOR ( 'NONE', #5464, 1000.000000000000000 ) ;
#5338 = SURFACE_STYLE_USAGE ( .BOTH. , #4314 ) ;
#5339 = VERTEX_POINT ( 'NONE', #1389 ) ;
#5340 = DIRECTION ( 'NONE',  ( -1.000000000000000000, 0.0000000000000000000, 0.0000000000000000000 ) ) ;
#5341 = CARTESIAN_POINT ( 'NONE',  ( -1.000000000000006883, -0.6500000000000000222, -0.4500000000000000111 ) ) ;
#5342 = DIRECTION ( 'NONE',  ( -1.000000000000000000, -0.0000000000000000000, -0.0000000000000000000 ) ) ;
#5343 = ORIENTED_EDGE ( 'NONE', *, *, #1018, .F. ) ;
#5344 = COLOUR_RGB ( '',0.6470588235294117974, 0.5176470588235293491, 0.0000000000000000000 ) ;
#5345 = FACE_OUTER_BOUND ( 'NONE', #1883, .T. ) ;
#5346 = DIRECTION ( 'NONE',  ( -1.000000000000000000, 0.0000000000000000000, 0.0000000000000000000 ) ) ;
#5347 = EDGE_CURVE ( 'NONE', #4559, #5256, #1949, .T. ) ;
#5348 = UNCERTAINTY_MEASURE_WITH_UNIT (LENGTH_MEASURE( 1.000000000000000082E-05 ), #1790, 'distance_accuracy_value', 'NONE');
#5349 = CARTESIAN_POINT ( 'NONE',  ( -0.5499999999999979350, 0.7700000000000000178, -0.4199999999999999845 ) ) ;
#5350 = LINE ( 'NONE', #4865, #4535 ) ;
#5351 = EDGE_CURVE ( 'NONE', #4494, #5155, #3348, .T. ) ;
#5352 = LINE ( 'NONE', #6650, #723 ) ;
#5354 = PRESENTATION_LAYER_ASSIGNMENT (  '', '', ( #2371 ) ) ;
#5353 = SURFACE_STYLE_USAGE ( .BOTH. , #5911 ) ;
#5355 = MECHANICAL_DESIGN_GEOMETRIC_PRESENTATION_REPRESENTATION (  '', ( #4794 ), #5138 ) ;
#5356 = CARTESIAN_POINT ( 'NONE',  ( -0.8864218330839926940, 0.4499999999999999001, -0.04499999999999995670 ) ) ;
#5357 = CARTESIAN_POINT ( 'NONE',  ( -0.9999999999999913403, 0.0000000000000000000, -0.4199999999999999845 ) ) ;
#5358 = FACE_OUTER_BOUND ( 'NONE', #6136, .T. ) ;
#5359 = ORIENTED_EDGE ( 'NONE', *, *, #3974, .T. ) ;
#5360 = SURFACE_SIDE_STYLE ('',( #4089 ) ) ;
#5361 = EDGE_CURVE ( 'NONE', #6449, #3932, #2035, .T. ) ;
#5362 = FILL_AREA_STYLE_COLOUR ( '', #6259 ) ;
#5363 = PRESENTATION_STYLE_ASSIGNMENT (( #1196 ) ) ;
#5364 = ADVANCED_FACE ( 'NONE', ( #729 ), #4986, .T. ) ;
#5365 = ORIENTED_EDGE ( 'NONE', *, *, #4738, .F. ) ;
#5366 =( GEOMETRIC_REPRESENTATION_CONTEXT ( 3 ) GLOBAL_UNCERTAINTY_ASSIGNED_CONTEXT ( ( #987 ) ) GLOBAL_UNIT_ASSIGNED_CONTEXT ( ( #3029, #886, #2474 ) ) REPRESENTATION_CONTEXT ( 'NONE', 'WORKASPACE' ) );
#5367 = ORIENTED_EDGE ( 'NONE', *, *, #273, .T. ) ;
#5368 = DIRECTION ( 'NONE',  ( -0.0000000000000000000, -0.0000000000000000000, -1.000000000000000000 ) ) ;
#5369 = ORIENTED_EDGE ( 'NONE', *, *, #6397, .T. ) ;
#5370 =( GEOMETRIC_REPRESENTATION_CONTEXT ( 3 ) GLOBAL_UNCERTAINTY_ASSIGNED_CONTEXT ( ( #6542 ) ) GLOBAL_UNIT_ASSIGNED_CONTEXT ( ( #3885, #796, #4435 ) ) REPRESENTATION_CONTEXT ( 'NONE', 'WORKASPACE' ) );
#5371 = DIRECTION ( 'NONE',  ( 0.9977342784929575936, -0.06727785311777789712, 0.0000000000000000000 ) ) ;
#5372 = ORIENTED_EDGE ( 'NONE', *, *, #5482, .T. ) ;
#5373 = SURFACE_STYLE_USAGE ( .BOTH. , #2896 ) ;
#5374 = LINE ( 'NONE', #1774, #38 ) ;
#5375 = ORIENTED_EDGE ( 'NONE', *, *, #1009, .F. ) ;
#5376 = ORIENTED_EDGE ( 'NONE', *, *, #1189, .F. ) ;
#5377 = SURFACE_STYLE_USAGE ( .BOTH. , #2270 ) ;
#5378 = ORIENTED_EDGE ( 'NONE', *, *, #3116, .F. ) ;
#5379 = DIRECTION ( 'NONE',  ( -0.9977342784929575936, -0.06727785311777791100, -0.0000000000000000000 ) ) ;
#5380 = UNCERTAINTY_MEASURE_WITH_UNIT (LENGTH_MEASURE( 1.000000000000000082E-05 ), #1996, 'distance_accuracy_value', 'NONE');
#5381 = LINE ( 'NONE', #5570, #4192 ) ;
#5382 = DIRECTION ( 'NONE',  ( 0.0000000000000000000, 0.0000000000000000000, -1.000000000000000000 ) ) ;
#5383 = ORIENTED_EDGE ( 'NONE', *, *, #613, .T. ) ;
#5384 = SURFACE_STYLE_USAGE ( .BOTH. , #4356 ) ;
#5385 = CYLINDRICAL_SURFACE ( 'NONE', #1577, 0.2299999999999999545 ) ;
#5386 = STYLED_ITEM ( 'NONE', ( #4601 ), #6326 ) ;
#5387 = ORIENTED_EDGE ( 'NONE', *, *, #4524, .T. ) ;
#5388 = SURFACE_STYLE_USAGE ( .BOTH. , #5912 ) ;
#5389 = DIRECTION ( 'NONE',  ( -1.000000000000000000, 0.0000000000000000000, 0.0000000000000000000 ) ) ;
#5390 = EDGE_CURVE ( 'NONE', #1183, #2234, #3431, .T. ) ;
#5391 = UNCERTAINTY_MEASURE_WITH_UNIT (LENGTH_MEASURE( 1.000000000000000082E-05 ), #4234, 'distance_accuracy_value', 'NONE');
#5392 =( LENGTH_UNIT ( ) NAMED_UNIT ( * ) SI_UNIT ( .MILLI., .METRE. ) );
#5393 = PRESENTATION_STYLE_ASSIGNMENT (( #1882 ) ) ;
#5394 = ORIENTED_EDGE ( 'NONE', *, *, #2277, .T. ) ;
#5395 = PRESENTATION_LAYER_ASSIGNMENT (  '', '', ( #5030 ) ) ;
#5396 =( NAMED_UNIT ( * ) PLANE_ANGLE_UNIT ( ) SI_UNIT ( $, .RADIAN. ) );
#5397 = SURFACE_STYLE_USAGE ( .BOTH. , #5423 ) ;
#5398 = EDGE_CURVE ( 'NONE', #1015, #747, #4619, .T. ) ;
#5399 = PLANE ( 'NONE',  #5189 ) ;
#5400 = AXIS2_PLACEMENT_3D ( 'NONE', #396, #3565, #4053 ) ;
#5401 = AXIS2_PLACEMENT_3D ( 'NONE', #3581, #443, #1095 ) ;
#5402 = VERTEX_POINT ( 'NONE', #3005 ) ;
#5403 = CARTESIAN_POINT ( 'NONE',  ( -1.000000000000000222, 1.000000000000000000, 0.4199999999999999845 ) ) ;
#5404 = ADVANCED_FACE ( 'NONE', ( #805 ), #4700, .T. ) ;
#5405 = PRESENTATION_STYLE_ASSIGNMENT (( #5603 ) ) ;
#5406 = ORIENTED_EDGE ( 'NONE', *, *, #2111, .T. ) ;
#5407 = DIRECTION ( 'NONE',  ( 0.0000000000000000000, 0.0000000000000000000, -1.000000000000000000 ) ) ;
#5408 = EDGE_CURVE ( 'NONE', #6503, #2808, #2700, .T. ) ;
#5409 = SURFACE_SIDE_STYLE ('',( #5450 ) ) ;
#5410 = VERTEX_POINT ( 'NONE', #2626 ) ;
#5411 =( NAMED_UNIT ( * ) PLANE_ANGLE_UNIT ( ) SI_UNIT ( $, .RADIAN. ) );
#5412 = EDGE_LOOP ( 'NONE', ( #591, #1490, #1047, #1420 ) ) ;
#5413 = DIRECTION ( 'NONE',  ( -1.000000000000000000, 0.0000000000000000000, 0.0000000000000000000 ) ) ;
#5414 = MECHANICAL_DESIGN_GEOMETRIC_PRESENTATION_REPRESENTATION (  '', ( #1452 ), #636 ) ;
#5415 = DIRECTION ( 'NONE',  ( 1.000000000000000000, 0.0000000000000000000, 0.0000000000000000000 ) ) ;
#5416 = FACE_OUTER_BOUND ( 'NONE', #2484, .T. ) ;
#5417 = SURFACE_SIDE_STYLE ('',( #3814 ) ) ;
#5418 = PRESENTATION_LAYER_ASSIGNMENT (  '', '', ( #2784 ) ) ;
#5419 =( NAMED_UNIT ( * ) SI_UNIT ( $, .STERADIAN. ) SOLID_ANGLE_UNIT ( ) );
#5420 =( GEOMETRIC_REPRESENTATION_CONTEXT ( 3 ) GLOBAL_UNCERTAINTY_ASSIGNED_CONTEXT ( ( #4170 ) ) GLOBAL_UNIT_ASSIGNED_CONTEXT ( ( #3168, #3150, #2172 ) ) REPRESENTATION_CONTEXT ( 'NONE', 'WORKASPACE' ) );
#5421 = LINE ( 'NONE', #469, #3244 ) ;
#5422 = SURFACE_SIDE_STYLE ('',( #4646 ) ) ;
#5423 = SURFACE_SIDE_STYLE ('',( #5759 ) ) ;
#5424 = LINE ( 'NONE', #2854, #2109 ) ;
#5425 = VECTOR ( 'NONE', #5544, 1000.000000000000000 ) ;
#5426 = ORIENTED_EDGE ( 'NONE', *, *, #2123, .F. ) ;
#5427 =( GEOMETRIC_REPRESENTATION_CONTEXT ( 3 ) GLOBAL_UNCERTAINTY_ASSIGNED_CONTEXT ( ( #6350 ) ) GLOBAL_UNIT_ASSIGNED_CONTEXT ( ( #6615, #2516, #384 ) ) REPRESENTATION_CONTEXT ( 'NONE', 'WORKASPACE' ) );
#5428 =( NAMED_UNIT ( * ) PLANE_ANGLE_UNIT ( ) SI_UNIT ( $, .RADIAN. ) );
#5429 = ORIENTED_EDGE ( 'NONE', *, *, #1707, .F. ) ;
#5430 = LINE ( 'NONE', #1759, #2696 ) ;
#5431 = CARTESIAN_POINT ( 'NONE',  ( -0.9999000000000002331, -0.4200000000000000400, -0.4199999999999999845 ) ) ;
#5432 = ORIENTED_EDGE ( 'NONE', *, *, #1146, .F. ) ;
#5433 = DIRECTION ( 'NONE',  ( 0.0000000000000000000, 1.000000000000000000, 0.0000000000000000000 ) ) ;
#5434 = FILL_AREA_STYLE ('',( #3911 ) ) ;
#5435 = CIRCLE ( 'NONE', #1127, 0.2299999999999999545 ) ;
#5436 = DIRECTION ( 'NONE',  ( 0.0000000000000000000, 0.0000000000000000000, -1.000000000000000000 ) ) ;
#5437 = VECTOR ( 'NONE', #2777, 1000.000000000000000 ) ;
#5438 =( LENGTH_UNIT ( ) NAMED_UNIT ( * ) SI_UNIT ( .MILLI., .METRE. ) );
#5439 = EDGE_CURVE ( 'NONE', #6219, #5110, #5352, .T. ) ;
#5440 = CIRCLE ( 'NONE', #6559, 0.2299999999999999545 ) ;
#5441 = AXIS2_PLACEMENT_3D ( 'NONE', #2779, #167, #5340 ) ;
#5442 = PRESENTATION_LAYER_ASSIGNMENT (  '', '', ( #2329 ) ) ;
#5443 = FACE_OUTER_BOUND ( 'NONE', #5961, .T. ) ;
#5444 = CARTESIAN_POINT ( 'NONE',  ( 0.9999999999999844569, -0.6500000000000000222, -0.04499999999999995670 ) ) ;
#5445 = VERTEX_POINT ( 'NONE', #3094 ) ;
#5446 =( NAMED_UNIT ( * ) SI_UNIT ( $, .STERADIAN. ) SOLID_ANGLE_UNIT ( ) );
#5447 = EDGE_CURVE ( 'NONE', #6387, #4193, #5670, .T. ) ;
#5448 = FACE_OUTER_BOUND ( 'NONE', #2339, .T. ) ;
#5449 = CARTESIAN_POINT ( 'NONE',  ( -1.000000000000000222, -0.9499999999999999556, -0.08000000000000004330 ) ) ;
#5450 = SURFACE_STYLE_FILL_AREA ( #3406 ) ;
#5451 = ORIENTED_EDGE ( 'NONE', *, *, #6142, .T. ) ;
#5452 = DIRECTION ( 'NONE',  ( 1.000000000000000000, 0.0000000000000000000, 0.0000000000000000000 ) ) ;
#5454 = AXIS2_PLACEMENT_3D ( 'NONE', #1148, #1672, #2211 ) ;
#5453 = DIRECTION ( 'NONE',  ( 0.0000000000000000000, -0.0000000000000000000, -1.000000000000000000 ) ) ;
#5455 = LINE ( 'NONE', #228, #4479 ) ;
#5456 = SURFACE_STYLE_FILL_AREA ( #170 ) ;
#5457 = ORIENTED_EDGE ( 'NONE', *, *, #371, .T. ) ;
#5458 = DIRECTION ( 'NONE',  ( 1.000000000000000000, 0.0000000000000000000, 0.0000000000000000000 ) ) ;
#5459 = STYLED_ITEM ( 'NONE', ( #4105 ), #4206 ) ;
#5460 = CARTESIAN_POINT ( 'NONE',  ( -0.9999000000000002331, 0.4499999999999999556, -0.4500000000000000111 ) ) ;
#5461 = DIRECTION ( 'NONE',  ( -1.000000000000000000, 0.0000000000000000000, 0.0000000000000000000 ) ) ;
#5462 = ORIENTED_EDGE ( 'NONE', *, *, #666, .T. ) ;
#5463 = ORIENTED_EDGE ( 'NONE', *, *, #1583, .T. ) ;
#5464 = DIRECTION ( 'NONE',  ( 0.0000000000000000000, 0.0000000000000000000, -1.000000000000000000 ) ) ;
#5465 = DIRECTION ( 'NONE',  ( -1.000000000000000000, -0.0000000000000000000, -0.0000000000000000000 ) ) ;
#5466 = VERTEX_POINT ( 'NONE', #6247 ) ;
#5467 = PLANE ( 'NONE',  #3862 ) ;
#5468 = FACE_OUTER_BOUND ( 'NONE', #1880, .T. ) ;
#5469 = ORIENTED_EDGE ( 'NONE', *, *, #1229, .T. ) ;
#5470 =( GEOMETRIC_REPRESENTATION_CONTEXT ( 3 ) GLOBAL_UNCERTAINTY_ASSIGNED_CONTEXT ( ( #2957 ) ) GLOBAL_UNIT_ASSIGNED_CONTEXT ( ( #1528, #2036, #5109 ) ) REPRESENTATION_CONTEXT ( 'NONE', 'WORKASPACE' ) );
#5471 = DIRECTION ( 'NONE',  ( 0.0000000000000000000, 0.0000000000000000000, -1.000000000000000000 ) ) ;
#5472 = EDGE_LOOP ( 'NONE', ( #5042, #67, #2713, #4569 ) ) ;
#5473 = ORIENTED_EDGE ( 'NONE', *, *, #2424, .T. ) ;
#5474 = DIRECTION ( 'NONE',  ( 0.0000000000000000000, 0.0000000000000000000, -1.000000000000000000 ) ) ;
#5475 = CARTESIAN_POINT ( 'NONE',  ( -0.9998000000000003551, 0.9998000000000001330, -0.4199999999999999845 ) ) ;
#5476 = ORIENTED_EDGE ( 'NONE', *, *, #3848, .T. ) ;
#5477 = CARTESIAN_POINT ( 'NONE',  ( 0.9999999999999997780, -1.000000000000000000, -0.08000000000000004330 ) ) ;
#5478 = AXIS2_PLACEMENT_3D ( 'NONE', #5225, #4696, #5669 ) ;
#5479 = VECTOR ( 'NONE', #5335, 1000.000000000000000 ) ;
#5480 =( NAMED_UNIT ( * ) SI_UNIT ( $, .STERADIAN. ) SOLID_ANGLE_UNIT ( ) );
#5481 =( NAMED_UNIT ( * ) SI_UNIT ( $, .STERADIAN. ) SOLID_ANGLE_UNIT ( ) );
#5482 = EDGE_CURVE ( 'NONE', #511, #669, #4241, .T. ) ;
#5483 = VERTEX_POINT ( 'NONE', #526 ) ;
#5484 = ORIENTED_EDGE ( 'NONE', *, *, #187, .F. ) ;
#5485 = SURFACE_SIDE_STYLE ('',( #5039 ) ) ;
#5486 = DIRECTION ( 'NONE',  ( 0.0000000000000000000, -1.000000000000000000, 0.0000000000000000000 ) ) ;
#5487 = PRESENTATION_STYLE_ASSIGNMENT (( #6300 ) ) ;
#5488 = ORIENTED_EDGE ( 'NONE', *, *, #1282, .F. ) ;
#5489 = ORIENTED_EDGE ( 'NONE', *, *, #879, .T. ) ;
#5490 = EDGE_CURVE ( 'NONE', #4362, #1646, #3838, .T. ) ;
#5491 = ORIENTED_EDGE ( 'NONE', *, *, #4252, .F. ) ;
#5492 = FILL_AREA_STYLE_COLOUR ( '', #1001 ) ;
#5493 = STYLED_ITEM ( 'NONE', ( #900 ), #982 ) ;
#5494 = AXIS2_PLACEMENT_3D ( 'NONE', #5208, #657, #1203 ) ;
#5495 = ORIENTED_EDGE ( 'NONE', *, *, #5748, .F. ) ;
#5496 = CARTESIAN_POINT ( 'NONE',  ( -1.000000000000006883, -0.6500000000000000222, -0.08000000000000020983 ) ) ;
#5497 = CYLINDRICAL_SURFACE ( 'NONE', #6046, 0.05000000000000002359 ) ;
#5498 = EDGE_CURVE ( 'NONE', #2810, #1268, #5015, .T. ) ;
#5499 = CARTESIAN_POINT ( 'NONE',  ( -0.7499999999999997780, -0.9499999999999999556, -0.03000000000000002318 ) ) ;
#5500 = SURFACE_SIDE_STYLE ('',( #4706 ) ) ;
#5501 = PLANE ( 'NONE',  #400 ) ;
#5502 = STYLED_ITEM ( 'NONE', ( #3571 ), #3315 ) ;
#5503 = DIRECTION ( 'NONE',  ( -1.000000000000000000, 0.0000000000000000000, 0.0000000000000000000 ) ) ;
#5504 = AXIS2_PLACEMENT_3D ( 'NONE', #1920, #6072, #2984 ) ;
#5505 = EDGE_LOOP ( 'NONE', ( #3798, #4561, #2664 ) ) ;
#5506 = FILL_AREA_STYLE_COLOUR ( '', #4626 ) ;
#5507 = CARTESIAN_POINT ( 'NONE',  ( -0.9999000000000002331, 0.8500000000000000888, -0.4500000000000000111 ) ) ;
#5508 = PRESENTATION_STYLE_ASSIGNMENT (( #3175 ) ) ;
#5509 = ADVANCED_FACE ( 'NONE', ( #1946 ), #4650, .F. ) ;
#5510 = AXIS2_PLACEMENT_3D ( 'NONE', #3976, #3929, #3491 ) ;
#5511 = FILL_AREA_STYLE ('',( #863 ) ) ;
#5512 = DIRECTION ( 'NONE',  ( 1.000000000000000000, 0.0000000000000000000, 0.0000000000000000000 ) ) ;
#5513 = DIRECTION ( 'NONE',  ( -1.000000000000000000, 0.0000000000000000000, 0.0000000000000000000 ) ) ;
#5514 = EDGE_CURVE ( 'NONE', #5157, #5555, #5435, .T. ) ;
#5515 = DIRECTION ( 'NONE',  ( -0.0000000000000000000, -0.0000000000000000000, 1.000000000000000000 ) ) ;
#5516 = SURFACE_STYLE_FILL_AREA ( #2491 ) ;
#5517 = DIRECTION ( 'NONE',  ( 4.015563601798168259E-16, 1.000000000000000000, 0.0000000000000000000 ) ) ;
#5518 = DIRECTION ( 'NONE',  ( 0.0000000000000000000, 0.0000000000000000000, -1.000000000000000000 ) ) ;
#5519 = ORIENTED_EDGE ( 'NONE', *, *, #6364, .T. ) ;
#5520 = LINE ( 'NONE', #1658, #5196 ) ;
#5521 = EDGE_CURVE ( 'NONE', #6318, #4844, #5268, .T. ) ;
#5522 = MECHANICAL_DESIGN_GEOMETRIC_PRESENTATION_REPRESENTATION (  '', ( #2851 ), #4953 ) ;
#5523 = PRESENTATION_LAYER_ASSIGNMENT (  '', '', ( #3331 ) ) ;
#5524 = VECTOR ( 'NONE', #3342, 1000.000000000000000 ) ;
#5525 = CARTESIAN_POINT ( 'NONE',  ( 0.7499999999999997780, -0.9499999999999999556, -0.08000000000000001554 ) ) ;
#5527 = PRESENTATION_STYLE_ASSIGNMENT (( #5384 ) ) ;
#5526 = CARTESIAN_POINT ( 'NONE',  ( 0.5999999999999913181, -0.1500000000000000222, -0.4500000000000000111 ) ) ;
#5528 = EDGE_CURVE ( 'NONE', #3454, #5732, #2527, .T. ) ;
#5529 = VECTOR ( 'NONE', #1038, 1000.000000000000000 ) ;
#5530 = VERTEX_POINT ( 'NONE', #2027 ) ;
#5531 =( NAMED_UNIT ( * ) SI_UNIT ( $, .STERADIAN. ) SOLID_ANGLE_UNIT ( ) );
#5532 = LINE ( 'NONE', #4567, #2632 ) ;
#5534 = PRESENTATION_LAYER_ASSIGNMENT (  '', '', ( #3128 ) ) ;
#5533 = DIRECTION ( 'NONE',  ( 0.0000000000000000000, 1.000000000000000000, 0.0000000000000000000 ) ) ;
#5535 = VERTEX_POINT ( 'NONE', #4625 ) ;
#5536 = DIRECTION ( 'NONE',  ( 0.0000000000000000000, 0.0000000000000000000, -1.000000000000000000 ) ) ;
#5537 = ORIENTED_EDGE ( 'NONE', *, *, #294, .F. ) ;
#5538 = PRESENTATION_LAYER_ASSIGNMENT (  '', '', ( #3007 ) ) ;
#5539 = VERTEX_POINT ( 'NONE', #6179 ) ;
#5540 = VERTEX_POINT ( 'NONE', #485 ) ;
#5541 = DIRECTION ( 'NONE',  ( 0.0000000000000000000, 0.0000000000000000000, -1.000000000000000000 ) ) ;
#5542 = ORIENTED_EDGE ( 'NONE', *, *, #5091, .T. ) ;
#5543 = AXIS2_PLACEMENT_3D ( 'NONE', #2678, #2151, #1636 ) ;
#5544 = DIRECTION ( 'NONE',  ( 0.0000000000000000000, -0.0000000000000000000, -1.000000000000000000 ) ) ;
#5545 =( LENGTH_UNIT ( ) NAMED_UNIT ( * ) SI_UNIT ( .MILLI., .METRE. ) );
#5546 = EDGE_LOOP ( 'NONE', ( #2524, #694, #2960, #199 ) ) ;
#5547 = FILL_AREA_STYLE_COLOUR ( '', #3282 ) ;
#5548 = SURFACE_STYLE_FILL_AREA ( #2520 ) ;
#5549 = VECTOR ( 'NONE', #5858, 1000.000000000000000 ) ;
#5550 = ORIENTED_EDGE ( 'NONE', *, *, #2860, .F. ) ;
#5551 = DIRECTION ( 'NONE',  ( -1.000000000000000000, 0.0000000000000000000, 0.0000000000000000000 ) ) ;
#5552 = COLOUR_RGB ( '',0.6470588235294117974, 0.5176470588235293491, 0.0000000000000000000 ) ;
#5553 = AXIS2_PLACEMENT_3D ( 'NONE', #3048, #5536, #5513 ) ;
#5554 = DIRECTION ( 'NONE',  ( -0.0000000000000000000, -0.0000000000000000000, -1.000000000000000000 ) ) ;
#5555 = VERTEX_POINT ( 'NONE', #5146 ) ;
#5556 = UNCERTAINTY_MEASURE_WITH_UNIT (LENGTH_MEASURE( 1.000000000000000082E-05 ), #3230, 'distance_accuracy_value', 'NONE');
#5557 = SURFACE_STYLE_FILL_AREA ( #6439 ) ;
#5558 = FILL_AREA_STYLE_COLOUR ( '', #5048 ) ;
#5559 = SURFACE_SIDE_STYLE ('',( #2457 ) ) ;
#5560 = SURFACE_STYLE_USAGE ( .BOTH. , #898 ) ;
#5561 = ORIENTED_EDGE ( 'NONE', *, *, #1184, .F. ) ;
#5562 =( GEOMETRIC_REPRESENTATION_CONTEXT ( 3 ) GLOBAL_UNCERTAINTY_ASSIGNED_CONTEXT ( ( #5261 ) ) GLOBAL_UNIT_ASSIGNED_CONTEXT ( ( #142, #1615, #3780 ) ) REPRESENTATION_CONTEXT ( 'NONE', 'WORKASPACE' ) );
#5563 = ORIENTED_EDGE ( 'NONE', *, *, #2424, .F. ) ;
#5564 = DIRECTION ( 'NONE',  ( 0.0000000000000000000, 0.0000000000000000000, -1.000000000000000000 ) ) ;
#5565 = ORIENTED_EDGE ( 'NONE', *, *, #698, .T. ) ;
#5566 = CARTESIAN_POINT ( 'NONE',  ( 0.9999999999999913403, 0.0000000000000000000, -0.4500000000000000111 ) ) ;
#5567 = EDGE_CURVE ( 'NONE', #3159, #511, #5852, .T. ) ;
#5568 = DIRECTION ( 'NONE',  ( -0.0000000000000000000, -0.0000000000000000000, -1.000000000000000000 ) ) ;
#5569 = EDGE_LOOP ( 'NONE', ( #937, #5816, #1758, #2411 ) ) ;
#5570 = CARTESIAN_POINT ( 'NONE',  ( -0.9999000000000002331, 0.4200000000000000400, -0.4500000000000000111 ) ) ;
#5571 = EDGE_CURVE ( 'NONE', #3739, #6605, #4467, .T. ) ;
#5572 =( LENGTH_UNIT ( ) NAMED_UNIT ( * ) SI_UNIT ( .MILLI., .METRE. ) );
#5573 = PLANE ( 'NONE',  #1782 ) ;
#5574 = CARTESIAN_POINT ( 'NONE',  ( -0.8864218330839926940, 0.4499999999999999001, -0.4500000000000000111 ) ) ;
#5575 = EDGE_CURVE ( 'NONE', #5154, #4096, #3680, .T. ) ;
#5576 = LINE ( 'NONE', #415, #3408 ) ;
#5577 = FACE_OUTER_BOUND ( 'NONE', #5235, .T. ) ;
#5578 = DIRECTION ( 'NONE',  ( -1.000000000000000000, 0.0000000000000000000, 0.0000000000000000000 ) ) ;
#5579 =( LENGTH_UNIT ( ) NAMED_UNIT ( * ) SI_UNIT ( .MILLI., .METRE. ) );
#5580 = UNCERTAINTY_MEASURE_WITH_UNIT (LENGTH_MEASURE( 1.000000000000000082E-05 ), #6528, 'distance_accuracy_value', 'NONE');
#5581 = DIRECTION ( 'NONE',  ( 0.0000000000000000000, 0.0000000000000000000, -1.000000000000000000 ) ) ;
#5582 = DIRECTION ( 'NONE',  ( -1.000000000000000000, 0.0000000000000000000, 0.0000000000000000000 ) ) ;
#5583 = ORIENTED_EDGE ( 'NONE', *, *, #3902, .T. ) ;
#5584 = PRESENTATION_LAYER_ASSIGNMENT (  '', '', ( #2571 ) ) ;
#5585 = FACE_OUTER_BOUND ( 'NONE', #6360, .T. ) ;
#5586 = DIRECTION ( 'NONE',  ( 0.0000000000000000000, -0.0000000000000000000, -1.000000000000000000 ) ) ;
#5587 = CARTESIAN_POINT ( 'NONE',  ( -0.9999000000000002331, 0.8799932569367847623, -0.08000000000000020983 ) ) ;
#5588 = SURFACE_STYLE_FILL_AREA ( #3430 ) ;
#5589 = CARTESIAN_POINT ( 'NONE',  ( -1.000000000000000222, 0.4200000000000000400, -0.4199999999999999845 ) ) ;
#5590 = SURFACE_STYLE_FILL_AREA ( #2554 ) ;
#5591 = AXIS2_PLACEMENT_3D ( 'NONE', #5526, #5471, #3942 ) ;
#5592 = EDGE_LOOP ( 'NONE', ( #934, #477, #4578, #4123 ) ) ;
#5593 = LINE ( 'NONE', #1943, #656 ) ;
#5594 = UNCERTAINTY_MEASURE_WITH_UNIT (LENGTH_MEASURE( 1.000000000000000082E-05 ), #4903, 'distance_accuracy_value', 'NONE');
#5595 = DIRECTION ( 'NONE',  ( 0.0000000000000000000, 0.0000000000000000000, 1.000000000000000000 ) ) ;
#5596 = CARTESIAN_POINT ( 'NONE',  ( 0.9999000000000002331, -0.4200000000000000400, -0.04499999999999995670 ) ) ;
#5597 = EDGE_CURVE ( 'NONE', #2409, #2538, #1618, .T. ) ;
#5598 = LINE ( 'NONE', #992, #5114 ) ;
#5599 = PRESENTATION_STYLE_ASSIGNMENT (( #649 ) ) ;
#5600 = CYLINDRICAL_SURFACE ( 'NONE', #2706, 0.2000000000000000944 ) ;
#5601 =( NAMED_UNIT ( * ) PLANE_ANGLE_UNIT ( ) SI_UNIT ( $, .RADIAN. ) );
#5602 = VERTEX_POINT ( 'NONE', #1517 ) ;
#5603 = SURFACE_STYLE_USAGE ( .BOTH. , #4067 ) ;
#5604 = ADVANCED_FACE ( 'NONE', ( #4539 ), #5789, .T. ) ;
#5605 = DIRECTION ( 'NONE',  ( -1.000000000000000000, 0.0000000000000000000, -0.0000000000000000000 ) ) ;
#5606 = DIRECTION ( 'NONE',  ( -1.000000000000000000, 0.0000000000000000000, 0.0000000000000000000 ) ) ;
#5607 = LINE ( 'NONE', #4191, #191 ) ;
#5608 =( LENGTH_UNIT ( ) NAMED_UNIT ( * ) SI_UNIT ( .MILLI., .METRE. ) );
#5609 = ORIENTED_EDGE ( 'NONE', *, *, #6180, .T. ) ;
#5610 = DIRECTION ( 'NONE',  ( 0.0000000000000000000, -0.0000000000000000000, -1.000000000000000000 ) ) ;
#5611 =( GEOMETRIC_REPRESENTATION_CONTEXT ( 3 ) GLOBAL_UNCERTAINTY_ASSIGNED_CONTEXT ( ( #171 ) ) GLOBAL_UNIT_ASSIGNED_CONTEXT ( ( #1441, #6090, #4120 ) ) REPRESENTATION_CONTEXT ( 'NONE', 'WORKASPACE' ) );
#5612 = PRESENTATION_LAYER_ASSIGNMENT (  '', '', ( #1195 ) ) ;
#5613 =( NAMED_UNIT ( * ) SI_UNIT ( $, .STERADIAN. ) SOLID_ANGLE_UNIT ( ) );
#5614 = EDGE_LOOP ( 'NONE', ( #1186, #4988, #6544, #2829 ) ) ;
#5615 = ORIENTED_EDGE ( 'NONE', *, *, #3303, .T. ) ;
#5616 = VERTEX_POINT ( 'NONE', #3173 ) ;
#5617 = EDGE_CURVE ( 'NONE', #1699, #1529, #5185, .T. ) ;
#5618 = ORIENTED_EDGE ( 'NONE', *, *, #3303, .F. ) ;
#5619 = CARTESIAN_POINT ( 'NONE',  ( 0.9999000000000002331, 0.2299999999999999545, -0.4500000000000000111 ) ) ;
#5620 = PRESENTATION_STYLE_ASSIGNMENT (( #3345 ) ) ;
#5621 = VECTOR ( 'NONE', #4446, 1000.000000000000000 ) ;
#5622 = ORIENTED_EDGE ( 'NONE', *, *, #5514, .F. ) ;
#5623 = ORIENTED_EDGE ( 'NONE', *, *, #4219, .F. ) ;
#5625 = PRESENTATION_LAYER_ASSIGNMENT (  '', '', ( #5275 ) ) ;
#5624 = DIRECTION ( 'NONE',  ( -1.000000000000000000, 2.839000157944204375E-16, 0.0000000000000000000 ) ) ;
#5626 = ORIENTED_EDGE ( 'NONE', *, *, #154, .F. ) ;
#5627 = FILL_AREA_STYLE ('',( #3049 ) ) ;
#5628 = PRESENTATION_LAYER_ASSIGNMENT (  '', '', ( #3176 ) ) ;
#5629 = LINE ( 'NONE', #402, #4276 ) ;
#5630 = VERTEX_POINT ( 'NONE', #2152 ) ;
#5631 = AXIS2_PLACEMENT_3D ( 'NONE', #2889, #4801, #3767 ) ;
#5632 = CARTESIAN_POINT ( 'NONE',  ( -0.9998000000000003551, -0.8799999999999998934, -0.08000000000000020983 ) ) ;
#5633 = CARTESIAN_POINT ( 'NONE',  ( 0.9997999999999999110, 0.9998000000000001330, -0.08000000000000020983 ) ) ;
#5634 = FILL_AREA_STYLE_COLOUR ( '', #1158 ) ;
#5635 = AXIS2_PLACEMENT_3D ( 'NONE', #1543, #6630, #5718 ) ;
#5636 = UNCERTAINTY_MEASURE_WITH_UNIT (LENGTH_MEASURE( 1.000000000000000082E-05 ), #2974, 'distance_accuracy_value', 'NONE');
#5637 = VECTOR ( 'NONE', #5726, 1000.000000000000000 ) ;
#5638 = ORIENTED_EDGE ( 'NONE', *, *, #3653, .F. ) ;
#5639 = ADVANCED_FACE ( 'NONE', ( #410 ), #4688, .F. ) ;
#5640 = DIRECTION ( 'NONE',  ( 0.0000000000000000000, -0.0000000000000000000, -1.000000000000000000 ) ) ;
#5641 = ORIENTED_EDGE ( 'NONE', *, *, #917, .T. ) ;
#5642 = CARTESIAN_POINT ( 'NONE',  ( -0.5999999999999912070, 0.1500000000000000777, -0.4500000000000000111 ) ) ;
#5643 = DIRECTION ( 'NONE',  ( 1.000000000000000000, 0.0000000000000000000, -0.0000000000000000000 ) ) ;
#5644 = ORIENTED_EDGE ( 'NONE', *, *, #3519, .F. ) ;
#5645 = CARTESIAN_POINT ( 'NONE',  ( 0.9998000000000003551, 0.8799999999999998934, -0.08000000000000020983 ) ) ;
#5646 = EDGE_CURVE ( 'NONE', #3932, #1183, #968, .T. ) ;
#5647 = VECTOR ( 'NONE', #5452, 1000.000000000000000 ) ;
#5648 = SURFACE_STYLE_USAGE ( .BOTH. , #4141 ) ;
#5649 = STYLED_ITEM ( 'NONE', ( #5938 ), #389 ) ;
#5650 = AXIS2_PLACEMENT_3D ( 'NONE', #1366, #4985, #6042 ) ;
#5651 = CARTESIAN_POINT ( 'NONE',  ( 0.8864218330839792603, -0.4499999999999999001, -0.04499999999999995670 ) ) ;
#5652 = SURFACE_STYLE_USAGE ( .BOTH. , #4027 ) ;
#5653 = CARTESIAN_POINT ( 'NONE',  ( -0.9999000000000002331, -0.8799999999999998934, -0.04499999999999995670 ) ) ;
#5654 = EDGE_CURVE ( 'NONE', #991, #3716, #3597, .T. ) ;
#5655 = ORIENTED_EDGE ( 'NONE', *, *, #500, .T. ) ;
#5656 = STYLED_ITEM ( 'NONE', ( #5028 ), #1190 ) ;
#5657 = LINE ( 'NONE', #4471, #4151 ) ;
#5658 = ORIENTED_EDGE ( 'NONE', *, *, #2170, .F. ) ;
#5659 = SURFACE_STYLE_FILL_AREA ( #3914 ) ;
#5660 =( GEOMETRIC_REPRESENTATION_CONTEXT ( 3 ) GLOBAL_UNCERTAINTY_ASSIGNED_CONTEXT ( ( #3647 ) ) GLOBAL_UNIT_ASSIGNED_CONTEXT ( ( #5666, #6656, #4157 ) ) REPRESENTATION_CONTEXT ( 'NONE', 'WORKASPACE' ) );
#5661 = SURFACE_STYLE_USAGE ( .BOTH. , #4085 ) ;
#5662 = PRESENTATION_LAYER_ASSIGNMENT (  '', '', ( #5459 ) ) ;
#5663 = DIRECTION ( 'NONE',  ( -1.000000000000000000, -0.0000000000000000000, -0.0000000000000000000 ) ) ;
#5664 = SURFACE_SIDE_STYLE ('',( #2523 ) ) ;
#5665 =( LENGTH_UNIT ( ) NAMED_UNIT ( * ) SI_UNIT ( .MILLI., .METRE. ) );
#5666 =( LENGTH_UNIT ( ) NAMED_UNIT ( * ) SI_UNIT ( .MILLI., .METRE. ) );
#5667 = ADVANCED_FACE ( 'NONE', ( #2928 ), #112, .F. ) ;
#5668 = VECTOR ( 'NONE', #3807, 1000.000000000000000 ) ;
#5669 = DIRECTION ( 'NONE',  ( 0.0000000000000000000, 0.0000000000000000000, -1.000000000000000000 ) ) ;
#5670 = LINE ( 'NONE', #16, #3520 ) ;
#5671 = CARTESIAN_POINT ( 'NONE',  ( 0.8864218330839929161, 0.8500000000000000888, -0.4199999999999999845 ) ) ;
#5672 =( LENGTH_UNIT ( ) NAMED_UNIT ( * ) SI_UNIT ( .MILLI., .METRE. ) );
#5673 = FACE_OUTER_BOUND ( 'NONE', #6216, .T. ) ;
#5674 = AXIS2_PLACEMENT_3D ( 'NONE', #423, #6546, #6135 ) ;
#5675 = CARTESIAN_POINT ( 'NONE',  ( 0.0000000000000000000, 0.0000000000000000000, -0.04499999999999995670 ) ) ;
#5676 = DIRECTION ( 'NONE',  ( 1.000000000000000000, 0.0000000000000000000, -0.0000000000000000000 ) ) ;
#5677 = DIRECTION ( 'NONE',  ( 1.000000000000000000, -0.0000000000000000000, -0.0000000000000000000 ) ) ;
#5678 = PRESENTATION_STYLE_ASSIGNMENT (( #465 ) ) ;
#5679 = SURFACE_STYLE_FILL_AREA ( #4777 ) ;
#5680 = DIRECTION ( 'NONE',  ( -1.000000000000000000, 0.0000000000000000000, 0.0000000000000000000 ) ) ;
#5681 = LINE ( 'NONE', #4822, #979 ) ;
#5682 = VERTEX_POINT ( 'NONE', #2702 ) ;
#5683 = COLOUR_RGB ( '',0.6470588235294117974, 0.5176470588235293491, 0.0000000000000000000 ) ;
#5684 = AXIS2_PLACEMENT_3D ( 'NONE', #2684, #603, #704 ) ;
#5685 =( NAMED_UNIT ( * ) PLANE_ANGLE_UNIT ( ) SI_UNIT ( $, .RADIAN. ) );
#5686 = CIRCLE ( 'NONE', #2833, 0.05000000000000002359 ) ;
#5687 = ORIENTED_EDGE ( 'NONE', *, *, #6100, .F. ) ;
#5688 =( NAMED_UNIT ( * ) SI_UNIT ( $, .STERADIAN. ) SOLID_ANGLE_UNIT ( ) );
#5689 = EDGE_CURVE ( 'NONE', #5736, #2808, #8, .T. ) ;
#5690 = ORIENTED_EDGE ( 'NONE', *, *, #2897, .T. ) ;
#5691 = ORIENTED_EDGE ( 'NONE', *, *, #5896, .T. ) ;
#5692 = LINE ( 'NONE', #5186, #3126 ) ;
#5693 = ORIENTED_EDGE ( 'NONE', *, *, #6100, .T. ) ;
#5694 = SURFACE_STYLE_FILL_AREA ( #3517 ) ;
#5695 = CIRCLE ( 'NONE', #3268, 0.2299999999999999545 ) ;
#5696 = ORIENTED_EDGE ( 'NONE', *, *, #5887, .T. ) ;
#5697 =( NAMED_UNIT ( * ) PLANE_ANGLE_UNIT ( ) SI_UNIT ( $, .RADIAN. ) );
#5698 = EDGE_CURVE ( 'NONE', #4893, #5157, #6248, .T. ) ;
#5699 = DIRECTION ( 'NONE',  ( -1.000000000000000000, 0.0000000000000000000, 0.0000000000000000000 ) ) ;
#5700 = CARTESIAN_POINT ( 'NONE',  ( 0.9999999999999997780, -1.000000000000000000, 0.4199999999999999845 ) ) ;
#5701 = FACE_OUTER_BOUND ( 'NONE', #600, .T. ) ;
#5702 = EDGE_LOOP ( 'NONE', ( #3279, #2812, #3481, #4284, #5872 ) ) ;
#5703 = ORIENTED_EDGE ( 'NONE', *, *, #1965, .F. ) ;
#5704 = CARTESIAN_POINT ( 'NONE',  ( 0.5999999999999916511, -0.2000000000000000111, -0.4500000000000000111 ) ) ;
#5705 = ORIENTED_EDGE ( 'NONE', *, *, #4537, .T. ) ;
#5706 = MECHANICAL_DESIGN_GEOMETRIC_PRESENTATION_REPRESENTATION (  '', ( #2371 ), #75 ) ;
#5707 = ORIENTED_EDGE ( 'NONE', *, *, #2076, .F. ) ;
#5708 = PRESENTATION_LAYER_ASSIGNMENT (  '', '', ( #837 ) ) ;
#5709 =( NAMED_UNIT ( * ) PLANE_ANGLE_UNIT ( ) SI_UNIT ( $, .RADIAN. ) );
#5710 = CARTESIAN_POINT ( 'NONE',  ( 0.0000000000000000000, -0.4499999999999999001, -0.4500000000000000111 ) ) ;
#5711 = COLOUR_RGB ( '',0.6470588235294117974, 0.5176470588235293491, 0.0000000000000000000 ) ;
#5712 = CARTESIAN_POINT ( 'NONE',  ( 0.9999999999999997780, -1.000000000000000000, 0.4199999999999999845 ) ) ;
#5713 = ORIENTED_EDGE ( 'NONE', *, *, #324, .T. ) ;
#5714 = DIRECTION ( 'NONE',  ( -0.0000000000000000000, -0.0000000000000000000, 1.000000000000000000 ) ) ;
#5715 = UNCERTAINTY_MEASURE_WITH_UNIT (LENGTH_MEASURE( 1.000000000000000082E-05 ), #5608, 'distance_accuracy_value', 'NONE');
#5716 = ADVANCED_FACE ( 'NONE', ( #3425 ), #1779, .T. ) ;
#5717 = EDGE_CURVE ( 'NONE', #4423, #5124, #3989, .T. ) ;
#5718 = DIRECTION ( 'NONE',  ( -1.000000000000000000, 0.0000000000000000000, 0.0000000000000000000 ) ) ;
#5719 = FILL_AREA_STYLE ('',( #3683 ) ) ;
#5720 = ORIENTED_EDGE ( 'NONE', *, *, #2207, .F. ) ;
#5721 = SURFACE_STYLE_USAGE ( .BOTH. , #6182 ) ;
#5722 = ORIENTED_EDGE ( 'NONE', *, *, #5646, .F. ) ;
#5723 = AXIS2_PLACEMENT_3D ( 'NONE', #4863, #3867, #3341 ) ;
#5724 =( NAMED_UNIT ( * ) SI_UNIT ( $, .STERADIAN. ) SOLID_ANGLE_UNIT ( ) );
#5725 = STYLED_ITEM ( 'NONE', ( #2294 ), #5333 ) ;
#5726 = DIRECTION ( 'NONE',  ( 0.0000000000000000000, -0.0000000000000000000, -1.000000000000000000 ) ) ;
#5727 = CARTESIAN_POINT ( 'NONE',  ( -0.9999999999999913403, 0.0000000000000000000, -0.4500000000000000111 ) ) ;
#5728 = ORIENTED_EDGE ( 'NONE', *, *, #4870, .F. ) ;
#5729 = DIRECTION ( 'NONE',  ( 0.0000000000000000000, 0.0000000000000000000, -1.000000000000000000 ) ) ;
#5730 = UNCERTAINTY_MEASURE_WITH_UNIT (LENGTH_MEASURE( 1.000000000000000082E-05 ), #4526, 'distance_accuracy_value', 'NONE');
#5731 = VECTOR ( 'NONE', #6063, 1000.000000000000000 ) ;
#5732 = VERTEX_POINT ( 'NONE', #4873 ) ;
#5733 = DIRECTION ( 'NONE',  ( 0.0000000000000000000, 0.0000000000000000000, -1.000000000000000000 ) ) ;
#5734 = DIRECTION ( 'NONE',  ( -0.0000000000000000000, 1.000000000000000000, 0.0000000000000000000 ) ) ;
#5735 = DIRECTION ( 'NONE',  ( -1.000000000000000000, 0.0000000000000000000, 0.0000000000000000000 ) ) ;
#5736 = VERTEX_POINT ( 'NONE', #2332 ) ;
#5737 = PRESENTATION_LAYER_ASSIGNMENT (  '', '', ( #5386 ) ) ;
#5738 = ORIENTED_EDGE ( 'NONE', *, *, #3855, .T. ) ;
#5739 = PRESENTATION_STYLE_ASSIGNMENT (( #884 ) ) ;
#5740 = EDGE_CURVE ( 'NONE', #4630, #2196, #1212, .T. ) ;
#5741 = DIRECTION ( 'NONE',  ( -1.000000000000000000, 0.0000000000000000000, 0.0000000000000000000 ) ) ;
#5742 = SURFACE_SIDE_STYLE ('',( #1534 ) ) ;
#5743 = PLANE ( 'NONE',  #3132 ) ;
#5744 = COLOUR_RGB ( '',0.6470588235294117974, 0.5176470588235293491, 0.0000000000000000000 ) ;
#5745 = DIRECTION ( 'NONE',  ( 0.0000000000000000000, -1.000000000000000000, 0.0000000000000000000 ) ) ;
#5746 = PRESENTATION_LAYER_ASSIGNMENT (  '', '', ( #4693 ) ) ;
#5747 = ADVANCED_FACE ( 'NONE', ( #6553 ), #3265, .F. ) ;
#5748 = EDGE_CURVE ( 'NONE', #4423, #4433, #2441, .T. ) ;
#5749 = VECTOR ( 'NONE', #3444, 1000.000000000000000 ) ;
#5751 = PRESENTATION_LAYER_ASSIGNMENT (  '', '', ( #2015 ) ) ;
#5750 = FILL_AREA_STYLE ('',( #2135 ) ) ;
#5752 = EDGE_LOOP ( 'NONE', ( #4437, #4926, #3886, #1562 ) ) ;
#5753 =( GEOMETRIC_REPRESENTATION_CONTEXT ( 3 ) GLOBAL_UNCERTAINTY_ASSIGNED_CONTEXT ( ( #5380 ) ) GLOBAL_UNIT_ASSIGNED_CONTEXT ( ( #1996, #455, #6167 ) ) REPRESENTATION_CONTEXT ( 'NONE', 'WORKASPACE' ) );
#5754 = PLANE ( 'NONE',  #4427 ) ;
#5755 = ORIENTED_EDGE ( 'NONE', *, *, #907, .T. ) ;
#5756 = CARTESIAN_POINT ( 'NONE',  ( -0.9999000000000002331, 0.2000000000000000944, -0.4500000000000000111 ) ) ;
#5757 = CARTESIAN_POINT ( 'NONE',  ( -0.7499999999999997780, -0.9499999999999999556, -0.08000000000000001554 ) ) ;
#5758 = EDGE_CURVE ( 'NONE', #2576, #4554, #2597, .T. ) ;
#5759 = SURFACE_STYLE_FILL_AREA ( #2834 ) ;
#5760 = CARTESIAN_POINT ( 'NONE',  ( -0.5999999999999846567, -0.4499999999999999001, -0.4500000000000000111 ) ) ;
#5761 = PRESENTATION_STYLE_ASSIGNMENT (( #5377 ) ) ;
#5762 = STYLED_ITEM ( 'NONE', ( #4937 ), #1906 ) ;
#5763 = AXIS2_PLACEMENT_3D ( 'NONE', #4076, #4049, #6186 ) ;
#5764 = LINE ( 'NONE', #3849, #6330 ) ;
#5765 =( LENGTH_UNIT ( ) NAMED_UNIT ( * ) SI_UNIT ( .MILLI., .METRE. ) );
#5766 = MECHANICAL_DESIGN_GEOMETRIC_PRESENTATION_REPRESENTATION (  '', ( #5813 ), #6535 ) ;
#5767 = CARTESIAN_POINT ( 'NONE',  ( 0.0000000000000000000, 0.2000000000000000944, -0.4500000000000000111 ) ) ;
#5768 = DIRECTION ( 'NONE',  ( 0.0000000000000000000, 0.0000000000000000000, -1.000000000000000000 ) ) ;
#5769 = COLOUR_RGB ( '',1.000000000000000000, 1.000000000000000000, 1.000000000000000000 ) ;
#5770 = UNCERTAINTY_MEASURE_WITH_UNIT (LENGTH_MEASURE( 1.000000000000000082E-05 ), #1820, 'distance_accuracy_value', 'NONE');
#5771 = CIRCLE ( 'NONE', #3085, 0.1999999999999999833 ) ;
#5772 = SURFACE_STYLE_USAGE ( .BOTH. , #5224 ) ;
#5773 =( LENGTH_UNIT ( ) NAMED_UNIT ( * ) SI_UNIT ( .MILLI., .METRE. ) );
#5774 = DIRECTION ( 'NONE',  ( 0.9977342784929575936, 0.06727785311777789712, 0.0000000000000000000 ) ) ;
#5775 = AXIS2_PLACEMENT_3D ( 'NONE', #3484, #1885, #359 ) ;
#5776 = PRESENTATION_STYLE_ASSIGNMENT (( #5338 ) ) ;
#5777 = CARTESIAN_POINT ( 'NONE',  ( 0.9999999999999844569, -0.6500000000000000222, -0.4199999999999999845 ) ) ;
#5778 = ORIENTED_EDGE ( 'NONE', *, *, #4404, .T. ) ;
#5779 = DIRECTION ( 'NONE',  ( 1.000000000000000000, -0.0000000000000000000, 0.0000000000000000000 ) ) ;
#5780 = CARTESIAN_POINT ( 'NONE',  ( -1.000000000000000222, 0.4200000000000000400, -0.4500000000000000111 ) ) ;
#5781 =( NAMED_UNIT ( * ) PLANE_ANGLE_UNIT ( ) SI_UNIT ( $, .RADIAN. ) );
#5782 = DIRECTION ( 'NONE',  ( 0.0000000000000000000, 0.0000000000000000000, -1.000000000000000000 ) ) ;
#5783 = VECTOR ( 'NONE', #2440, 1000.000000000000000 ) ;
#5784 = ADVANCED_FACE ( 'NONE', ( #1448 ), #193, .T. ) ;
#5785 = EDGE_LOOP ( 'NONE', ( #1358, #1914, #4188, #5889 ) ) ;
#5786 = CYLINDRICAL_SURFACE ( 'NONE', #1792, 0.2299999999999999545 ) ;
#5787 = VERTEX_POINT ( 'NONE', #6432 ) ;
#5788 = DIRECTION ( 'NONE',  ( -0.0000000000000000000, -1.000000000000000000, -0.0000000000000000000 ) ) ;
#5789 = PLANE ( 'NONE',  #3591 ) ;
#5790 = EDGE_CURVE ( 'NONE', #2475, #1892, #6161, .T. ) ;
#5791 = FILL_AREA_STYLE ('',( #1613 ) ) ;
#5792 = PRESENTATION_LAYER_ASSIGNMENT (  '', '', ( #1482 ) ) ;
#5793 = MECHANICAL_DESIGN_GEOMETRIC_PRESENTATION_REPRESENTATION (  '', ( #452 ), #873 ) ;
#5794 = LINE ( 'NONE', #4649, #198 ) ;
#5795 = FACE_OUTER_BOUND ( 'NONE', #6576, .T. ) ;
#5796 = COLOUR_RGB ( '',0.6470588235294117974, 0.5176470588235293491, 0.0000000000000000000 ) ;
#5797 = ORIENTED_EDGE ( 'NONE', *, *, #3870, .T. ) ;
#5798 = ORIENTED_EDGE ( 'NONE', *, *, #4327, .T. ) ;
#5799 = FILL_AREA_STYLE_COLOUR ( '', #6699 ) ;
#5800 = DIRECTION ( 'NONE',  ( -1.000000000000000000, -0.0000000000000000000, -0.0000000000000000000 ) ) ;
#5801 = EDGE_CURVE ( 'NONE', #386, #4891, #5430, .T. ) ;
#5802 = CARTESIAN_POINT ( 'NONE',  ( 0.9999000000000002331, -0.2299999999999999545, -0.4500000000000000111 ) ) ;
#5803 = PRESENTATION_STYLE_ASSIGNMENT (( #3583 ) ) ;
#5804 =( LENGTH_UNIT ( ) NAMED_UNIT ( * ) SI_UNIT ( .MILLI., .METRE. ) );
#5805 = PRESENTATION_LAYER_ASSIGNMENT (  '', '', ( #4301 ) ) ;
#5806 = VERTEX_POINT ( 'NONE', #1319 ) ;
#5807 = SURFACE_SIDE_STYLE ('',( #5659 ) ) ;
#5808 = ORIENTED_EDGE ( 'NONE', *, *, #4340, .T. ) ;
#5809 =( NAMED_UNIT ( * ) PLANE_ANGLE_UNIT ( ) SI_UNIT ( $, .RADIAN. ) );
#5810 = DIRECTION ( 'NONE',  ( -3.614007241618355673E-16, 1.000000000000000000, 0.0000000000000000000 ) ) ;
#5811 = LINE ( 'NONE', #3293, #6678 ) ;
#5812 = ORIENTED_EDGE ( 'NONE', *, *, #5698, .F. ) ;
#5813 = STYLED_ITEM ( 'NONE', ( #4258 ), #4459 ) ;
#5814 = ORIENTED_EDGE ( 'NONE', *, *, #4340, .F. ) ;
#5815 = UNCERTAINTY_MEASURE_WITH_UNIT (LENGTH_MEASURE( 1.000000000000000082E-05 ), #3830, 'distance_accuracy_value', 'NONE');
#5816 = ORIENTED_EDGE ( 'NONE', *, *, #1394, .T. ) ;
#5817 = FILL_AREA_STYLE ('',( #2767 ) ) ;
#5818 = CARTESIAN_POINT ( 'NONE',  ( -0.7499999999999997780, 0.0000000000000000000, 0.0000000000000000000 ) ) ;
#5819 = CARTESIAN_POINT ( 'NONE',  ( 0.0000000000000000000, 0.8500000000000000888, -0.04499999999999995670 ) ) ;
#5820 = ORIENTED_EDGE ( 'NONE', *, *, #6391, .T. ) ;
#5821 = AXIS2_PLACEMENT_3D ( 'NONE', #6120, #6189, #5582 ) ;
#5822 = ADVANCED_FACE ( 'NONE', ( #247 ), #859, .F. ) ;
#5823 = SURFACE_STYLE_FILL_AREA ( #4902 ) ;
#5824 = COLOUR_RGB ( '',0.6470588235294117974, 0.5176470588235293491, 0.0000000000000000000 ) ;
#5825 =( LENGTH_UNIT ( ) NAMED_UNIT ( * ) SI_UNIT ( .MILLI., .METRE. ) );
#5826 =( NAMED_UNIT ( * ) PLANE_ANGLE_UNIT ( ) SI_UNIT ( $, .RADIAN. ) );
#5827 = CARTESIAN_POINT ( 'NONE',  ( 0.9999999999999913403, 0.0000000000000000000, -0.07999999999999998779 ) ) ;
#5828 = DIRECTION ( 'NONE',  ( 0.0000000000000000000, 0.0000000000000000000, 1.000000000000000000 ) ) ;
#5829 = DIRECTION ( 'NONE',  ( 0.0000000000000000000, 0.0000000000000000000, -1.000000000000000000 ) ) ;
#5830 = COLOUR_RGB ( '',0.6470588235294117974, 0.5176470588235293491, 0.0000000000000000000 ) ;
#5831 = MECHANICAL_DESIGN_GEOMETRIC_PRESENTATION_REPRESENTATION (  '', ( #1751 ), #565 ) ;
#5832 = CARTESIAN_POINT ( 'NONE',  ( -1.000000000000000222, -1.000000000000000000, 0.4199999999999999845 ) ) ;
#5833 = SURFACE_STYLE_FILL_AREA ( #4576 ) ;
#5834 = EDGE_CURVE ( 'NONE', #4096, #5306, #3756, .T. ) ;
#5835 = DIRECTION ( 'NONE',  ( 0.0000000000000000000, 0.0000000000000000000, -1.000000000000000000 ) ) ;
#5836 = ORIENTED_EDGE ( 'NONE', *, *, #5390, .T. ) ;
#5837 = FACE_OUTER_BOUND ( 'NONE', #461, .T. ) ;
#5838 = LINE ( 'NONE', #4599, #2599 ) ;
#5839 = EDGE_CURVE ( 'NONE', #2600, #991, #2020, .T. ) ;
#5840 = LINE ( 'NONE', #1385, #645 ) ;
#5841 = SURFACE_STYLE_USAGE ( .BOTH. , #1686 ) ;
#5843 = MECHANICAL_DESIGN_GEOMETRIC_PRESENTATION_REPRESENTATION (  '', ( #2015 ), #2735 ) ;
#5842 = CARTESIAN_POINT ( 'NONE',  ( 1.000000000000000222, -0.2299999999999999545, -0.08000000000000004330 ) ) ;
#5844 =( GEOMETRIC_REPRESENTATION_CONTEXT ( 3 ) GLOBAL_UNCERTAINTY_ASSIGNED_CONTEXT ( ( #80 ) ) GLOBAL_UNIT_ASSIGNED_CONTEXT ( ( #5672, #23, #4230 ) ) REPRESENTATION_CONTEXT ( 'NONE', 'WORKASPACE' ) );
#5845 = FILL_AREA_STYLE_COLOUR ( '', #5004 ) ;
#5846 = DIRECTION ( 'NONE',  ( 0.0000000000000000000, -0.0000000000000000000, -1.000000000000000000 ) ) ;
#5847 =( NAMED_UNIT ( * ) PLANE_ANGLE_UNIT ( ) SI_UNIT ( $, .RADIAN. ) );
#5848 = FACE_OUTER_BOUND ( 'NONE', #1573, .T. ) ;
#5849 = SURFACE_SIDE_STYLE ('',( #650 ) ) ;
#5850 = EDGE_CURVE ( 'NONE', #2730, #1657, #3416, .T. ) ;
#5851 = DIRECTION ( 'NONE',  ( 1.000000000000000000, 0.0000000000000000000, 0.0000000000000000000 ) ) ;
#5852 = LINE ( 'NONE', #6680, #2782 ) ;
#5853 = SURFACE_STYLE_USAGE ( .BOTH. , #2219 ) ;
#5854 = SURFACE_STYLE_FILL_AREA ( #5063 ) ;
#5855 = DIRECTION ( 'NONE',  ( 0.0000000000000000000, 0.0000000000000000000, -1.000000000000000000 ) ) ;
#5856 = VECTOR ( 'NONE', #3963, 1000.000000000000000 ) ;
#5857 = STYLED_ITEM ( 'NONE', ( #2186 ), #3088 ) ;
#5858 = DIRECTION ( 'NONE',  ( 0.0000000000000000000, 0.0000000000000000000, 1.000000000000000000 ) ) ;
#5859 = LINE ( 'NONE', #1230, #2940 ) ;
#5860 = PRESENTATION_LAYER_ASSIGNMENT (  '', '', ( #5988 ) ) ;
#5861 =( NAMED_UNIT ( * ) PLANE_ANGLE_UNIT ( ) SI_UNIT ( $, .RADIAN. ) );
#5862 = VECTOR ( 'NONE', #3164, 1000.000000000000000 ) ;
#5863 = SURFACE_STYLE_FILL_AREA ( #629 ) ;
#5864 = CARTESIAN_POINT ( 'NONE',  ( 0.5999999999999913181, -0.1500000000000000222, -0.4500000000000000111 ) ) ;
#5865 =( NAMED_UNIT ( * ) SI_UNIT ( $, .STERADIAN. ) SOLID_ANGLE_UNIT ( ) );
#5866 = ORIENTED_EDGE ( 'NONE', *, *, #1695, .F. ) ;
#5867 =( NAMED_UNIT ( * ) PLANE_ANGLE_UNIT ( ) SI_UNIT ( $, .RADIAN. ) );
#5868 = FACE_OUTER_BOUND ( 'NONE', #2647, .T. ) ;
#5869 = SURFACE_STYLE_FILL_AREA ( #3829 ) ;
#5870 = PRESENTATION_LAYER_ASSIGNMENT (  '', '', ( #6541 ) ) ;
#5871 = SURFACE_STYLE_USAGE ( .BOTH. , #4755 ) ;
#5872 = ORIENTED_EDGE ( 'NONE', *, *, #4530, .F. ) ;
#5873 =( NAMED_UNIT ( * ) PLANE_ANGLE_UNIT ( ) SI_UNIT ( $, .RADIAN. ) );
#5874 = EDGE_CURVE ( 'NONE', #1149, #3446, #5994, .T. ) ;
#5875 = SURFACE_SIDE_STYLE ('',( #5456 ) ) ;
#5876 = PRESENTATION_STYLE_ASSIGNMENT (( #2753 ) ) ;
#5878 = FILL_AREA_STYLE_COLOUR ( '', #2555 ) ;
#5877 = COLOUR_RGB ( '',0.2000000000000000111, 0.2000000000000000111, 0.2000000000000000111 ) ;
#5879 = VERTEX_POINT ( 'NONE', #2421 ) ;
#5880 = ORIENTED_EDGE ( 'NONE', *, *, #6464, .T. ) ;
#5881 = ORIENTED_EDGE ( 'NONE', *, *, #2405, .F. ) ;
#5882 = VECTOR ( 'NONE', #3136, 1000.000000000000000 ) ;
#5883 = VECTOR ( 'NONE', #3558, 1000.000000000000000 ) ;
#5884 = DIRECTION ( 'NONE',  ( 0.0000000000000000000, 0.0000000000000000000, 1.000000000000000000 ) ) ;
#5885 = ORIENTED_EDGE ( 'NONE', *, *, #2060, .F. ) ;
#5886 = FILL_AREA_STYLE ('',( #4309 ) ) ;
#5887 = EDGE_CURVE ( 'NONE', #5045, #5339, #5657, .T. ) ;
#5888 =( GEOMETRIC_REPRESENTATION_CONTEXT ( 3 ) GLOBAL_UNCERTAINTY_ASSIGNED_CONTEXT ( ( #4887 ) ) GLOBAL_UNIT_ASSIGNED_CONTEXT ( ( #387, #6047, #408 ) ) REPRESENTATION_CONTEXT ( 'NONE', 'WORKASPACE' ) );
#5889 = ORIENTED_EDGE ( 'NONE', *, *, #1867, .T. ) ;
#5890 = PRESENTATION_LAYER_ASSIGNMENT (  '', '', ( #5175 ) ) ;
#5891 = CIRCLE ( 'NONE', #3937, 0.1999999999999999833 ) ;
#5892 = ADVANCED_FACE ( 'NONE', ( #5096 ), #1843, .T. ) ;
#5893 =( NAMED_UNIT ( * ) SI_UNIT ( $, .STERADIAN. ) SOLID_ANGLE_UNIT ( ) );
#5894 = DIRECTION ( 'NONE',  ( 0.0000000000000000000, 0.0000000000000000000, -1.000000000000000000 ) ) ;
#5895 = ORIENTED_EDGE ( 'NONE', *, *, #1574, .T. ) ;
#5896 = EDGE_CURVE ( 'NONE', #5682, #5339, #637, .T. ) ;
#5897 = CARTESIAN_POINT ( 'NONE',  ( -0.9999999999999981126, 0.6500000000000000222, 0.5356854249492378761 ) ) ;
#5898 = EDGE_LOOP ( 'NONE', ( #1346, #6675, #2764, #3633, #136 ) ) ;
#5899 = LINE ( 'NONE', #626, #6140 ) ;
#5900 = VERTEX_POINT ( 'NONE', #1860 ) ;
#5901 = DIRECTION ( 'NONE',  ( -0.0000000000000000000, -0.0000000000000000000, 1.000000000000000000 ) ) ;
#5902 = ORIENTED_EDGE ( 'NONE', *, *, #522, .F. ) ;
#5903 = DIRECTION ( 'NONE',  ( -0.0000000000000000000, -0.0000000000000000000, -1.000000000000000000 ) ) ;
#5904 = MECHANICAL_DESIGN_GEOMETRIC_PRESENTATION_REPRESENTATION (  '', ( #3007 ), #5190 ) ;
#5905 = AXIS2_PLACEMENT_3D ( 'NONE', #2914, #331, #3965 ) ;
#5906 = ORIENTED_EDGE ( 'NONE', *, *, #5790, .F. ) ;
#5907 = DIRECTION ( 'NONE',  ( -0.0000000000000000000, -0.0000000000000000000, 1.000000000000000000 ) ) ;
#5908 = VECTOR ( 'NONE', #5433, 1000.000000000000000 ) ;
#5909 =( NAMED_UNIT ( * ) SI_UNIT ( $, .STERADIAN. ) SOLID_ANGLE_UNIT ( ) );
#5910 = PRESENTATION_LAYER_ASSIGNMENT (  '', '', ( #349 ) ) ;
#5911 = SURFACE_SIDE_STYLE ('',( #4283 ) ) ;
#5912 = SURFACE_SIDE_STYLE ('',( #1708 ) ) ;
#5914 = FILL_AREA_STYLE_COLOUR ( '', #3402 ) ;
#5913 = COLOUR_RGB ( '',0.6470588235294117974, 0.5176470588235293491, 0.0000000000000000000 ) ;
#5915 = PRESENTATION_STYLE_ASSIGNMENT (( #3464 ) ) ;
#5916 = STYLED_ITEM ( 'NONE', ( #2193 ), #6586 ) ;
#5917 = EDGE_LOOP ( 'NONE', ( #3339, #5457, #6512 ) ) ;
#5918 =( NAMED_UNIT ( * ) PLANE_ANGLE_UNIT ( ) SI_UNIT ( $, .RADIAN. ) );
#5919 = EDGE_CURVE ( 'NONE', #3461, #2234, #4379, .T. ) ;
#5920 = DIRECTION ( 'NONE',  ( 0.0000000000000000000, 1.000000000000000000, 0.0000000000000000000 ) ) ;
#5921 = CARTESIAN_POINT ( 'NONE',  ( 0.9999000000000002331, 0.0000000000000000000, 0.0000000000000000000 ) ) ;
#5922 = COLOUR_RGB ( '',0.6470588235294117974, 0.5176470588235293491, 0.0000000000000000000 ) ;
#5923 = EDGE_CURVE ( 'NONE', #4403, #1565, #3015, .T. ) ;
#5924 = VECTOR ( 'NONE', #2054, 1000.000000000000000 ) ;
#5925 = DIRECTION ( 'NONE',  ( -1.000000000000000000, 0.0000000000000000000, -0.0000000000000000000 ) ) ;
#5926 = LINE ( 'NONE', #356, #5106 ) ;
#5928 = STYLED_ITEM ( 'NONE', ( #3194 ), #1222 ) ;
#5927 = SURFACE_STYLE_USAGE ( .BOTH. , #226 ) ;
#5929 =( LENGTH_UNIT ( ) NAMED_UNIT ( * ) SI_UNIT ( .MILLI., .METRE. ) );
#5930 = DIRECTION ( 'NONE',  ( -1.000000000000000000, 1.885568995626964730E-15, 0.0000000000000000000 ) ) ;
#5931 = VECTOR ( 'NONE', #4015, 1000.000000000000000 ) ;
#5932 = ORIENTED_EDGE ( 'NONE', *, *, #3891, .T. ) ;
#5933 = CARTESIAN_POINT ( 'NONE',  ( -3.217533512336763874E-16, -0.8499999999999997558, -0.04499999999999995670 ) ) ;
#5934 = CARTESIAN_POINT ( 'NONE',  ( 0.9997999999999999110, 0.9998000000000001330, -0.08000000000000020983 ) ) ;
#5935 = DIRECTION ( 'NONE',  ( -0.0000000000000000000, 1.000000000000000000, 0.0000000000000000000 ) ) ;
#5936 = MECHANICAL_DESIGN_GEOMETRIC_PRESENTATION_REPRESENTATION (  '', ( #5459 ), #3047 ) ;
#5937 = EDGE_CURVE ( 'NONE', #3446, #3957, #5424, .T. ) ;
#5938 = PRESENTATION_STYLE_ASSIGNMENT (( #3273 ) ) ;
#5939 = CARTESIAN_POINT ( 'NONE',  ( 0.9999999999999913403, 0.0000000000000000000, -0.04499999999999995670 ) ) ;
#5940 = LINE ( 'NONE', #5499, #6014 ) ;
#5941 = UNCERTAINTY_MEASURE_WITH_UNIT (LENGTH_MEASURE( 1.000000000000000082E-05 ), #433, 'distance_accuracy_value', 'NONE');
#5942 = DIRECTION ( 'NONE',  ( -1.000000000000000000, 0.0000000000000000000, 0.0000000000000000000 ) ) ;
#5943 = VERTEX_POINT ( 'NONE', #4407 ) ;
#5944 = VECTOR ( 'NONE', #3181, 1000.000000000000000 ) ;
#5945 =( LENGTH_UNIT ( ) NAMED_UNIT ( * ) SI_UNIT ( .MILLI., .METRE. ) );
#5946 = MECHANICAL_DESIGN_GEOMETRIC_PRESENTATION_REPRESENTATION (  '', ( #2571 ), #2133 ) ;
#5948 = FACE_OUTER_BOUND ( 'NONE', #3061, .T. ) ;
#5947 = DIRECTION ( 'NONE',  ( 0.0000000000000000000, -0.0000000000000000000, -1.000000000000000000 ) ) ;
#5949 = ORIENTED_EDGE ( 'NONE', *, *, #4487, .T. ) ;
#5950 = VECTOR ( 'NONE', #5903, 1000.000000000000000 ) ;
#5951 = VECTOR ( 'NONE', #2486, 1000.000000000000000 ) ;
#5952 = ORIENTED_EDGE ( 'NONE', *, *, #4288, .F. ) ;
#5953 = ORIENTED_EDGE ( 'NONE', *, *, #5717, .T. ) ;
#5954 = PRESENTATION_STYLE_ASSIGNMENT (( #2390 ) ) ;
#5955 = CARTESIAN_POINT ( 'NONE',  ( 0.9999999999999981126, 0.6500000000000000222, -0.04499999999999995670 ) ) ;
#5956 = SURFACE_STYLE_USAGE ( .BOTH. , #5409 ) ;
#5957 = AXIS2_PLACEMENT_3D ( 'NONE', #4447, #3967, #6037 ) ;
#5958 = VERTEX_POINT ( 'NONE', #1384 ) ;
#5959 = DIRECTION ( 'NONE',  ( -0.0000000000000000000, -0.0000000000000000000, 1.000000000000000000 ) ) ;
#5960 = DIRECTION ( 'NONE',  ( -0.0000000000000000000, -0.0000000000000000000, 1.000000000000000000 ) ) ;
#5961 = EDGE_LOOP ( 'NONE', ( #1950, #5565, #3384, #6351, #1761 ) ) ;
#5962 = EDGE_CURVE ( 'NONE', #3238, #4831, #4600, .T. ) ;
#5963 = SURFACE_STYLE_USAGE ( .BOTH. , #274 ) ;
#5964 = DIRECTION ( 'NONE',  ( 0.0000000000000000000, 0.0000000000000000000, -1.000000000000000000 ) ) ;
#5965 = ORIENTED_EDGE ( 'NONE', *, *, #1762, .F. ) ;
#5966 = STYLED_ITEM ( 'NONE', ( #3852 ), #153 ) ;
#5967 = SURFACE_SIDE_STYLE ('',( #2316 ) ) ;
#5968 =( NAMED_UNIT ( * ) PLANE_ANGLE_UNIT ( ) SI_UNIT ( $, .RADIAN. ) );
#5969 = STYLED_ITEM ( 'NONE', ( #5620 ), #947 ) ;
#5970 =( GEOMETRIC_REPRESENTATION_CONTEXT ( 3 ) GLOBAL_UNCERTAINTY_ASSIGNED_CONTEXT ( ( #4996 ) ) GLOBAL_UNIT_ASSIGNED_CONTEXT ( ( #878, #1090, #3105 ) ) REPRESENTATION_CONTEXT ( 'NONE', 'WORKASPACE' ) );
#5971 = EDGE_LOOP ( 'NONE', ( #2489, #4051, #6148 ) ) ;
#5972 = ORIENTED_EDGE ( 'NONE', *, *, #3196, .T. ) ;
#5973 = LINE ( 'NONE', #6276, #1757 ) ;
#5974 = VERTEX_POINT ( 'NONE', #436 ) ;
#5975 = DIRECTION ( 'NONE',  ( 3.614007241618355673E-16, -1.000000000000000000, 0.0000000000000000000 ) ) ;
#5976 = EDGE_CURVE ( 'NONE', #1566, #6318, #4062, .T. ) ;
#5977 = DIRECTION ( 'NONE',  ( -1.000000000000000000, 0.0000000000000000000, 0.0000000000000000000 ) ) ;
#5978 = ORIENTED_EDGE ( 'NONE', *, *, #1617, .F. ) ;
#5979 = UNCERTAINTY_MEASURE_WITH_UNIT (LENGTH_MEASURE( 1.000000000000000082E-05 ), #6085, 'distance_accuracy_value', 'NONE');
#5980 = ORIENTED_EDGE ( 'NONE', *, *, #6267, .F. ) ;
#5981 = SURFACE_STYLE_USAGE ( .BOTH. , #1849 ) ;
#5982 = MECHANICAL_DESIGN_GEOMETRIC_PRESENTATION_REPRESENTATION (  '', ( #5762 ), #4583 ) ;
#5983 = DIRECTION ( 'NONE',  ( 1.000000000000000000, 0.0000000000000000000, 0.0000000000000000000 ) ) ;
#5984 = CARTESIAN_POINT ( 'NONE',  ( 0.9999000000000002331, -0.8499999999999999778, -0.04499999999999995670 ) ) ;
#5985 = FILL_AREA_STYLE ('',( #6463 ) ) ;
#5986 = MECHANICAL_DESIGN_GEOMETRIC_PRESENTATION_REPRESENTATION (  '', ( #29 ), #3222 ) ;
#5987 = ORIENTED_EDGE ( 'NONE', *, *, #1064, .F. ) ;
#5988 = STYLED_ITEM ( 'NONE', ( #3539 ), #4790 ) ;
#5989 = PLANE ( 'NONE',  #5102 ) ;
#5990 = SURFACE_STYLE_USAGE ( .BOTH. , #1875 ) ;
#5991 = CIRCLE ( 'NONE', #6111, 0.2299999999999999545 ) ;
#5992 = PRESENTATION_LAYER_ASSIGNMENT (  '', '', ( #3018 ) ) ;
#5993 =( NAMED_UNIT ( * ) PLANE_ANGLE_UNIT ( ) SI_UNIT ( $, .RADIAN. ) );
#5994 = CIRCLE ( 'NONE', #5591, 0.05000000000000002359 ) ;
#5995 = DIRECTION ( 'NONE',  ( -0.0000000000000000000, -0.0000000000000000000, 1.000000000000000000 ) ) ;
#5996 = CARTESIAN_POINT ( 'NONE',  ( 0.7499999999999997780, 0.9499999999999999556, -0.03000000000000002318 ) ) ;
#5997 =( NAMED_UNIT ( * ) PLANE_ANGLE_UNIT ( ) SI_UNIT ( $, .RADIAN. ) );
#5998 = LINE ( 'NONE', #310, #253 ) ;
#5999 =( NAMED_UNIT ( * ) SI_UNIT ( $, .STERADIAN. ) SOLID_ANGLE_UNIT ( ) );
#6000 = FILL_AREA_STYLE ('',( #584 ) ) ;
#6001 = FILL_AREA_STYLE ('',( #344 ) ) ;
#6002 = CARTESIAN_POINT ( 'NONE',  ( -0.9999999999999981126, 0.6500000000000000222, -0.04499999999999995670 ) ) ;
#6003 = EDGE_CURVE ( 'NONE', #3081, #4971, #3329, .T. ) ;
#6004 = SURFACE_STYLE_FILL_AREA ( #3828 ) ;
#6005 = CARTESIAN_POINT ( 'NONE',  ( -0.9999000000000002331, -0.2000000000000000111, -0.04499999999999995670 ) ) ;
#6006 = FACE_OUTER_BOUND ( 'NONE', #1555, .T. ) ;
#6007 = PRESENTATION_LAYER_ASSIGNMENT (  '', '', ( #6467 ) ) ;
#6008 = PRESENTATION_LAYER_ASSIGNMENT (  '', '', ( #452 ) ) ;
#6009 = SURFACE_STYLE_USAGE ( .BOTH. , #4936 ) ;
#6010 = DIRECTION ( 'NONE',  ( 0.0000000000000000000, -1.000000000000000000, -0.0000000000000000000 ) ) ;
#6011 = LINE ( 'NONE', #4955, #5856 ) ;
#6012 = EDGE_CURVE ( 'NONE', #6517, #3396, #2353, .T. ) ;
#6013 = UNCERTAINTY_MEASURE_WITH_UNIT (LENGTH_MEASURE( 1.000000000000000082E-05 ), #3392, 'distance_accuracy_value', 'NONE');
#6014 = VECTOR ( 'NONE', #1267, 1000.000000000000000 ) ;
#6015 =( GEOMETRIC_REPRESENTATION_CONTEXT ( 3 ) GLOBAL_UNCERTAINTY_ASSIGNED_CONTEXT ( ( #2208 ) ) GLOBAL_UNIT_ASSIGNED_CONTEXT ( ( #4745, #4534, #1978 ) ) REPRESENTATION_CONTEXT ( 'NONE', 'WORKASPACE' ) );
#6016 = CARTESIAN_POINT ( 'NONE',  ( -0.5999999999999846567, -0.4499999999999999001, -0.04499999999999995670 ) ) ;
#6017 = DIRECTION ( 'NONE',  ( 0.0000000000000000000, 0.0000000000000000000, -1.000000000000000000 ) ) ;
#6018 = LINE ( 'NONE', #3165, #2623 ) ;
#6019 = DIRECTION ( 'NONE',  ( 0.0000000000000000000, 1.000000000000000000, 0.0000000000000000000 ) ) ;
#6020 = COLOUR_RGB ( '',0.6470588235294117974, 0.5176470588235293491, 0.0000000000000000000 ) ;
#6021 = UNCERTAINTY_MEASURE_WITH_UNIT (LENGTH_MEASURE( 1.000000000000000082E-05 ), #2025, 'distance_accuracy_value', 'NONE');
#6022 = STYLED_ITEM ( 'NONE', ( #3379 ), #4238 ) ;
#6023 = ADVANCED_FACE ( 'NONE', ( #2685 ), #5573, .F. ) ;
#6024 = DIRECTION ( 'NONE',  ( -1.000000000000000000, 0.0000000000000000000, 0.0000000000000000000 ) ) ;
#6025 = FILL_AREA_STYLE_COLOUR ( '', #3419 ) ;
#6026 = DIRECTION ( 'NONE',  ( 0.0000000000000000000, 0.0000000000000000000, -1.000000000000000000 ) ) ;
#6027 = VECTOR ( 'NONE', #6558, 1000.000000000000000 ) ;
#6028 = VERTEX_POINT ( 'NONE', #920 ) ;
#6029 = CIRCLE ( 'NONE', #2869, 0.2299999999999999545 ) ;
#6030 = EDGE_LOOP ( 'NONE', ( #150, #2900, #776, #2142 ) ) ;
#6031 = CARTESIAN_POINT ( 'NONE',  ( 0.5499999999999842792, -0.5000000000000002220, -0.04499999999999995670 ) ) ;
#6032 = SURFACE_STYLE_FILL_AREA ( #6001 ) ;
#6033 = DIRECTION ( 'NONE',  ( 0.0000000000000000000, 1.000000000000000000, 0.0000000000000000000 ) ) ;
#6034 = VERTEX_POINT ( 'NONE', #1948 ) ;
#6035 = ORIENTED_EDGE ( 'NONE', *, *, #4579, .T. ) ;
#6036 = PRESENTATION_LAYER_ASSIGNMENT (  '', '', ( #5725 ) ) ;
#6037 = DIRECTION ( 'NONE',  ( -1.000000000000000000, 0.0000000000000000000, 0.0000000000000000000 ) ) ;
#6038 = ORIENTED_EDGE ( 'NONE', *, *, #3653, .T. ) ;
#6039 = COLOUR_RGB ( '',0.6470588235294117974, 0.5176470588235293491, 0.0000000000000000000 ) ;
#6040 = VECTOR ( 'NONE', #5920, 1000.000000000000000 ) ;
#6041 = VERTEX_POINT ( 'NONE', #5589 ) ;
#6042 = DIRECTION ( 'NONE',  ( -1.000000000000000000, 0.0000000000000000000, 0.0000000000000000000 ) ) ;
#6043 = CARTESIAN_POINT ( 'NONE',  ( -0.9999000000000002331, -0.2299999999999999545, -0.4500000000000000111 ) ) ;
#6044 = ORIENTED_EDGE ( 'NONE', *, *, #6614, .T. ) ;
#6045 = SURFACE_STYLE_USAGE ( .BOTH. , #797 ) ;
#6046 = AXIS2_PLACEMENT_3D ( 'NONE', #5864, #3292, #122 ) ;
#6047 =( NAMED_UNIT ( * ) PLANE_ANGLE_UNIT ( ) SI_UNIT ( $, .RADIAN. ) );
#6048 = UNCERTAINTY_MEASURE_WITH_UNIT (LENGTH_MEASURE( 1.000000000000000082E-05 ), #595, 'distance_accuracy_value', 'NONE');
#6049 = EDGE_CURVE ( 'NONE', #6589, #4661, #6239, .T. ) ;
#6050 = ORIENTED_EDGE ( 'NONE', *, *, #2892, .T. ) ;
#6051 = CARTESIAN_POINT ( 'NONE',  ( 0.5499999999999980460, 0.5000000000000003331, -0.4500000000000000111 ) ) ;
#6052 = PLANE ( 'NONE',  #3566 ) ;
#6053 =( NAMED_UNIT ( * ) SI_UNIT ( $, .STERADIAN. ) SOLID_ANGLE_UNIT ( ) );
#6054 = CARTESIAN_POINT ( 'NONE',  ( 1.000000000000006883, -0.6500000000000000222, -0.08000000000000020983 ) ) ;
#6055 = VERTEX_POINT ( 'NONE', #945 ) ;
#6056 = ORIENTED_EDGE ( 'NONE', *, *, #4530, .T. ) ;
#6057 = EDGE_CURVE ( 'NONE', #4760, #1972, #5576, .T. ) ;
#6058 = FILL_AREA_STYLE_COLOUR ( '', #1078 ) ;
#6059 =( LENGTH_UNIT ( ) NAMED_UNIT ( * ) SI_UNIT ( .MILLI., .METRE. ) );
#6060 = DIRECTION ( 'NONE',  ( -0.0000000000000000000, -0.0000000000000000000, 1.000000000000000000 ) ) ;
#6061 = AXIS2_PLACEMENT_3D ( 'NONE', #5104, #1502, #5077 ) ;
#6062 = UNCERTAINTY_MEASURE_WITH_UNIT (LENGTH_MEASURE( 1.000000000000000082E-05 ), #1716, 'distance_accuracy_value', 'NONE');
#6063 = DIRECTION ( 'NONE',  ( 0.0000000000000000000, 0.0000000000000000000, -1.000000000000000000 ) ) ;
#6064 = EDGE_CURVE ( 'NONE', #5124, #2246, #5089, .T. ) ;
#6065 = CARTESIAN_POINT ( 'NONE',  ( 0.9998000000000003551, 0.8799999999999998934, -0.08000000000000020983 ) ) ;
#6066 = SURFACE_SIDE_STYLE ('',( #520 ) ) ;
#6067 = SURFACE_STYLE_USAGE ( .BOTH. , #4921 ) ;
#6068 = CIRCLE ( 'NONE', #4438, 0.2299999999999999545 ) ;
#6069 =( NAMED_UNIT ( * ) PLANE_ANGLE_UNIT ( ) SI_UNIT ( $, .RADIAN. ) );
#6070 =( NAMED_UNIT ( * ) PLANE_ANGLE_UNIT ( ) SI_UNIT ( $, .RADIAN. ) );
#6071 =( GEOMETRIC_REPRESENTATION_CONTEXT ( 3 ) GLOBAL_UNCERTAINTY_ASSIGNED_CONTEXT ( ( #6105 ) ) GLOBAL_UNIT_ASSIGNED_CONTEXT ( ( #4207, #6252, #2666 ) ) REPRESENTATION_CONTEXT ( 'NONE', 'WORKASPACE' ) );
#6072 = DIRECTION ( 'NONE',  ( 0.0000000000000000000, 0.0000000000000000000, -1.000000000000000000 ) ) ;
#6073 = MECHANICAL_DESIGN_GEOMETRIC_PRESENTATION_REPRESENTATION (  '', ( #5988 ), #5470 ) ;
#6074 = ORIENTED_EDGE ( 'NONE', *, *, #702, .F. ) ;
#6075 = FILL_AREA_STYLE_COLOUR ( '', #5913 ) ;
#6076 = VECTOR ( 'NONE', #94, 1000.000000000000000 ) ;
#6077 = AXIS2_PLACEMENT_3D ( 'NONE', #3511, #450, #1481 ) ;
#6078 = ORIENTED_EDGE ( 'NONE', *, *, #5307, .F. ) ;
#6079 = FACE_OUTER_BOUND ( 'NONE', #229, .T. ) ;
#6080 = CARTESIAN_POINT ( 'NONE',  ( 0.9999999999999981126, 0.6500000000000000222, -0.07999999999999998779 ) ) ;
#6081 = CARTESIAN_POINT ( 'NONE',  ( -0.9999000000000002331, 0.2299999999999999545, -0.04499999999999995670 ) ) ;
#6082 = EDGE_CURVE ( 'NONE', #4516, #1596, #6620, .T. ) ;
#6083 = PLANE ( 'NONE',  #1926 ) ;
#6084 = ADVANCED_FACE ( 'NONE', ( #3503 ), #1371, .T. ) ;
#6085 =( LENGTH_UNIT ( ) NAMED_UNIT ( * ) SI_UNIT ( .MILLI., .METRE. ) );
#6086 = MECHANICAL_DESIGN_GEOMETRIC_PRESENTATION_REPRESENTATION (  '', ( #5030 ), #72 ) ;
#6087 = VECTOR ( 'NONE', #3994, 1000.000000000000000 ) ;
#6088 = CARTESIAN_POINT ( 'NONE',  ( 0.9999000000000002331, 0.2299999999999999545, -0.4500000000000000111 ) ) ;
#6089 = EDGE_CURVE ( 'NONE', #1487, #2504, #3588, .T. ) ;
#6090 =( NAMED_UNIT ( * ) PLANE_ANGLE_UNIT ( ) SI_UNIT ( $, .RADIAN. ) );
#6091 = PRESENTATION_LAYER_ASSIGNMENT (  '', '', ( #3294 ) ) ;
#6092 = STYLED_ITEM ( 'NONE', ( #3770 ), #2264 ) ;
#6093 = UNCERTAINTY_MEASURE_WITH_UNIT (LENGTH_MEASURE( 1.000000000000000082E-05 ), #2798, 'distance_accuracy_value', 'NONE');
#6094 = CIRCLE ( 'NONE', #5309, 0.2299999999999999545 ) ;
#6095 =( NAMED_UNIT ( * ) PLANE_ANGLE_UNIT ( ) SI_UNIT ( $, .RADIAN. ) );
#6097 = COLOUR_RGB ( '',0.6470588235294117974, 0.5176470588235293491, 0.0000000000000000000 ) ;
#6096 = DIRECTION ( 'NONE',  ( 0.0000000000000000000, -0.0000000000000000000, -1.000000000000000000 ) ) ;
#6098 = CARTESIAN_POINT ( 'NONE',  ( -0.9998000000000003551, -0.8799999999999998934, 2.137469317664817847 ) ) ;
#6099 = ORIENTED_EDGE ( 'NONE', *, *, #698, .F. ) ;
#6100 = EDGE_CURVE ( 'NONE', #4177, #1740, #3594, .T. ) ;
#6101 = CIRCLE ( 'NONE', #2937, 0.2299999999999999545 ) ;
#6102 = ORIENTED_EDGE ( 'NONE', *, *, #1659, .F. ) ;
#6103 = PRESENTATION_STYLE_ASSIGNMENT (( #915 ) ) ;
#6104 = SURFACE_SIDE_STYLE ('',( #5516 ) ) ;
#6105 = UNCERTAINTY_MEASURE_WITH_UNIT (LENGTH_MEASURE( 1.000000000000000082E-05 ), #4207, 'distance_accuracy_value', 'NONE');
#6107 = PRESENTATION_LAYER_ASSIGNMENT (  '', '', ( #5762 ) ) ;
#6106 =( LENGTH_UNIT ( ) NAMED_UNIT ( * ) SI_UNIT ( .MILLI., .METRE. ) );
#6108 = SURFACE_SIDE_STYLE ('',( #3842 ) ) ;
#6109 = FILL_AREA_STYLE_COLOUR ( '', #1295 ) ;
#6110 = SURFACE_STYLE_FILL_AREA ( #5791 ) ;
#6111 = AXIS2_PLACEMENT_3D ( 'NONE', #5827, #1175, #4795 ) ;
#6112 = FACE_OUTER_BOUND ( 'NONE', #1020, .T. ) ;
#6113 = ORIENTED_EDGE ( 'NONE', *, *, #448, .T. ) ;
#6114 =( NAMED_UNIT ( * ) PLANE_ANGLE_UNIT ( ) SI_UNIT ( $, .RADIAN. ) );
#6115 = AXIS2_PLACEMENT_3D ( 'NONE', #4729, #5782, #5680 ) ;
#6116 = COLOUR_RGB ( '',0.6470588235294117974, 0.5176470588235293491, 0.0000000000000000000 ) ;
#6117 = ORIENTED_EDGE ( 'NONE', *, *, #6507, .T. ) ;
#6118 = FILL_AREA_STYLE ('',( #4048 ) ) ;
#6119 = ORIENTED_EDGE ( 'NONE', *, *, #6321, .T. ) ;
#6120 = CARTESIAN_POINT ( 'NONE',  ( -0.5999999999999912070, 0.1500000000000000777, -0.4500000000000000111 ) ) ;
#6121 = ORIENTED_EDGE ( 'NONE', *, *, #5575, .T. ) ;
#6122 = ORIENTED_EDGE ( 'NONE', *, *, #2897, .F. ) ;
#6123 = DIRECTION ( 'NONE',  ( -1.000000000000000000, 0.0000000000000000000, 0.0000000000000000000 ) ) ;
#6124 = PLANE ( 'NONE',  #304 ) ;
#6125 = LINE ( 'NONE', #4474, #1260 ) ;
#6126 =( GEOMETRIC_REPRESENTATION_CONTEXT ( 3 ) GLOBAL_UNCERTAINTY_ASSIGNED_CONTEXT ( ( #2257 ) ) GLOBAL_UNIT_ASSIGNED_CONTEXT ( ( #6593, #4538, #1434 ) ) REPRESENTATION_CONTEXT ( 'NONE', 'WORKASPACE' ) );
#6127 = DIRECTION ( 'NONE',  ( 0.0000000000000000000, 0.0000000000000000000, -1.000000000000000000 ) ) ;
#6128 = FACE_OUTER_BOUND ( 'NONE', #2819, .T. ) ;
#6129 = ADVANCED_FACE ( 'NONE', ( #6163 ), #2204, .T. ) ;
#6130 = FILL_AREA_STYLE_COLOUR ( '', #5683 ) ;
#6131 = ORIENTED_EDGE ( 'NONE', *, *, #6407, .F. ) ;
#6132 = CARTESIAN_POINT ( 'NONE',  ( -0.5499999999999979350, 0.7700000000000000178, -0.4500000000000000111 ) ) ;
#6133 =( NAMED_UNIT ( * ) PLANE_ANGLE_UNIT ( ) SI_UNIT ( $, .RADIAN. ) );
#6134 = DIRECTION ( 'NONE',  ( 0.0000000000000000000, 1.000000000000000000, 0.0000000000000000000 ) ) ;
#6135 = DIRECTION ( 'NONE',  ( -1.000000000000000000, 0.0000000000000000000, 0.0000000000000000000 ) ) ;
#6136 = EDGE_LOOP ( 'NONE', ( #4456, #659, #1426, #5797 ) ) ;
#6137 = PRODUCT_DEFINITION_FORMATION_WITH_SPECIFIED_SOURCE ( 'ANY', '', #3356, .NOT_KNOWN. ) ;
#6138 = VERTEX_POINT ( 'NONE', #2437 ) ;
#6139 = PLANE ( 'NONE',  #3423 ) ;
#6140 = VECTOR ( 'NONE', #1643, 1000.000000000000000 ) ;
#6141 = ORIENTED_EDGE ( 'NONE', *, *, #6057, .F. ) ;
#6142 = EDGE_CURVE ( 'NONE', #1277, #6503, #3904, .T. ) ;
#6143 = DIRECTION ( 'NONE',  ( -1.000000000000000000, 0.0000000000000000000, 0.0000000000000000000 ) ) ;
#6144 = STYLED_ITEM ( 'NONE', ( #379 ), #3600 ) ;
#6145 = CARTESIAN_POINT ( 'NONE',  ( -0.9999000000000002331, 0.2299999999999999545, -0.4500000000000000111 ) ) ;
#6146 = ORIENTED_EDGE ( 'NONE', *, *, #2333, .F. ) ;
#6147 = EDGE_CURVE ( 'NONE', #1529, #5483, #4236, .T. ) ;
#6148 = ORIENTED_EDGE ( 'NONE', *, *, #5307, .T. ) ;
#6149 = UNCERTAINTY_MEASURE_WITH_UNIT (LENGTH_MEASURE( 1.000000000000000082E-05 ), #1569, 'distance_accuracy_value', 'NONE');
#6150 = MECHANICAL_DESIGN_GEOMETRIC_PRESENTATION_REPRESENTATION (  '', ( #4413 ), #4756 ) ;
#6151 = LINE ( 'NONE', #4183, #4140 ) ;
#6152 = DIRECTION ( 'NONE',  ( 0.0000000000000000000, -1.000000000000000000, 0.0000000000000000000 ) ) ;
#6153 = DIRECTION ( 'NONE',  ( 0.0000000000000000000, 0.0000000000000000000, 1.000000000000000000 ) ) ;
#6154 = STYLED_ITEM ( 'NONE', ( #438 ), #3968 ) ;
#6155 = DIRECTION ( 'NONE',  ( -1.000000000000000000, 0.0000000000000000000, 0.0000000000000000000 ) ) ;
#6156 = LINE ( 'NONE', #390, #2517 ) ;
#6157 = PLANE ( 'NONE',  #6374 ) ;
#6158 =( NAMED_UNIT ( * ) SI_UNIT ( $, .STERADIAN. ) SOLID_ANGLE_UNIT ( ) );
#6159 = ADVANCED_FACE ( 'NONE', ( #3758 ), #3020, .T. ) ;
#6160 = CARTESIAN_POINT ( 'NONE',  ( -0.9999000000000002331, -0.4200000000000000400, -0.4500000000000000111 ) ) ;
#6161 = CIRCLE ( 'NONE', #4390, 0.2299999999999999545 ) ;
#6162 = VERTEX_POINT ( 'NONE', #2344 ) ;
#6163 = FACE_OUTER_BOUND ( 'NONE', #2001, .T. ) ;
#6164 = VECTOR ( 'NONE', #2104, 1000.000000000000000 ) ;
#6165 = DIRECTION ( 'NONE',  ( -0.0000000000000000000, -0.0000000000000000000, -1.000000000000000000 ) ) ;
#6166 = VERTEX_POINT ( 'NONE', #5984 ) ;
#6167 =( NAMED_UNIT ( * ) SI_UNIT ( $, .STERADIAN. ) SOLID_ANGLE_UNIT ( ) );
#6168 =( GEOMETRIC_REPRESENTATION_CONTEXT ( 3 ) GLOBAL_UNCERTAINTY_ASSIGNED_CONTEXT ( ( #1743 ) ) GLOBAL_UNIT_ASSIGNED_CONTEXT ( ( #4750, #5251, #1600 ) ) REPRESENTATION_CONTEXT ( 'NONE', 'WORKASPACE' ) );
#6169 = FACE_OUTER_BOUND ( 'NONE', #4488, .T. ) ;
#6170 = SURFACE_STYLE_FILL_AREA ( #2247 ) ;
#6171 = COLOUR_RGB ( '',0.2000000000000000111, 0.2000000000000000111, 0.2000000000000000111 ) ;
#6172 = STYLED_ITEM ( 'NONE', ( #1605 ), #6416 ) ;
#6173 = VECTOR ( 'NONE', #5076, 1000.000000000000000 ) ;
#6174 = SURFACE_SIDE_STYLE ('',( #5590 ) ) ;
#6175 = FILL_AREA_STYLE_COLOUR ( '', #2137 ) ;
#6176 = VERTEX_POINT ( 'NONE', #2887 ) ;
#6177 = LINE ( 'NONE', #3632, #4470 ) ;
#6178 = FILL_AREA_STYLE_COLOUR ( '', #5711 ) ;
#6179 = CARTESIAN_POINT ( 'NONE',  ( -0.9999999999999997780, 0.9499999999999999556, -0.03000000000000002318 ) ) ;
#6180 = EDGE_CURVE ( 'NONE', #4554, #1277, #249, .T. ) ;
#6181 = FACE_OUTER_BOUND ( 'NONE', #6030, .T. ) ;
#6182 = SURFACE_SIDE_STYLE ('',( #1151 ) ) ;
#6183 = EDGE_LOOP ( 'NONE', ( #2884, #1907, #5310, #3931 ) ) ;
#6184 = SURFACE_STYLE_FILL_AREA ( #418 ) ;
#6185 = CARTESIAN_POINT ( 'NONE',  ( -0.9998000000000003551, -0.9998000000000001330, -0.08000000000000020983 ) ) ;
#6186 = DIRECTION ( 'NONE',  ( -1.000000000000000000, 0.0000000000000000000, 0.0000000000000000000 ) ) ;
#6187 = AXIS2_PLACEMENT_3D ( 'NONE', #2116, #3589, #6669 ) ;
#6188 = UNCERTAINTY_MEASURE_WITH_UNIT (LENGTH_MEASURE( 1.000000000000000082E-05 ), #1585, 'distance_accuracy_value', 'NONE');
#6189 = DIRECTION ( 'NONE',  ( -0.0000000000000000000, -0.0000000000000000000, 1.000000000000000000 ) ) ;
#6190 = VECTOR ( 'NONE', #3043, 1000.000000000000000 ) ;
#6191 = VERTEX_POINT ( 'NONE', #6051 ) ;
#6192 = MECHANICAL_DESIGN_GEOMETRIC_PRESENTATION_REPRESENTATION (  '', ( #1102 ), #4368 ) ;
#6193 = DIRECTION ( 'NONE',  ( -1.000000000000000000, 0.0000000000000000000, 0.0000000000000000000 ) ) ;
#6194 = LINE ( 'NONE', #4574, #2388 ) ;
#6195 = ORIENTED_EDGE ( 'NONE', *, *, #955, .F. ) ;
#6196 = LINE ( 'NONE', #2014, #5292 ) ;
#6197 = ADVANCED_FACE ( 'NONE', ( #2522 ), #2927, .T. ) ;
#6198 = ORIENTED_EDGE ( 'NONE', *, *, #4244, .F. ) ;
#6199 = EDGE_CURVE ( 'NONE', #3232, #5402, #2922, .T. ) ;
#6200 = LINE ( 'NONE', #3587, #911 ) ;
#6201 = EDGE_LOOP ( 'NONE', ( #2065, #6494, #190, #3124 ) ) ;
#6202 = VERTEX_POINT ( 'NONE', #4925 ) ;
#6203 = DIRECTION ( 'NONE',  ( -1.000000000000000000, 0.0000000000000000000, 0.0000000000000000000 ) ) ;
#6204 = CARTESIAN_POINT ( 'NONE',  ( 0.8864218330839790383, -0.8499999999999999778, -0.08000000000000020983 ) ) ;
#6205 =( GEOMETRIC_REPRESENTATION_CONTEXT ( 3 ) GLOBAL_UNCERTAINTY_ASSIGNED_CONTEXT ( ( #217 ) ) GLOBAL_UNIT_ASSIGNED_CONTEXT ( ( #2432, #1953, #6596 ) ) REPRESENTATION_CONTEXT ( 'NONE', 'WORKASPACE' ) );
#6206 = PRESENTATION_STYLE_ASSIGNMENT (( #1227 ) ) ;
#6207 = EDGE_LOOP ( 'NONE', ( #843, #913, #3531, #1612 ) ) ;
#6208 = AXIS2_PLACEMENT_3D ( 'NONE', #3535, #346, #4995 ) ;
#6209 = ORIENTED_EDGE ( 'NONE', *, *, #2742, .F. ) ;
#6210 = DIRECTION ( 'NONE',  ( 1.000000000000000000, 0.0000000000000000000, 0.0000000000000000000 ) ) ;
#6211 = SURFACE_STYLE_FILL_AREA ( #2376 ) ;
#6212 = CARTESIAN_POINT ( 'NONE',  ( 0.9999000000000002331, 0.8799999999999998934, -0.4500000000000000111 ) ) ;
#6213 = FILL_AREA_STYLE ('',( #540 ) ) ;
#6214 = CARTESIAN_POINT ( 'NONE',  ( -0.9999000000000002331, 0.4200000000000000400, -0.4500000000000000111 ) ) ;
#6215 = LINE ( 'NONE', #2637, #4753 ) ;
#6216 = EDGE_LOOP ( 'NONE', ( #2994, #3465, #798, #4013 ) ) ;
#6217 = UNCERTAINTY_MEASURE_WITH_UNIT (LENGTH_MEASURE( 1.000000000000000082E-05 ), #2284, 'distance_accuracy_value', 'NONE');
#6218 = EDGE_CURVE ( 'NONE', #5540, #2317, #6624, .T. ) ;
#6219 = VERTEX_POINT ( 'NONE', #3956 ) ;
#6220 = ORIENTED_EDGE ( 'NONE', *, *, #5521, .T. ) ;
#6221 =( NAMED_UNIT ( * ) SI_UNIT ( $, .STERADIAN. ) SOLID_ANGLE_UNIT ( ) );
#6222 = CARTESIAN_POINT ( 'NONE',  ( -1.000000000000000222, 1.000000000000000000, 0.4199999999999999845 ) ) ;
#6223 = SURFACE_STYLE_FILL_AREA ( #5026 ) ;
#6224 = ADVANCED_FACE ( 'NONE', ( #5837 ), #5501, .T. ) ;
#6225 = EDGE_CURVE ( 'NONE', #4285, #999, #1608, .T. ) ;
#6226 = VECTOR ( 'NONE', #1291, 1000.000000000000000 ) ;
#6227 = DIRECTION ( 'NONE',  ( 0.0000000000000000000, 0.0000000000000000000, -1.000000000000000000 ) ) ;
#6228 = PRESENTATION_LAYER_ASSIGNMENT (  '', '', ( #5084 ) ) ;
#6229 = STYLED_ITEM ( 'NONE', ( #5139 ), #3832 ) ;
#6230 = CARTESIAN_POINT ( 'NONE',  ( 0.5999999999999983125, 0.8500000000000000888, -0.04499999999999995670 ) ) ;
#6231 = CARTESIAN_POINT ( 'NONE',  ( 0.9999000000000002331, 0.4200000000000000400, -0.04499999999999995670 ) ) ;
#6232 = UNCERTAINTY_MEASURE_WITH_UNIT (LENGTH_MEASURE( 1.000000000000000082E-05 ), #740, 'distance_accuracy_value', 'NONE');
#6233 = DIRECTION ( 'NONE',  ( 1.000000000000000000, 0.0000000000000000000, -0.0000000000000000000 ) ) ;
#6234 = CIRCLE ( 'NONE', #4970, 0.1999999999999999833 ) ;
#6235 = EDGE_CURVE ( 'NONE', #5974, #5466, #242, .T. ) ;
#6236 = CARTESIAN_POINT ( 'NONE',  ( -0.9998000000000003551, -0.8799999999999998934, -0.4199999999999999845 ) ) ;
#6237 = DIRECTION ( 'NONE',  ( 0.0000000000000000000, 0.0000000000000000000, 1.000000000000000000 ) ) ;
#6238 = MECHANICAL_DESIGN_GEOMETRIC_PRESENTATION_REPRESENTATION (  '', ( #3128 ), #5970 ) ;
#6239 = LINE ( 'NONE', #4056, #953 ) ;
#6240 = CARTESIAN_POINT ( 'NONE',  ( -0.7500000000000002220, -0.8499999999999999778, -0.04499999999999995670 ) ) ;
#6241 = VECTOR ( 'NONE', #4000, 1000.000000000000000 ) ;
#6242 = ORIENTED_EDGE ( 'NONE', *, *, #820, .T. ) ;
#6243 = PRESENTATION_LAYER_ASSIGNMENT (  '', '', ( #376 ) ) ;
#6244 = LINE ( 'NONE', #71, #877 ) ;
#6245 = DIRECTION ( 'NONE',  ( 0.0000000000000000000, 0.0000000000000000000, -1.000000000000000000 ) ) ;
#6246 = PRESENTATION_LAYER_ASSIGNMENT (  '', '', ( #468 ) ) ;
#6247 = CARTESIAN_POINT ( 'NONE',  ( -0.5499999999999843903, -0.7999999999999996003, -0.4500000000000000111 ) ) ;
#6248 = LINE ( 'NONE', #1610, #4860 ) ;
#6249 = FILL_AREA_STYLE_COLOUR ( '', #483 ) ;
#6250 = LINE ( 'NONE', #2276, #5668 ) ;
#6251 = DIRECTION ( 'NONE',  ( -1.000000000000000000, 0.0000000000000000000, -0.0000000000000000000 ) ) ;
#6252 =( NAMED_UNIT ( * ) PLANE_ANGLE_UNIT ( ) SI_UNIT ( $, .RADIAN. ) );
#6253 = CARTESIAN_POINT ( 'NONE',  ( 0.8864218330839792603, -0.4499999999999999001, -0.4199999999999999845 ) ) ;
#6254 = CARTESIAN_POINT ( 'NONE',  ( 0.5999999999999983125, 0.8500000000000000888, -0.4500000000000000111 ) ) ;
#6255 = VECTOR ( 'NONE', #5855, 1000.000000000000000 ) ;
#6256 = STYLED_ITEM ( 'NONE', ( #6482 ), #5364 ) ;
#6257 = CARTESIAN_POINT ( 'NONE',  ( 0.8864218330839859217, -0.2000000000000000944, -0.4500000000000000111 ) ) ;
#6258 =( LENGTH_UNIT ( ) NAMED_UNIT ( * ) SI_UNIT ( .MILLI., .METRE. ) );
#6259 = COLOUR_RGB ( '',0.2000000000000000111, 0.2000000000000000111, 0.2000000000000000111 ) ;
#6260 = FILL_AREA_STYLE_COLOUR ( '', #3773 ) ;
#6261 = FILL_AREA_STYLE ('',( #1607 ) ) ;
#6262 = VECTOR ( 'NONE', #2944, 1000.000000000000000 ) ;
#6263 = SURFACE_STYLE_FILL_AREA ( #323 ) ;
#6264 = ADVANCED_FACE ( 'NONE', ( #2354 ), #1444, .F. ) ;
#6265 = AXIS2_PLACEMENT_3D ( 'NONE', #4819, #5334, #1191 ) ;
#6266 = SURFACE_STYLE_USAGE ( .BOTH. , #2726 ) ;
#6267 = EDGE_CURVE ( 'NONE', #4358, #2389, #4451, .T. ) ;
#6268 =( NAMED_UNIT ( * ) PLANE_ANGLE_UNIT ( ) SI_UNIT ( $, .RADIAN. ) );
#6269 = EDGE_LOOP ( 'NONE', ( #5836, #1970, #622 ) ) ;
#6270 = DIRECTION ( 'NONE',  ( -0.0000000000000000000, -0.0000000000000000000, -1.000000000000000000 ) ) ;
#6271 = LINE ( 'NONE', #5158, #822 ) ;
#6272 = COLOUR_RGB ( '',1.000000000000000000, 1.000000000000000000, 1.000000000000000000 ) ;
#6273 = ORIENTED_EDGE ( 'NONE', *, *, #5361, .F. ) ;
#6274 = UNCERTAINTY_MEASURE_WITH_UNIT (LENGTH_MEASURE( 1.000000000000000082E-05 ), #2521, 'distance_accuracy_value', 'NONE');
#6275 = COLOUR_RGB ( '',0.6470588235294117974, 0.5176470588235293491, 0.0000000000000000000 ) ;
#6276 = CARTESIAN_POINT ( 'NONE',  ( -0.7499999999999997780, -0.9499999999999999556, -0.08000000000000001554 ) ) ;
#6277 = EDGE_CURVE ( 'NONE', #5155, #903, #87, .T. ) ;
#6278 = ORIENTED_EDGE ( 'NONE', *, *, #2060, .T. ) ;
#6279 = EDGE_LOOP ( 'NONE', ( #4581, #5432, #135, #1197, #715, #5881, #4883 ) ) ;
#6280 = ORIENTED_EDGE ( 'NONE', *, *, #4152, .T. ) ;
#6281 = CYLINDRICAL_SURFACE ( 'NONE', #763, 0.2299999999999999545 ) ;
#6282 =( GEOMETRIC_REPRESENTATION_CONTEXT ( 3 ) GLOBAL_UNCERTAINTY_ASSIGNED_CONTEXT ( ( #3719 ) ) GLOBAL_UNIT_ASSIGNED_CONTEXT ( ( #3185, #5709, #2618 ) ) REPRESENTATION_CONTEXT ( 'NONE', 'WORKASPACE' ) );
#6283 = ORIENTED_EDGE ( 'NONE', *, *, #5689, .F. ) ;
#6284 = SURFACE_STYLE_USAGE ( .BOTH. , #1557 ) ;
#6286 = LINE ( 'NONE', #5633, #6665 ) ;
#6285 = SURFACE_SIDE_STYLE ('',( #6501 ) ) ;
#6287 = ORIENTED_EDGE ( 'NONE', *, *, #568, .T. ) ;
#6288 = ORIENTED_EDGE ( 'NONE', *, *, #4030, .T. ) ;
#6289 = PRESENTATION_LAYER_ASSIGNMENT (  '', '', ( #1375 ) ) ;
#6290 = EDGE_CURVE ( 'NONE', #1814, #3626, #2847, .T. ) ;
#6291 = CARTESIAN_POINT ( 'NONE',  ( -1.000000000000000222, -1.000000000000000000, -0.4199999999999999845 ) ) ;
#6292 =( NAMED_UNIT ( * ) SI_UNIT ( $, .STERADIAN. ) SOLID_ANGLE_UNIT ( ) );
#6293 = ORIENTED_EDGE ( 'NONE', *, *, #1219, .T. ) ;
#6294 = ORIENTED_EDGE ( 'NONE', *, *, #6142, .F. ) ;
#6295 = DIRECTION ( 'NONE',  ( -1.000000000000000000, 0.0000000000000000000, 0.0000000000000000000 ) ) ;
#6296 = VECTOR ( 'NONE', #2228, 1000.000000000000000 ) ;
#6297 = AXIS2_PLACEMENT_3D ( 'NONE', #6457, #2878, #1848 ) ;
#6298 = ADVANCED_FACE ( 'NONE', ( #5577 ), #4923, .T. ) ;
#6299 = FILL_AREA_STYLE ('',( #665 ) ) ;
#6300 = SURFACE_STYLE_USAGE ( .BOTH. , #5288 ) ;
#6301 = DIRECTION ( 'NONE',  ( -0.0000000000000000000, -0.0000000000000000000, 1.000000000000000000 ) ) ;
#6302 = CARTESIAN_POINT ( 'NONE',  ( -1.183987422138584655, 0.8675801256908811654, 2.137469317664817847 ) ) ;
#6303 = SURFACE_STYLE_USAGE ( .BOTH. , #1647 ) ;
#6304 = PRESENTATION_STYLE_ASSIGNMENT (( #6372 ) ) ;
#6305 = ORIENTED_EDGE ( 'NONE', *, *, #2378, .F. ) ;
#6306 = DIRECTION ( 'NONE',  ( 0.0000000000000000000, -0.0000000000000000000, -1.000000000000000000 ) ) ;
#6307 = MECHANICAL_DESIGN_GEOMETRIC_PRESENTATION_REPRESENTATION (  '', ( #4824 ), #3187 ) ;
#6308 = LINE ( 'NONE', #4517, #4440 ) ;
#6309 = EDGE_CURVE ( 'NONE', #5278, #4494, #4306, .T. ) ;
#6310 = FILL_AREA_STYLE_COLOUR ( '', #998 ) ;
#6311 = FACE_OUTER_BOUND ( 'NONE', #6183, .T. ) ;
#6312 = AXIS2_PLACEMENT_3D ( 'NONE', #2692, #2191, #4776 ) ;
#6313 = SURFACE_STYLE_USAGE ( .BOTH. , #4746 ) ;
#6315 = AXIS2_PLACEMENT_3D ( 'NONE', #5712, #133, #6237 ) ;
#6314 = DIRECTION ( 'NONE',  ( -1.000000000000000000, 0.0000000000000000000, 0.0000000000000000000 ) ) ;
#6316 = PRESENTATION_LAYER_ASSIGNMENT (  '', '', ( #3988 ) ) ;
#6317 = CARTESIAN_POINT ( 'NONE',  ( 0.9999000000000002331, -0.4200000000000000400, -0.07999999999999998779 ) ) ;
#6318 = VERTEX_POINT ( 'NONE', #6660 ) ;
#6319 =( NAMED_UNIT ( * ) PLANE_ANGLE_UNIT ( ) SI_UNIT ( $, .RADIAN. ) );
#6320 = DIRECTION ( 'NONE',  ( -1.000000000000000000, 0.0000000000000000000, 0.0000000000000000000 ) ) ;
#6321 = EDGE_CURVE ( 'NONE', #2613, #5045, #6156, .T. ) ;
#6322 = SURFACE_STYLE_FILL_AREA ( #332 ) ;
#6323 = SURFACE_STYLE_USAGE ( .BOTH. , #5875 ) ;
#6324 = ORIENTED_EDGE ( 'NONE', *, *, #4524, .F. ) ;
#6325 = EDGE_LOOP ( 'NONE', ( #2242, #5615, #4723, #6141 ) ) ;
#6326 = ADVANCED_FACE ( 'NONE', ( #6460 ), #4070, .F. ) ;
#6327 = VECTOR ( 'NONE', #4916, 1000.000000000000000 ) ;
#6328 = MECHANICAL_DESIGN_GEOMETRIC_PRESENTATION_REPRESENTATION (  '', ( #5275 ), #3093 ) ;
#6329 = PRESENTATION_LAYER_ASSIGNMENT (  '', '', ( #2265 ) ) ;
#6330 = VECTOR ( 'NONE', #6465, 1000.000000000000000 ) ;
#6331 = CARTESIAN_POINT ( 'NONE',  ( 0.9999000000000002331, 0.0000000000000000000, 0.0000000000000000000 ) ) ;
#6332 = AXIS2_PLACEMENT_3D ( 'NONE', #1897, #2439, #5503 ) ;
#6333 = DIRECTION ( 'NONE',  ( 0.0000000000000000000, -0.0000000000000000000, 1.000000000000000000 ) ) ;
#6334 = FACE_OUTER_BOUND ( 'NONE', #2400, .T. ) ;
#6335 = DIRECTION ( 'NONE',  ( 0.0000000000000000000, -1.000000000000000000, -0.0000000000000000000 ) ) ;
#6336 =( NAMED_UNIT ( * ) SI_UNIT ( $, .STERADIAN. ) SOLID_ANGLE_UNIT ( ) );
#6337 = CARTESIAN_POINT ( 'NONE',  ( -1.000000000000000222, -1.000000000000000000, -0.08000000000000004330 ) ) ;
#6338 = CARTESIAN_POINT ( 'NONE',  ( -0.7500000000000002220, 0.4499999999999999556, -0.04499999999999995670 ) ) ;
#6339 = LINE ( 'NONE', #3167, #4946 ) ;
#6340 = DIRECTION ( 'NONE',  ( 0.7071067811865474617, -0.7071067811865474617, 0.0000000000000000000 ) ) ;
#6341 = CARTESIAN_POINT ( 'NONE',  ( -0.5999999999999843237, -0.4999999999999998890, -0.4500000000000000111 ) ) ;
#6342 = AXIS2_PLACEMENT_3D ( 'NONE', #2605, #3648, #3622 ) ;
#6343 = CARTESIAN_POINT ( 'NONE',  ( -0.5999999999999844347, -0.7999999999999999334, -0.4500000000000000111 ) ) ;
#6344 = FACE_OUTER_BOUND ( 'NONE', #3706, .T. ) ;
#6345 = CARTESIAN_POINT ( 'NONE',  ( 0.9999999999999981126, 0.6500000000000000222, -0.04499999999999995670 ) ) ;
#6346 = DIRECTION ( 'NONE',  ( -0.0000000000000000000, -0.0000000000000000000, -1.000000000000000000 ) ) ;
#6347 = LINE ( 'NONE', #2194, #3614 ) ;
#6348 = LINE ( 'NONE', #1104, #5284 ) ;
#6349 = LINE ( 'NONE', #5040, #5041 ) ;
#6350 = UNCERTAINTY_MEASURE_WITH_UNIT (LENGTH_MEASURE( 1.000000000000000082E-05 ), #6615, 'distance_accuracy_value', 'NONE');
#6351 = ORIENTED_EDGE ( 'NONE', *, *, #1359, .F. ) ;
#6352 = DIRECTION ( 'NONE',  ( 0.0000000000000000000, 0.0000000000000000000, 1.000000000000000000 ) ) ;
#6353 = EDGE_LOOP ( 'NONE', ( #5369, #1742, #746, #2309, #3557, #6035, #5372 ) ) ;
#6354 = VECTOR ( 'NONE', #4318, 1000.000000000000114 ) ;
#6355 = EDGE_CURVE ( 'NONE', #5974, #377, #81, .T. ) ;
#6356 = EDGE_LOOP ( 'NONE', ( #2052, #4741, #131, #3486, #505 ) ) ;
#6357 = AXIS2_PLACEMENT_3D ( 'NONE', #5271, #2212, #2741 ) ;
#6358 = AXIS2_PLACEMENT_3D ( 'NONE', #1470, #5595, #6566 ) ;
#6359 = VECTOR ( 'NONE', #5788, 1000.000000000000000 ) ;
#6360 = EDGE_LOOP ( 'NONE', ( #4979, #3456, #3306, #5070 ) ) ;
#6361 = ORIENTED_EDGE ( 'NONE', *, *, #3170, .T. ) ;
#6362 = DIRECTION ( 'NONE',  ( -1.000000000000000000, 0.0000000000000000000, 0.0000000000000000000 ) ) ;
#6363 = CARTESIAN_POINT ( 'NONE',  ( -0.7500000000000002220, 0.8500000000000000888, -0.08000000000000001554 ) ) ;
#6364 = EDGE_CURVE ( 'NONE', #4987, #3059, #6068, .T. ) ;
#6365 =( NAMED_UNIT ( * ) PLANE_ANGLE_UNIT ( ) SI_UNIT ( $, .RADIAN. ) );
#6366 = EDGE_LOOP ( 'NONE', ( #4269, #5029, #4292, #6195, #1079, #4116, #2090 ) ) ;
#6367 = FACE_OUTER_BOUND ( 'NONE', #209, .T. ) ;
#6368 = ORIENTED_EDGE ( 'NONE', *, *, #784, .T. ) ;
#6369 = MECHANICAL_DESIGN_GEOMETRIC_PRESENTATION_REPRESENTATION (  '', ( #5656 ), #3257 ) ;
#6370 = CARTESIAN_POINT ( 'NONE',  ( -1.000000000000000222, 0.0000000000000000000, -0.4500000000000000111 ) ) ;
#6371 = ORIENTED_EDGE ( 'NONE', *, *, #3855, .F. ) ;
#6372 = SURFACE_STYLE_USAGE ( .BOTH. , #635 ) ;
#6373 = ORIENTED_EDGE ( 'NONE', *, *, #486, .F. ) ;
#6374 = AXIS2_PLACEMENT_3D ( 'NONE', #3599, #1457, #1521 ) ;
#6375 = COLOUR_RGB ( '',0.6470588235294117974, 0.5176470588235293491, 0.0000000000000000000 ) ;
#6376 = AXIS2_PLACEMENT_3D ( 'NONE', #3241, #3754, #1661 ) ;
#6377 = ORIENTED_EDGE ( 'NONE', *, *, #4244, .T. ) ;
#6378 = ORIENTED_EDGE ( 'NONE', *, *, #5033, .T. ) ;
#6379 = SURFACE_STYLE_USAGE ( .BOTH. , #1915 ) ;
#6380 =( NAMED_UNIT ( * ) SI_UNIT ( $, .STERADIAN. ) SOLID_ANGLE_UNIT ( ) );
#6381 =( NAMED_UNIT ( * ) PLANE_ANGLE_UNIT ( ) SI_UNIT ( $, .RADIAN. ) );
#6382 = ORIENTED_EDGE ( 'NONE', *, *, #5689, .T. ) ;
#6383 = STYLED_ITEM ( 'NONE', ( #1861 ), #5639 ) ;
#6384 = SURFACE_STYLE_USAGE ( .BOTH. , #3717 ) ;
#6385 = FILL_AREA_STYLE_COLOUR ( '', #4119 ) ;
#6386 = DIRECTION ( 'NONE',  ( 1.000000000000000000, 0.0000000000000000000, 0.0000000000000000000 ) ) ;
#6387 = VERTEX_POINT ( 'NONE', #473 ) ;
#6388 = DIRECTION ( 'NONE',  ( 0.0000000000000000000, -0.0000000000000000000, 1.000000000000000000 ) ) ;
#6389 = CARTESIAN_POINT ( 'NONE',  ( 0.9999000000000002331, -0.8499999999999999778, -0.08000000000000020983 ) ) ;
#6390 = UNCERTAINTY_MEASURE_WITH_UNIT (LENGTH_MEASURE( 1.000000000000000082E-05 ), #5545, 'distance_accuracy_value', 'NONE');
#6391 = EDGE_CURVE ( 'NONE', #1566, #5974, #2105, .T. ) ;
#6392 = SURFACE_STYLE_FILL_AREA ( #5153 ) ;
#6393 = LINE ( 'NONE', #6363, #956 ) ;
#6394 =( NAMED_UNIT ( * ) SI_UNIT ( $, .STERADIAN. ) SOLID_ANGLE_UNIT ( ) );
#6395 = VERTEX_POINT ( 'NONE', #983 ) ;
#6396 = SURFACE_STYLE_FILL_AREA ( #936 ) ;
#6397 = EDGE_CURVE ( 'NONE', #669, #1015, #4373, .T. ) ;
#6398 = EDGE_LOOP ( 'NONE', ( #524, #3738, #2972, #1187 ) ) ;
#6399 = CIRCLE ( 'NONE', #1804, 0.2000000000000000944 ) ;
#6400 = PLANE ( 'NONE',  #3407 ) ;
#6402 = PRESENTATION_LAYER_ASSIGNMENT (  '', '', ( #6698 ) ) ;
#6401 = DIRECTION ( 'NONE',  ( 0.0000000000000000000, -0.0000000000000000000, 1.000000000000000000 ) ) ;
#6403 = AXIS2_PLACEMENT_3D ( 'NONE', #4652, #959, #529 ) ;
#6404 = VECTOR ( 'NONE', #660, 1000.000000000000000 ) ;
#6405 = DIRECTION ( 'NONE',  ( -1.000000000000000000, 0.0000000000000000000, 0.0000000000000000000 ) ) ;
#6406 = SURFACE_STYLE_FILL_AREA ( #2858 ) ;
#6407 = EDGE_CURVE ( 'NONE', #1740, #4666, #2436, .T. ) ;
#6408 = SURFACE_STYLE_FILL_AREA ( #3515 ) ;
#6409 = CARTESIAN_POINT ( 'NONE',  ( -0.9999000000000002331, -0.8499999999999999778, -0.04499999999999995670 ) ) ;
#6410 = FACE_OUTER_BOUND ( 'NONE', #4019, .T. ) ;
#6411 = AXIS2_PLACEMENT_3D ( 'NONE', #6633, #4523, #3559 ) ;
#6412 = DIRECTION ( 'NONE',  ( 1.000000000000000000, 0.0000000000000000000, 0.0000000000000000000 ) ) ;
#6413 = ORIENTED_EDGE ( 'NONE', *, *, #1064, .T. ) ;
#6414 = VECTOR ( 'NONE', #4642, 1000.000000000000000 ) ;
#6415 = MECHANICAL_DESIGN_GEOMETRIC_PRESENTATION_REPRESENTATION (  '', ( #2226 ), #6168 ) ;
#6416 = ADVANCED_FACE ( 'NONE', ( #1036 ), #489, .F. ) ;
#6417 =( NAMED_UNIT ( * ) SI_UNIT ( $, .STERADIAN. ) SOLID_ANGLE_UNIT ( ) );
#6418 =( LENGTH_UNIT ( ) NAMED_UNIT ( * ) SI_UNIT ( .MILLI., .METRE. ) );
#6419 = DIRECTION ( 'NONE',  ( -1.000000000000000000, 0.0000000000000000000, 0.0000000000000000000 ) ) ;
#6420 = LINE ( 'NONE', #4509, #4881 ) ;
#6421 = VECTOR ( 'NONE', #3728, 1000.000000000000000 ) ;
#6422 = MECHANICAL_DESIGN_GEOMETRIC_PRESENTATION_REPRESENTATION (  '', ( #5386 ), #63 ) ;
#6423 = DIRECTION ( 'NONE',  ( -0.0000000000000000000, -0.0000000000000000000, -1.000000000000000000 ) ) ;
#6424 = SURFACE_SIDE_STYLE ('',( #865 ) ) ;
#6425 = DIRECTION ( 'NONE',  ( -0.0000000000000000000, -0.0000000000000000000, 1.000000000000000000 ) ) ;
#6426 = EDGE_CURVE ( 'NONE', #3272, #1976, #4525, .T. ) ;
#6427 = ORIENTED_EDGE ( 'NONE', *, *, #3902, .F. ) ;
#6428 = LINE ( 'NONE', #1855, #2392 ) ;
#6429 = STYLED_ITEM ( 'NONE', ( #1961 ), #120 ) ;
#6430 = DIRECTION ( 'NONE',  ( 0.0000000000000000000, 0.0000000000000000000, 1.000000000000000000 ) ) ;
#6431 = ORIENTED_EDGE ( 'NONE', *, *, #4960, .T. ) ;
#6432 = CARTESIAN_POINT ( 'NONE',  ( -1.000000000000000222, 0.9499999999999998446, -0.08000000000000004330 ) ) ;
#6433 = ORIENTED_EDGE ( 'NONE', *, *, #4686, .T. ) ;
#6434 =( LENGTH_UNIT ( ) NAMED_UNIT ( * ) SI_UNIT ( .MILLI., .METRE. ) );
#6435 = MECHANICAL_DESIGN_GEOMETRIC_PRESENTATION_REPRESENTATION (  '', ( #3294 ), #743 ) ;
#6436 = STYLED_ITEM ( 'NONE', ( #724 ), #2415 ) ;
#6437 = PRESENTATION_STYLE_ASSIGNMENT (( #5019 ) ) ;
#6438 = CARTESIAN_POINT ( 'NONE',  ( -0.8864218330839861437, 0.2000000000000000944, -0.4500000000000000111 ) ) ;
#6439 = FILL_AREA_STYLE ('',( #705 ) ) ;
#6440 = ORIENTED_EDGE ( 'NONE', *, *, #3196, .F. ) ;
#6441 = EDGE_CURVE ( 'NONE', #6028, #3507, #5336, .T. ) ;
#6442 = SURFACE_SIDE_STYLE ('',( #1872 ) ) ;
#6443 = DIRECTION ( 'NONE',  ( -1.000000000000000000, 3.785333543925605834E-16, 0.0000000000000000000 ) ) ;
#6444 = AXIS2_PLACEMENT_3D ( 'NONE', #3302, #5935, #6388 ) ;
#6445 = ORIENTED_EDGE ( 'NONE', *, *, #2926, .T. ) ;
#6446 = ORIENTED_EDGE ( 'NONE', *, *, #3478, .F. ) ;
#6447 =( GEOMETRIC_REPRESENTATION_CONTEXT ( 3 ) GLOBAL_UNCERTAINTY_ASSIGNED_CONTEXT ( ( #5594 ) ) GLOBAL_UNIT_ASSIGNED_CONTEXT ( ( #4903, #5993, #403 ) ) REPRESENTATION_CONTEXT ( 'NONE', 'WORKASPACE' ) );
#6448 = MECHANICAL_DESIGN_GEOMETRIC_PRESENTATION_REPRESENTATION (  '', ( #3584 ), #174 ) ;
#6449 = VERTEX_POINT ( 'NONE', #1031 ) ;
#6450 = DIRECTION ( 'NONE',  ( 0.0000000000000000000, -1.000000000000000000, 0.0000000000000000000 ) ) ;
#6451 = CARTESIAN_POINT ( 'NONE',  ( 0.9999999999999997780, -0.9499999999999999556, -0.03000000000000002318 ) ) ;
#6452 = LINE ( 'NONE', #6438, #3741 ) ;
#6453 = PRESENTATION_LAYER_ASSIGNMENT (  '', '', ( #6256 ) ) ;
#6454 = SURFACE_STYLE_USAGE ( .BOTH. , #2289 ) ;
#6455 = CARTESIAN_POINT ( 'NONE',  ( 0.0000000000000000000, 0.0000000000000000000, -0.4500000000000000111 ) ) ;
#6456 = VECTOR ( 'NONE', #1052, 1000.000000000000000 ) ;
#6457 = CARTESIAN_POINT ( 'NONE',  ( 0.9999999999999913403, 0.0000000000000000000, -0.4199999999999999845 ) ) ;
#6458 = UNCERTAINTY_MEASURE_WITH_UNIT (LENGTH_MEASURE( 1.000000000000000082E-05 ), #2218, 'distance_accuracy_value', 'NONE');
#6459 = CARTESIAN_POINT ( 'NONE',  ( -1.000000000000000222, -1.000000000000000000, 0.4199999999999999845 ) ) ;
#6460 = FACE_OUTER_BOUND ( 'NONE', #6398, .T. ) ;
#6461 =( NAMED_UNIT ( * ) SI_UNIT ( $, .STERADIAN. ) SOLID_ANGLE_UNIT ( ) );
#6462 = ORIENTED_EDGE ( 'NONE', *, *, #868, .T. ) ;
#6463 = FILL_AREA_STYLE_COLOUR ( '', #6575 ) ;
#6464 = EDGE_CURVE ( 'NONE', #5213, #5141, #4223, .T. ) ;
#6465 = DIRECTION ( 'NONE',  ( 3.620040642689491324E-15, 1.000000000000000000, -0.0000000000000000000 ) ) ;
#6466 = DIRECTION ( 'NONE',  ( -1.000000000000000000, 0.0000000000000000000, -0.0000000000000000000 ) ) ;
#6467 = STYLED_ITEM ( 'NONE', ( #1717 ), #372 ) ;
#6468 = AXIS2_PLACEMENT_3D ( 'NONE', #1797, #4877, #6401 ) ;
#6469 = COLOUR_RGB ( '',0.6470588235294117974, 0.5176470588235293491, 0.0000000000000000000 ) ;
#6470 = ORIENTED_EDGE ( 'NONE', *, *, #1237, .F. ) ;
#6471 = CARTESIAN_POINT ( 'NONE',  ( -0.9999999999999913403, 0.0000000000000000000, -0.4500000000000000111 ) ) ;
#6472 = DIRECTION ( 'NONE',  ( -1.000000000000000000, -3.771137991253929461E-15, 0.0000000000000000000 ) ) ;
#6473 = VECTOR ( 'NONE', #2837, 1000.000000000000000 ) ;
#6474 = EDGE_CURVE ( 'NONE', #2317, #3759, #2841, .T. ) ;
#6475 = DIRECTION ( 'NONE',  ( 0.0000000000000000000, 0.0000000000000000000, -1.000000000000000000 ) ) ;
#6476 = SURFACE_STYLE_FILL_AREA ( #5627 ) ;
#6477 = DIRECTION ( 'NONE',  ( -0.0000000000000000000, -0.0000000000000000000, 1.000000000000000000 ) ) ;
#6479 = STYLED_ITEM ( 'NONE', ( #2703 ), #1561 ) ;
#6478 =( NAMED_UNIT ( * ) SI_UNIT ( $, .STERADIAN. ) SOLID_ANGLE_UNIT ( ) );
#6480 = CARTESIAN_POINT ( 'NONE',  ( -0.9999999999999913403, 0.0000000000000000000, -0.4500000000000000111 ) ) ;
#6481 = COLOUR_RGB ( '',0.6470588235294117974, 0.5176470588235293491, 0.0000000000000000000 ) ;
#6482 = PRESENTATION_STYLE_ASSIGNMENT (( #338 ) ) ;
#6483 = LINE ( 'NONE', #5252, #4622 ) ;
#6484 = DIRECTION ( 'NONE',  ( -1.000000000000000000, 0.0000000000000000000, 0.0000000000000000000 ) ) ;
#6485 = PLANE ( 'NONE',  #2751 ) ;
#6486 = STYLED_ITEM ( 'NONE', ( #5876 ), #3999 ) ;
#6487 = SURFACE_STYLE_USAGE ( .BOTH. , #5485 ) ;
#6488 = ORIENTED_EDGE ( 'NONE', *, *, #4453, .F. ) ;
#6489 = COLOUR_RGB ( '',0.6470588235294117974, 0.5176470588235293491, 0.0000000000000000000 ) ;
#6490 =( NAMED_UNIT ( * ) SI_UNIT ( $, .STERADIAN. ) SOLID_ANGLE_UNIT ( ) );
#6491 = AXIS2_PLACEMENT_3D ( 'NONE', #2588, #985, #1014 ) ;
#6492 = UNCERTAINTY_MEASURE_WITH_UNIT (LENGTH_MEASURE( 1.000000000000000082E-05 ), #732, 'distance_accuracy_value', 'NONE');
#6493 = PRESENTATION_STYLE_ASSIGNMENT (( #2911 ) ) ;
#6494 = ORIENTED_EDGE ( 'NONE', *, *, #4886, .T. ) ;
#6495 = CARTESIAN_POINT ( 'NONE',  ( -0.9999000000000002331, -0.2299999999999999545, -0.08000000000000004330 ) ) ;
#6496 =( LENGTH_UNIT ( ) NAMED_UNIT ( * ) SI_UNIT ( .MILLI., .METRE. ) );
#6497 = DIRECTION ( 'NONE',  ( -0.0000000000000000000, -0.0000000000000000000, -1.000000000000000000 ) ) ;
#6498 = ORIENTED_EDGE ( 'NONE', *, *, #1518, .F. ) ;
#6499 =( GEOMETRIC_REPRESENTATION_CONTEXT ( 3 ) GLOBAL_UNCERTAINTY_ASSIGNED_CONTEXT ( ( #3874 ) ) GLOBAL_UNIT_ASSIGNED_CONTEXT ( ( #5825, #2733, #625 ) ) REPRESENTATION_CONTEXT ( 'NONE', 'WORKASPACE' ) );
#6500 = ORIENTED_EDGE ( 'NONE', *, *, #3162, .T. ) ;
#6501 = SURFACE_STYLE_FILL_AREA ( #4762 ) ;
#6502 = SURFACE_STYLE_FILL_AREA ( #4999 ) ;
#6503 = VERTEX_POINT ( 'NONE', #3160 ) ;
#6504 =( NAMED_UNIT ( * ) SI_UNIT ( $, .STERADIAN. ) SOLID_ANGLE_UNIT ( ) );
#6505 =( LENGTH_UNIT ( ) NAMED_UNIT ( * ) SI_UNIT ( .MILLI., .METRE. ) );
#6506 = ORIENTED_EDGE ( 'NONE', *, *, #2019, .F. ) ;
#6507 = EDGE_CURVE ( 'NONE', #5285, #4496, #5169, .T. ) ;
#6508 = FILL_AREA_STYLE_COLOUR ( '', #5344 ) ;
#6509 =( NAMED_UNIT ( * ) PLANE_ANGLE_UNIT ( ) SI_UNIT ( $, .RADIAN. ) );
#6510 = COLOUR_RGB ( '',1.000000000000000000, 1.000000000000000000, 1.000000000000000000 ) ;
#6511 = SURFACE_SIDE_STYLE ('',( #594 ) ) ;
#6512 = ORIENTED_EDGE ( 'NONE', *, *, #6513, .F. ) ;
#6513 = EDGE_CURVE ( 'NONE', #1268, #5286, #5003, .T. ) ;
#6514 = ORIENTED_EDGE ( 'NONE', *, *, #2494, .T. ) ;
#6515 = ADVANCED_FACE ( 'NONE', ( #1775 ), #1100, .F. ) ;
#6516 = MECHANICAL_DESIGN_GEOMETRIC_PRESENTATION_REPRESENTATION (  '', ( #3988 ), #1793 ) ;
#6517 = VERTEX_POINT ( 'NONE', #3179 ) ;
#6518 = ORIENTED_EDGE ( 'NONE', *, *, #6064, .T. ) ;
#6519 = CARTESIAN_POINT ( 'NONE',  ( 0.9999999999999913403, 0.0000000000000000000, -0.04499999999999995670 ) ) ;
#6520 = FACE_OUTER_BOUND ( 'NONE', #4754, .T. ) ;
#6521 = ORIENTED_EDGE ( 'NONE', *, *, #5047, .T. ) ;
#6522 = APPLICATION_CONTEXT ( 'automotive_design' ) ;
#6523 = DIRECTION ( 'NONE',  ( -0.0000000000000000000, -0.0000000000000000000, 1.000000000000000000 ) ) ;
#6524 = DIRECTION ( 'NONE',  ( 0.0000000000000000000, -1.000000000000000000, 0.0000000000000000000 ) ) ;
#6525 = EDGE_CURVE ( 'NONE', #5483, #1029, #948, .T. ) ;
#6526 = DIRECTION ( 'NONE',  ( -0.0000000000000000000, -0.0000000000000000000, 1.000000000000000000 ) ) ;
#6527 = ORIENTED_EDGE ( 'NONE', *, *, #1754, .T. ) ;
#6528 =( LENGTH_UNIT ( ) NAMED_UNIT ( * ) SI_UNIT ( .MILLI., .METRE. ) );
#6529 = ORIENTED_EDGE ( 'NONE', *, *, #5439, .F. ) ;
#6530 = DIRECTION ( 'NONE',  ( 3.614007241618355673E-16, -1.000000000000000000, 0.0000000000000000000 ) ) ;
#6531 = CARTESIAN_POINT ( 'NONE',  ( 0.9999999999999844569, -0.6500000000000000222, -0.04499999999999995670 ) ) ;
#6532 = DIRECTION ( 'NONE',  ( -1.000000000000000000, 0.0000000000000000000, 0.0000000000000000000 ) ) ;
#6533 = PRESENTATION_LAYER_ASSIGNMENT (  '', '', ( #5502 ) ) ;
#6534 = ORIENTED_EDGE ( 'NONE', *, *, #1290, .T. ) ;
#6535 =( GEOMETRIC_REPRESENTATION_CONTEXT ( 3 ) GLOBAL_UNCERTAINTY_ASSIGNED_CONTEXT ( ( #4726 ) ) GLOBAL_UNIT_ASSIGNED_CONTEXT ( ( #5572, #6095, #2018 ) ) REPRESENTATION_CONTEXT ( 'NONE', 'WORKASPACE' ) );
#6536 = ADVANCED_FACE ( 'NONE', ( #3747 ), #5497, .T. ) ;
#6537 = SURFACE_STYLE_USAGE ( .BOTH. , #3475 ) ;
#6538 = DIRECTION ( 'NONE',  ( 1.000000000000000000, 3.785333543925605834E-16, 0.0000000000000000000 ) ) ;
#6539 = VECTOR ( 'NONE', #3651, 1000.000000000000000 ) ;
#6540 =( NAMED_UNIT ( * ) PLANE_ANGLE_UNIT ( ) SI_UNIT ( $, .RADIAN. ) );
#6541 = STYLED_ITEM ( 'NONE', ( #3981 ), #6129 ) ;
#6542 = UNCERTAINTY_MEASURE_WITH_UNIT (LENGTH_MEASURE( 1.000000000000000082E-05 ), #3885, 'distance_accuracy_value', 'NONE');
#6543 = CARTESIAN_POINT ( 'NONE',  ( -0.8864218330839790383, -0.8500000000000000888, -0.04499999999999995670 ) ) ;
#6544 = ORIENTED_EDGE ( 'NONE', *, *, #1574, .F. ) ;
#6545 = PRESENTATION_STYLE_ASSIGNMENT (( #2895 ) ) ;
#6546 = DIRECTION ( 'NONE',  ( 0.0000000000000000000, 0.0000000000000000000, -1.000000000000000000 ) ) ;
#6547 = EDGE_LOOP ( 'NONE', ( #608, #777, #3001 ) ) ;
#6548 = FILL_AREA_STYLE_COLOUR ( '', #4389 ) ;
#6549 = LINE ( 'NONE', #3596, #874 ) ;
#6550 = ORIENTED_EDGE ( 'NONE', *, *, #711, .T. ) ;
#6551 = CARTESIAN_POINT ( 'NONE',  ( -0.9999999999999844569, -0.6500000000000000222, -0.4199999999999999845 ) ) ;
#6552 = ADVANCED_FACE ( 'NONE', ( #785 ), #2774, .T. ) ;
#6553 = FACE_OUTER_BOUND ( 'NONE', #1003, .T. ) ;
#6554 = FILL_AREA_STYLE ('',( #2073 ) ) ;
#6555 = VECTOR ( 'NONE', #1067, 1000.000000000000000 ) ;
#6556 =( NAMED_UNIT ( * ) PLANE_ANGLE_UNIT ( ) SI_UNIT ( $, .RADIAN. ) );
#6557 = EDGE_CURVE ( 'NONE', #2756, #5078, #3322, .T. ) ;
#6558 = DIRECTION ( 'NONE',  ( -0.0000000000000000000, 1.000000000000000000, -0.0000000000000000000 ) ) ;
#6559 = AXIS2_PLACEMENT_3D ( 'NONE', #270, #2295, #1333 ) ;
#6560 =( GEOMETRIC_REPRESENTATION_CONTEXT ( 3 ) GLOBAL_UNCERTAINTY_ASSIGNED_CONTEXT ( ( #2721 ) ) GLOBAL_UNIT_ASSIGNED_CONTEXT ( ( #6106, #925, #4558 ) ) REPRESENTATION_CONTEXT ( 'NONE', 'WORKASPACE' ) );
#6561 = DIRECTION ( 'NONE',  ( 0.0000000000000000000, 1.000000000000000000, 0.0000000000000000000 ) ) ;
#6562 = DIRECTION ( 'NONE',  ( 1.000000000000000000, -3.785333543925605834E-16, 0.0000000000000000000 ) ) ;
#6563 = SURFACE_STYLE_FILL_AREA ( #4695 ) ;
#6564 = EDGE_CURVE ( 'NONE', #1972, #4494, #864, .T. ) ;
#6565 = CYLINDRICAL_SURFACE ( 'NONE', #1360, 0.2299999999999999545 ) ;
#6567 = AXIS2_PLACEMENT_3D ( 'NONE', #6370, #1179, #651 ) ;
#6566 = DIRECTION ( 'NONE',  ( 1.000000000000000000, 0.0000000000000000000, -0.0000000000000000000 ) ) ;
#6568 = FACE_OUTER_BOUND ( 'NONE', #4347, .T. ) ;
#6569 = PRESENTATION_LAYER_ASSIGNMENT (  '', '', ( #1060 ) ) ;
#6570 = SURFACE_STYLE_USAGE ( .BOTH. , #6066 ) ;
#6571 = FACE_OUTER_BOUND ( 'NONE', #326, .T. ) ;
#6572 = MECHANICAL_DESIGN_GEOMETRIC_PRESENTATION_REPRESENTATION (  '', ( #468 ), #6613 ) ;
#6573 =( NAMED_UNIT ( * ) SI_UNIT ( $, .STERADIAN. ) SOLID_ANGLE_UNIT ( ) );
#6575 = COLOUR_RGB ( '',1.000000000000000000, 1.000000000000000000, 1.000000000000000000 ) ;
#6574 =( NAMED_UNIT ( * ) SI_UNIT ( $, .STERADIAN. ) SOLID_ANGLE_UNIT ( ) );
#6576 = EDGE_LOOP ( 'NONE', ( #2671, #6273, #6074, #3568 ) ) ;
#6577 = ORIENTED_EDGE ( 'NONE', *, *, #4694, .F. ) ;
#6578 = DIRECTION ( 'NONE',  ( -0.0000000000000000000, -0.0000000000000000000, -1.000000000000000000 ) ) ;
#6579 = UNCERTAINTY_MEASURE_WITH_UNIT (LENGTH_MEASURE( 1.000000000000000082E-05 ), #184, 'distance_accuracy_value', 'NONE');
#6580 = DIRECTION ( 'NONE',  ( 0.0000000000000000000, 0.0000000000000000000, -1.000000000000000000 ) ) ;
#6581 = COLOUR_RGB ( '',0.2000000000000000111, 0.2000000000000000111, 0.2000000000000000111 ) ;
#6582 =( NAMED_UNIT ( * ) SI_UNIT ( $, .STERADIAN. ) SOLID_ANGLE_UNIT ( ) );
#6583 = VECTOR ( 'NONE', #2510, 1000.000000000000000 ) ;
#6584 = ORIENTED_EDGE ( 'NONE', *, *, #4069, .T. ) ;
#6585 = AXIS2_PLACEMENT_3D ( 'NONE', #2359, #5977, #1799 ) ;
#6586 = ADVANCED_FACE ( 'NONE', ( #5164 ), #2205, .F. ) ;
#6587 = ORIENTED_EDGE ( 'NONE', *, *, #3382, .F. ) ;
#6588 = DIRECTION ( 'NONE',  ( 0.0000000000000000000, 0.0000000000000000000, 1.000000000000000000 ) ) ;
#6589 = VERTEX_POINT ( 'NONE', #4772 ) ;
#6590 = VERTEX_POINT ( 'NONE', #725 ) ;
#6591 = CARTESIAN_POINT ( 'NONE',  ( -0.5499999999999982681, 2.208559980988985985E-16, -0.04499999999999995670 ) ) ;
#6592 = CARTESIAN_POINT ( 'NONE',  ( -0.8864218330839926940, 0.4499999999999999001, -0.04499999999999995670 ) ) ;
#6593 =( LENGTH_UNIT ( ) NAMED_UNIT ( * ) SI_UNIT ( .MILLI., .METRE. ) );
#6594 = STYLED_ITEM ( 'NONE', ( #2835 ), #6616 ) ;
#6595 = ORIENTED_EDGE ( 'NONE', *, *, #2494, .F. ) ;
#6596 =( NAMED_UNIT ( * ) SI_UNIT ( $, .STERADIAN. ) SOLID_ANGLE_UNIT ( ) );
#6597 = EDGE_CURVE ( 'NONE', #4892, #2171, #232, .T. ) ;
#6598 = VERTEX_POINT ( 'NONE', #4876 ) ;
#6599 =( NAMED_UNIT ( * ) PLANE_ANGLE_UNIT ( ) SI_UNIT ( $, .RADIAN. ) );
#6600 = EDGE_LOOP ( 'NONE', ( #6361, #2311, #147, #1755 ) ) ;
#6601 = SURFACE_SIDE_STYLE ('',( #4812 ) ) ;
#6602 = VECTOR ( 'NONE', #4820, 1000.000000000000000 ) ;
#6603 = CARTESIAN_POINT ( 'NONE',  ( 0.0000000000000000000, -0.4200000000000000400, -0.4199999999999999845 ) ) ;
#6604 = EDGE_CURVE ( 'NONE', #2852, #6589, #4673, .T. ) ;
#6605 = VERTEX_POINT ( 'NONE', #2271 ) ;
#6606 =( NAMED_UNIT ( * ) PLANE_ANGLE_UNIT ( ) SI_UNIT ( $, .RADIAN. ) );
#6607 = LINE ( 'NONE', #935, #2758 ) ;
#6608 = ORIENTED_EDGE ( 'NONE', *, *, #4537, .F. ) ;
#6609 = SURFACE_STYLE_USAGE ( .BOTH. , #1910 ) ;
#6610 = SURFACE_STYLE_FILL_AREA ( #2859 ) ;
#6611 = CIRCLE ( 'NONE', #3913, 0.2299999999999999545 ) ;
#6612 = CARTESIAN_POINT ( 'NONE',  ( -0.9999000000000002331, -0.4200000000000000400, -0.4500000000000000111 ) ) ;
#6613 =( GEOMETRIC_REPRESENTATION_CONTEXT ( 3 ) GLOBAL_UNCERTAINTY_ASSIGNED_CONTEXT ( ( #5941 ) ) GLOBAL_UNIT_ASSIGNED_CONTEXT ( ( #433, #5115, #5613 ) ) REPRESENTATION_CONTEXT ( 'NONE', 'WORKASPACE' ) );
#6614 = EDGE_CURVE ( 'NONE', #5110, #3100, #2913, .T. ) ;
#6615 =( LENGTH_UNIT ( ) NAMED_UNIT ( * ) SI_UNIT ( .MILLI., .METRE. ) );
#6616 = ADVANCED_FACE ( 'NONE', ( #159 ), #3900, .F. ) ;
#6617 = CARTESIAN_POINT ( 'NONE',  ( 1.000000000000000222, 0.2299999999999999545, -0.4500000000000000111 ) ) ;
#6618 = PRESENTATION_LAYER_ASSIGNMENT (  '', '', ( #941 ) ) ;
#6619 = CARTESIAN_POINT ( 'NONE',  ( -0.9999000000000002331, 0.8799999999999998934, -0.4500000000000000111 ) ) ;
#6620 = LINE ( 'NONE', #374, #239 ) ;
#6621 = ORIENTED_EDGE ( 'NONE', *, *, #4478, .T. ) ;
#6622 = DIRECTION ( 'NONE',  ( -0.0000000000000000000, 1.000000000000000000, -0.0000000000000000000 ) ) ;
#6623 = DIRECTION ( 'NONE',  ( -0.0000000000000000000, -0.0000000000000000000, -1.000000000000000000 ) ) ;
#6624 = LINE ( 'NONE', #5460, #2598 ) ;
#6625 = AXIS2_PLACEMENT_3D ( 'NONE', #1869, #2368, #6024 ) ;
#6626 = CARTESIAN_POINT ( 'NONE',  ( 3.217533512336763874E-16, -0.8499999999999997558, -0.4199999999999999845 ) ) ;
#6627 = ORIENTED_EDGE ( 'NONE', *, *, #6057, .T. ) ;
#6628 =( LENGTH_UNIT ( ) NAMED_UNIT ( * ) SI_UNIT ( .MILLI., .METRE. ) );
#6629 = CARTESIAN_POINT ( 'NONE',  ( -0.9998000000000003551, -0.9998000000000001330, 2.137469317664817847 ) ) ;
#6630 = DIRECTION ( 'NONE',  ( 0.0000000000000000000, 0.0000000000000000000, -1.000000000000000000 ) ) ;
#6631 = EDGE_CURVE ( 'NONE', #2061, #513, #860, .T. ) ;
#6632 = SURFACE_SIDE_STYLE ('',( #5548 ) ) ;
#6633 = CARTESIAN_POINT ( 'NONE',  ( -0.9999999999999981126, 0.6500000000000000222, -0.4500000000000000111 ) ) ;
#6634 = CARTESIAN_POINT ( 'NONE',  ( -0.7500000000000002220, -0.8499999999999999778, -0.08000000000000020983 ) ) ;
#6635 = AXIS2_PLACEMENT_3D ( 'NONE', #990, #7, #6320 ) ;
#6636 = CARTESIAN_POINT ( 'NONE',  ( -0.9999999999999981126, 0.6500000000000000222, -0.08000000000000001554 ) ) ;
#6637 = LINE ( 'NONE', #3586, #1221 ) ;
#6638 = DIRECTION ( 'NONE',  ( 1.000000000000000000, 2.839000157944204375E-16, 0.0000000000000000000 ) ) ;
#6639 = AXIS2_PLACEMENT_3D ( 'NONE', #4057, #1928, #1039 ) ;
#6640 = ADVANCED_FACE ( 'NONE', ( #1352 ), #203, .F. ) ;
#6641 = SURFACE_STYLE_USAGE ( .BOTH. , #4058 ) ;
#6642 = EDGE_CURVE ( 'NONE', #5445, #1646, #3813, .T. ) ;
#6643 = COLOUR_RGB ( '',0.6470588235294117974, 0.5176470588235293491, 0.0000000000000000000 ) ;
#6644 = CARTESIAN_POINT ( 'NONE',  ( -0.5999999999999847677, -0.8499999999999999778, -0.4199999999999999845 ) ) ;
#6645 = FILL_AREA_STYLE ('',( #6175 ) ) ;
#6646 = LINE ( 'NONE', #1077, #3122 ) ;
#6648 = AXIS2_PLACEMENT_3D ( 'NONE', #114, #5218, #643 ) ;
#6647 =( LENGTH_UNIT ( ) NAMED_UNIT ( * ) SI_UNIT ( .MILLI., .METRE. ) );
#6649 = DIRECTION ( 'NONE',  ( 0.0000000000000000000, -0.0000000000000000000, 1.000000000000000000 ) ) ;
#6650 = CARTESIAN_POINT ( 'NONE',  ( -0.7499999999999997780, -0.9499999999999999556, -0.08000000000000001554 ) ) ;
#6651 = FILL_AREA_STYLE ('',( #3825 ) ) ;
#6652 = SURFACE_STYLE_FILL_AREA ( #3871 ) ;
#6653 = STYLED_ITEM ( 'NONE', ( #2898 ), #3460 ) ;
#6654 = ORIENTED_EDGE ( 'NONE', *, *, #4219, .T. ) ;
#6655 = ORIENTED_EDGE ( 'NONE', *, *, #5447, .T. ) ;
#6656 =( NAMED_UNIT ( * ) PLANE_ANGLE_UNIT ( ) SI_UNIT ( $, .RADIAN. ) );
#6657 = MECHANICAL_DESIGN_GEOMETRIC_PRESENTATION_REPRESENTATION (  '', ( #3009 ), #981 ) ;
#6658 = PRESENTATION_STYLE_ASSIGNMENT (( #853 ) ) ;
#6659 = ORIENTED_EDGE ( 'NONE', *, *, #161, .F. ) ;
#6660 = CARTESIAN_POINT ( 'NONE',  ( -0.5999999999999847677, -0.8499999999999999778, -0.4500000000000000111 ) ) ;
#6661 = CIRCLE ( 'NONE', #5543, 0.2299999999999999545 ) ;
#6662 = ORIENTED_EDGE ( 'NONE', *, *, #3993, .T. ) ;
#6663 = UNCERTAINTY_MEASURE_WITH_UNIT (LENGTH_MEASURE( 1.000000000000000082E-05 ), #354, 'distance_accuracy_value', 'NONE');
#6664 = CARTESIAN_POINT ( 'NONE',  ( 0.7500000000000002220, 0.8500000000000000888, -0.08000000000000001554 ) ) ;
#6665 = VECTOR ( 'NONE', #3608, 1000.000000000000000 ) ;
#6666 = VERTEX_POINT ( 'NONE', #2816 ) ;
#6667 = ORIENTED_EDGE ( 'NONE', *, *, #1518, .T. ) ;
#6668 = FILL_AREA_STYLE_COLOUR ( '', #2070 ) ;
#6669 = DIRECTION ( 'NONE',  ( 0.0000000000000000000, -0.0000000000000000000, 1.000000000000000000 ) ) ;
#6670 = CARTESIAN_POINT ( 'NONE',  ( 0.9999000000000002331, -0.4500000000000000111, -0.04499999999999995670 ) ) ;
#6671 = VECTOR ( 'NONE', #6153, 1000.000000000000000 ) ;
#6672 = STYLED_ITEM ( 'NONE', ( #5173 ), #5747 ) ;
#6673 = CARTESIAN_POINT ( 'NONE',  ( 0.9999000000000002331, -0.8799999999999998934, -0.4500000000000000111 ) ) ;
#6674 = EDGE_LOOP ( 'NONE', ( #1904, #4348, #5038, #5952 ) ) ;
#6675 = ORIENTED_EDGE ( 'NONE', *, *, #6642, .F. ) ;
#6676 = ORIENTED_EDGE ( 'NONE', *, *, #256, .T. ) ;
#6677 = DIRECTION ( 'NONE',  ( -0.0000000000000000000, -0.0000000000000000000, 1.000000000000000000 ) ) ;
#6678 = VECTOR ( 'NONE', #3883, 1000.000000000000000 ) ;
#6679 = DIRECTION ( 'NONE',  ( -0.0000000000000000000, -0.0000000000000000000, 1.000000000000000000 ) ) ;
#6680 = CARTESIAN_POINT ( 'NONE',  ( -0.7500000000000002220, -0.1999999999999999833, -0.08000000000000001554 ) ) ;
#6681 = EDGE_LOOP ( 'NONE', ( #3796, #2363, #440, #5319 ) ) ;
#6682 = ORIENTED_EDGE ( 'NONE', *, *, #194, .T. ) ;
#6683 = LINE ( 'NONE', #3161, #303 ) ;
#6684 = ADVANCED_FACE ( 'NONE', ( #5416 ), #6400, .T. ) ;
#6685 = EDGE_CURVE ( 'NONE', #1351, #5034, #6308, .T. ) ;
#6686 = ORIENTED_EDGE ( 'NONE', *, *, #4128, .F. ) ;
#6687 = CARTESIAN_POINT ( 'NONE',  ( 0.0000000000000000000, 0.0000000000000000000, -0.04499999999999995670 ) ) ;
#6688 = MECHANICAL_DESIGN_GEOMETRIC_PRESENTATION_REPRESENTATION (  '', ( #1482 ), #3330 ) ;
#6689 = AXIS2_PLACEMENT_3D ( 'NONE', #6591, #4012, #3526 ) ;
#6690 = ORIENTED_EDGE ( 'NONE', *, *, #1184, .T. ) ;
#6691 = SURFACE_SIDE_STYLE ('',( #1469 ) ) ;
#6692 = DIRECTION ( 'NONE',  ( 0.0000000000000000000, -0.0000000000000000000, -1.000000000000000000 ) ) ;
#6693 = DIRECTION ( 'NONE',  ( -1.000000000000000000, 0.0000000000000000000, 0.0000000000000000000 ) ) ;
#6694 = COLOUR_RGB ( '',0.6470588235294117974, 0.5176470588235293491, 0.0000000000000000000 ) ;
#6695 = FILL_AREA_STYLE_COLOUR ( '', #4480 ) ;
#6696 = EDGE_CURVE ( 'NONE', #5154, #908, #6452, .T. ) ;
#6697 =( NAMED_UNIT ( * ) SI_UNIT ( $, .STERADIAN. ) SOLID_ANGLE_UNIT ( ) );
#6698 = STYLED_ITEM ( 'NONE', ( #262 ), #1461 ) ;
#6699 = COLOUR_RGB ( '',0.6470588235294117974, 0.5176470588235293491, 0.0000000000000000000 ) ;
#6700 = AXIS2_PLACEMENT_3D ( 'NONE', #4003, #852, #804 ) ;
#6701 = DIRECTION ( 'NONE',  ( 0.0000000000000000000, 0.0000000000000000000, -1.000000000000000000 ) ) ;
#6702 = MECHANICAL_DESIGN_GEOMETRIC_PRESENTATION_REPRESENTATION (  '', ( #4765 ), #2562 ) ;
#6703 = FILL_AREA_STYLE ('',( #442 ) ) ;
#6704 = SURFACE_STYLE_FILL_AREA ( #6299 ) ;
#6705 = LINE ( 'NONE', #1911, #2592 ) ;
ENDSEC;
END-ISO-10303-21;
